Date Local;Arithmetic Mean
2006-01-01;18
2006-01-02;19
2006-01-03;23
2006-01-04;24
2006-01-05;19
2006-01-06;13
2006-01-07;14
2006-01-08;11
2006-01-09;17
2006-01-10;21
2006-01-11;22
2006-01-12;24
2006-01-13;24
2006-01-14;23
2006-01-15;13
2006-01-16;26
2006-01-17;36
2006-01-18;22
2006-01-19;22
2006-01-20;28
2006-01-21;28
2006-01-22;25
2006-01-23;29
2006-01-24;30
2006-01-25;31
2006-01-26;28
2006-01-27;22
2006-01-28;25
2006-01-29;25
2006-01-30;26
2006-01-31;33
2006-02-01;26
2006-02-02;22
2006-02-03;22
2006-02-04;20
2006-02-05;18
2006-02-06;19
2006-02-07;17
2006-02-08;20
2006-02-09;24
2006-02-10;28
2006-02-11;16
2006-02-12;19
2006-02-13;25
2006-02-14;32
2006-02-15;23
2006-02-16;24
2006-02-17;22
2006-02-18;18
2006-02-19;13
2006-02-20;17
2006-02-21;22
2006-02-22;20
2006-02-23;18
2006-02-24;17
2006-02-25;13
2006-02-26;13
2006-02-27;23
2006-02-28;28
2006-03-01;22
2006-03-02;25
2006-03-03;28
2006-03-04;23
2006-03-05;19
2006-03-06;21
2006-03-07;19
2006-03-08;21
2006-03-09;23
2006-03-10;25
2006-03-11;26
2006-03-12;21
2006-03-13;21
2006-03-14;17
2006-03-15;24
2006-03-16;40
2006-03-17;23
2006-03-18;17
2006-03-19;13
2006-03-20;13
2006-03-21;15
2006-03-22;24
2006-03-23;38
2006-03-24;39
2006-03-25;26
2006-03-26;17
2006-03-29;54
2006-03-30;40
2006-03-31;24
2006-04-01;13
2006-04-02;12
2006-04-03;18
2006-04-04;21
2006-04-05;20
2006-04-06;17
2006-04-07;18
2006-04-08;18
2006-04-09;14
2006-04-10;22
2006-04-11;26
2006-04-12;19
2006-04-13;18
2006-04-14;15
2006-04-15;10
2006-04-16;9
2006-04-17;11
2006-04-18;13
2006-04-19;16
2006-04-20;15
2006-04-21;12
2006-04-22;9
2006-04-23;9
2006-04-24;8
2006-04-25;7
2006-04-26;9
2006-04-27;16
2006-04-28;18
2006-04-29;21
2006-04-30;17
2006-05-01;19
2006-05-02;20
2006-05-03;13
2006-05-04;15
2006-05-05;16
2006-05-06;18
2006-05-07;21
2006-05-08;27
2006-05-09;23
2006-05-10;18
2006-05-11;21
2006-05-12;21
2006-05-13;18
2006-05-14;16
2006-05-15;31
2006-05-16;27
2006-05-17;30
2006-05-18;30
2006-05-19;46
2006-05-20;32
2006-05-21;16
2006-05-22;34
2006-05-23;47
2006-05-24;44
2006-05-26;19
2006-05-27;16
2006-05-28;16
2006-05-29;33
2006-05-30;24
2006-05-31;25
2006-06-01;30
2006-06-02;27
2006-06-03;48
2006-06-04;34
2006-06-05;79
2006-06-06;75
2006-06-07;99
2006-06-08;35
2006-06-15;34
2006-06-16;21
2006-06-17;25
2006-06-18;17
2006-06-19;40
2006-06-20;30
2006-06-21;40
2006-06-22;33
2006-06-23;48
2006-06-24;53
2006-06-25;85
2006-06-26;57
2006-06-27;43
2006-07-08;16
2006-07-09;22
2006-07-10;45
2006-07-11;43
2006-07-12;21
2006-07-13;25
2006-07-14;47
2006-07-15;63
2006-07-16;68
2006-07-17;28
2006-07-18;22
2006-07-19;27
2006-07-20;50
2006-07-21;26
2006-07-22;19
2006-07-23;27
2006-07-24;39
2006-07-25;25
2006-07-26;25
2006-07-27;52
2006-07-28;82
2006-07-29;42
2006-07-30;15
2006-07-31;53
2006-08-01;45
2006-08-02;25
2006-08-03;20
2006-08-04;29
2006-08-05;27
2006-08-06;25
2006-08-08;46
2006-08-09;47
2006-08-10;49
2006-08-11;48
2006-08-12;50
2006-08-13;25
2006-08-14;30
2006-08-15;13
2006-08-16;23
2006-08-17;23
2006-08-18;25
2006-08-19;17
2006-08-20;17
2006-08-22;28
2006-08-23;94
2006-08-24;120
2006-08-25;42
2006-08-26;16
2006-08-27;16
2006-08-28;23
2006-08-29;23
2006-08-30;28
2006-08-31;25
2006-09-01;19
2006-09-02;42
2006-09-03;28
2006-09-04;33
2006-09-05;41
2006-09-06;32
2006-09-07;38
2006-09-08;41
2006-09-09;40
2006-09-10;43
2006-09-11;32
2006-09-12;24
2006-09-13;28
2006-09-14;32
2006-09-15;44
2006-09-16;84
2006-09-17;83
2006-09-18;54
2006-09-19;27
2006-09-20;19
2006-09-21;19
2006-09-22;23
2006-09-23;21
2006-09-24;22
2006-09-25;27
2006-09-26;37
2006-09-27;23
2006-09-28;30
2006-09-29;24
2006-09-30;38
2006-10-01;32
2006-10-02;18
2006-10-03;22
2006-10-04;25
2006-10-05;25
2006-10-06;34
2006-10-07;36
2006-10-08;45
2006-10-09;38
2006-10-10;32
2006-10-11;26
2006-10-12;19
2006-10-13;17
2006-10-14;20
2006-10-15;10
2006-10-16;17
2006-10-17;22
2006-10-18;18
2006-10-19;18
2006-10-20;25
2006-10-21;15
2006-10-22;13
2006-10-23;27
2006-10-24;25
2006-10-25;20
2006-10-26;22
2006-10-27;21
2006-10-28;24
2006-10-29;29
2006-10-30;26
2006-10-31;29
2006-11-01;17
2006-11-02;20
2006-11-03;20
2006-11-05;15
2006-11-06;22
2006-11-07;26
2006-11-08;21
2006-11-09;28
2006-11-10;25
2006-11-14;14
2006-11-15;19
2006-11-16;24
2006-11-17;19
2006-11-18;18
2006-11-19;16
2006-11-20;28
2006-11-21;29
2006-11-22;31
2006-11-23;17
2006-11-24;18
2006-11-25;20
2006-11-26;23
2006-11-27;19
2006-11-28;17
2006-11-29;22
2006-11-30;34
2006-12-01;24
2006-12-02;27
2006-12-03;25
2006-12-04;20
2006-12-05;26
2006-12-06;22
2006-12-07;31
2006-12-08;39
2006-12-10;31
2006-12-11;30
2006-12-12;25
2006-12-13;23
2006-12-14;27
2006-12-15;28
2006-12-16;23
2006-12-17;17
2006-12-18;21
2006-12-19;21
2006-12-20;30
2006-12-21;22
2006-12-22;17
2006-12-23;20
2006-12-24;17
2006-12-25;17
2006-12-26;19
2006-12-27;29
2006-12-28;22
2006-12-29;18
2006-12-30;21
2006-12-31;16
2007-01-01;21
2007-01-02;23
2007-01-03;22
2007-01-04;20
2007-01-05;17
2007-01-06;18
2007-01-07;21
2007-01-08;16
2007-01-09;20
2007-01-10;34
2007-01-11;36
2007-01-12;22
2007-01-13;19
2007-01-14;18
2007-01-15;19
2007-01-16;30
2007-01-17;23
2007-01-18;20
2007-01-19;17
2007-01-20;14
2007-01-21;13
2007-01-22;23
2007-01-23;32
2007-01-24;31
2007-01-25;24
2007-01-26;23
2007-01-27;19
2007-01-28;16
2007-01-29;27
2007-01-30;22
2007-01-31;23
2007-02-01;26
2007-02-02;22
2007-02-03;18
2007-02-04;17
2007-02-05;20
2007-02-06;14
2007-02-07;21
2007-02-08;21
2007-02-09;20
2007-02-10;26
2007-02-11;19
2007-02-12;24
2007-02-13;22
2007-02-14;32
2007-02-15;25
2007-02-16;22
2007-02-17;25
2007-02-18;14
2007-02-19;25
2007-02-20;21
2007-02-21;17
2007-02-22;24
2007-02-23;24
2007-02-24;17
2007-02-25;20
2007-02-26;36
2007-02-27;35
2007-02-28;36
2007-03-01;30
2007-03-02;25
2007-03-03;22
2007-03-04;23
2007-03-05;23
2007-03-06;28
2007-03-07;41
2007-03-08;63
2007-03-09;69
2007-03-10;55
2007-03-11;44
2007-03-12;34
2007-03-13;19
2007-03-14;19
2007-03-15;24
2007-03-16;20
2007-03-17;55
2007-03-18;72
2007-03-19;25
2007-03-20;30
2007-03-21;25
2007-03-22;19
2007-03-23;26
2007-03-24;24
2007-03-25;20
2007-03-26;23
2007-03-27;17
2007-03-28;18
2007-03-29;16
2007-03-30;16
2007-03-31;29
2007-04-01;20
2007-04-02;19
2007-04-03;18
2007-04-04;17
2007-04-05;18
2007-04-06;14
2007-04-07;16
2007-04-08;19
2007-04-09;20
2007-04-10;24
2007-04-11;18
2007-04-12;28
2007-04-13;23
2007-04-14;19
2007-04-15;13
2007-04-16;18
2007-04-17;20
2007-04-18;19
2007-04-19;36
2007-04-20;46
2007-04-21;20
2007-04-22;16
2007-04-23;11
2007-04-24;14
2007-04-25;21
2007-04-26;18
2007-04-27;17
2007-04-28;19
2007-04-29;18
2007-04-30;18
2007-05-01;20
2007-05-02;22
2007-05-03;22
2007-05-04;22
2007-05-05;22
2007-05-06;20
2007-05-07;22
2007-05-08;25
2007-05-09;24
2007-05-10;19
2007-05-11;14
2007-05-12;21
2007-05-13;38
2007-05-14;54
2007-05-15;74
2007-05-16;197
2007-05-17;59
2007-05-18;107
2007-05-19;86
2007-05-20;52
2007-05-21;37
2007-05-23;24
2007-05-24;22
2007-05-25;56
2007-05-26;27
2007-05-27;27
2007-05-28;16
2007-05-29;19
2007-05-30;19
2007-05-31;18
2007-06-01;20
2007-06-02;41
2007-06-03;55
2007-06-04;44
2007-06-05;47
2007-06-06;49
2007-06-07;29
2007-06-08;22
2007-06-09;18
2007-06-10;18
2007-06-11;20
2007-06-12;20
2007-06-13;25
2007-06-14;48
2007-06-15;64
2007-06-16;66
2007-06-17;44
2007-06-18;27
2007-06-19;29
2007-06-23;66
2007-06-24;25
2007-06-25;30
2007-06-28;19
2007-06-29;36
2007-07-01;72
2007-07-02;80
2007-07-03;79
2007-07-04;22
2007-07-05;39
2007-07-06;36
2007-07-07;20
2007-07-08;27
2007-07-09;48
2007-07-10;47
2007-07-11;26
2007-07-12;38
2007-07-13;53
2007-07-14;21
2007-07-15;20
2007-07-16;23
2007-07-17;35
2007-07-18;44
2007-07-19;26
2007-07-20;19
2007-07-21;63
2007-07-22;39
2007-07-23;47
2007-07-24;54
2007-07-25;42
2007-07-26;75
2007-07-27;76
2007-07-28;73
2007-07-29;40
2007-07-30;26
2007-07-31;29
2007-08-01;35
2007-08-02;35
2007-08-03;59
2007-08-04;57
2007-08-05;43
2007-08-06;27
2007-08-07;23
2007-08-08;38
2007-08-09;49
2007-08-10;35
2007-08-11;54
2007-08-12;64
2007-08-13;42
2007-08-14;25
2007-08-15;22
2007-08-16;29
2007-08-17;60
2007-08-18;21
2007-08-19;28
2007-08-20;27
2007-08-21;30
2007-08-22;18
2007-08-23;24
2007-08-24;17
2007-08-25;17
2007-08-26;15
2007-08-27;17
2007-08-28;27
2007-08-29;20
2007-08-30;19
2007-08-31;31
2007-09-01;23
2007-09-02;26
2007-09-03;17
2007-09-04;21
2007-09-05;21
2007-09-06;28
2007-09-07;32
2007-09-08;19
2007-09-09;17
2007-09-10;20
2007-09-11;27
2007-09-12;42
2007-09-13;18
2007-09-14;22
2007-09-15;17
2007-09-16;16
2007-09-17;21
2007-09-18;17
2007-09-19;20
2007-09-20;29
2007-09-21;33
2007-09-22;19
2007-09-23;15
2007-09-24;18
2007-09-25;33
2007-09-26;20
2007-09-27;26
2007-09-28;25
2007-09-29;34
2007-09-30;23
2007-10-01;17
2007-10-02;19
2007-10-03;23
2007-10-04;20
2007-10-05;22
2007-10-06;22
2007-10-07;16
2007-10-10;14
2007-10-11;17
2007-10-12;42
2007-10-13;33
2007-10-14;20
2007-10-15;37
2007-10-16;26
2007-10-17;25
2007-10-18;25
2007-10-19;18
2007-10-20;16
2007-10-21;13
2007-10-22;16
2007-10-23;16
2007-10-24;13
2007-10-25;13
2007-10-26;14
2007-10-27;8
2007-10-28;7
2007-10-29;20
2007-10-30;21
2007-10-31;58
2007-11-01;44
2007-11-02;22
2007-11-03;17
2007-11-04;14
2007-11-05;18
2007-11-06;18
2007-11-07;21
2007-11-08;22
2007-11-09;20
2007-11-10;18
2007-11-11;10
2007-11-12;16
2007-11-13;14
2007-11-14;39
2007-11-15;40
2007-11-16;29
2007-11-17;37
2007-11-18;30
2007-11-19;14
2007-11-20;12
2007-11-21;14
2007-11-22;16
2007-11-23;20
2007-11-24;17
2007-11-25;20
2007-11-26;22
2007-11-27;27
2007-11-28;24
2007-11-29;21
2007-11-30;23
2007-12-01;18
2007-12-02;22
2007-12-03;22
2007-12-04;25
2007-12-05;25
2007-12-06;27
2007-12-07;22
2007-12-08;21
2007-12-09;22
2007-12-10;23
2007-12-12;24
2007-12-13;22
2007-12-14;17
2007-12-15;18
2007-12-16;18
2007-12-17;23
2007-12-18;25
2007-12-19;22
2007-12-20;23
2007-12-21;23
2007-12-22;21
2007-12-23;14
2007-12-24;15
2007-12-25;15
2007-12-26;20
2007-12-27;24
2007-12-28;19
2007-12-29;20
2007-12-30;16
2007-12-31;29
2008-01-01;22
2008-01-02;20
2008-01-03;16
2008-01-04;14
2008-01-05;17
2008-01-06;13
2008-01-07;13
2008-01-08;11
2008-01-09;14
2008-01-10;11
2008-01-11;17
2008-01-12;13
2008-01-13;10
2008-01-14;12
2008-01-15;14
2008-01-16;14
2008-01-17;17
2008-01-18;18
2008-01-19;18
2008-01-20;13
2008-01-21;13
2008-01-22;24
2008-01-23;22
2008-01-24;27
2008-01-25;20
2008-01-26;14
2008-01-27;13
2008-01-28;19
2008-01-29;15
2008-01-30;14
2008-01-31;14
2008-02-01;14
2008-02-02;18
2008-02-03;35
2008-02-04;37
2008-02-05;25
2008-02-06;16
2008-02-07;22
2008-02-08;25
2008-02-09;23
2008-02-10;17
2008-02-11;24
2008-02-12;23
2008-02-13;28
2008-02-14;26
2008-02-15;28
2008-02-16;20
2008-02-17;10
2008-02-18;21
2008-02-19;21
2008-02-20;23
2008-02-21;16
2008-02-22;20
2008-02-23;20
2008-02-24;16
2008-02-25;16
2008-02-26;20
2008-02-27;24
2008-02-28;19
2008-02-29;21
2008-03-01;21
2008-03-02;19
2008-03-03;17
2008-03-04;25
2008-03-05;19
2008-03-06;20
2008-03-07;23
2008-03-08;23
2008-03-09;19
2008-03-10;18
2008-03-11;19
2008-03-12;21
2008-03-13;21
2008-03-14;21
2008-03-15;13
2008-03-16;13
2008-03-17;12
2008-03-18;22
2008-03-19;23
2008-03-20;25
2008-03-21;18
2008-03-22;16
2008-03-23;14
2008-03-24;23
2008-03-25;22
2008-03-26;21
2008-03-27;24
2008-03-28;24
2008-03-29;19
2008-03-30;19
2008-03-31;22
2008-04-01;24
2008-04-02;24
2008-04-03;25
2008-04-04;31
2008-04-05;24
2008-04-06;15
2008-04-07;21
2008-04-08;22
2008-04-09;22
2008-04-10;19
2008-04-11;16
2008-04-12;16
2008-04-13;18
2008-04-14;20
2008-04-15;20
2008-04-16;19
2008-04-17;23
2008-04-18;25
2008-04-19;18
2008-04-20;19
2008-04-21;19
2008-04-22;28
2008-04-23;45
2008-04-24;42
2008-04-25;36
2008-04-26;21
2008-04-27;18
2008-04-28;35
2008-04-29;36
2008-04-30;33
2008-05-01;21
2008-05-02;20
2008-05-03;17
2008-05-04;22
2008-05-05;24
2008-05-06;29
2008-05-07;66
2008-05-08;102
2008-05-09;100
2008-05-10;77
2008-05-11;33
2008-05-12;33
2008-05-13;28
2008-05-14;26
2008-05-15;29
2008-05-16;25
2008-05-17;26
2008-05-18;21
2008-05-19;32
2008-05-20;23
2008-05-21;24
2008-05-22;24
2008-05-23;20
2008-05-24;27
2008-05-25;28
2008-05-26;18
2008-05-27;33
2008-05-28;26
2008-05-29;39
2008-05-30;25
2008-05-31;20
2008-06-01;18
2008-06-02;25
2008-06-03;26
2008-06-04;26
2008-06-05;18
2008-06-06;19
2008-06-07;19
2008-06-08;22
2008-06-09;20
2008-06-10;12
2008-06-11;13
2008-06-12;27
2008-06-13;42
2008-06-14;21
2008-06-15;48
2008-06-16;69
2008-06-17;46
2008-06-18;33
2008-06-19;48
2008-06-20;47
2008-06-21;51
2008-06-22;28
2008-06-23;43
2008-06-24;49
2008-06-25;41
2008-06-26;22
2008-06-27;27
2008-06-28;44
2008-06-29;44
2008-06-30;39
2008-07-01;19
2008-07-02;23
2008-07-03;37
2008-07-04;21
2008-07-05;15
2008-07-06;45
2008-07-07;31
2008-07-08;36
2008-07-09;28
2008-07-10;19
2008-07-11;40
2008-07-12;52
2008-07-13;28
2008-07-14;29
2008-07-15;47
2008-07-16;43
2008-07-17;81
2008-07-18;20
2008-07-19;29
2008-07-20;38
2008-07-21;42
2008-07-22;33
2008-07-23;22
2008-07-24;21
2008-07-25;20
2008-07-26;22
2008-07-27;23
2008-07-28;22
2008-07-29;25
2008-08-05;25
2008-08-06;56
2008-08-07;41
2008-08-08;28
2008-08-09;23
2008-08-10;34
2008-08-11;63
2008-08-12;49
2008-08-13;29
2008-08-14;35
2008-08-15;12
2008-08-16;66
2008-08-17;50
2008-08-18;36
2008-08-19;27
2008-08-20;16
2008-08-21;35
2008-08-29;14
2008-08-30;17
2008-08-31;15
2008-09-01;23
2008-09-02;16
2008-09-03;16
2008-09-04;14
2008-09-05;20
2008-09-06;18
2008-09-07;42
2008-09-08;28
2008-09-09;15
2008-09-10;15
2008-09-11;20
2008-09-12;17
2008-09-13;18
2008-09-14;18
2008-09-15;24
2008-09-16;20
2008-09-17;24
2008-09-18;22
2008-09-19;18
2008-09-20;17
2008-09-21;7
2008-09-22;12
2008-09-23;12
2008-09-24;16
2008-09-25;18
2008-09-26;19
2008-09-27;16
2008-09-28;16
2008-09-29;22
2008-09-30;22
2008-10-01;23
2008-10-02;15
2008-10-03;18
2008-10-04;18
2008-10-05;15
2008-10-06;15
2008-10-07;19
2008-10-08;19
2008-10-09;15
2008-10-10;13
2008-10-11;14
2008-10-12;12
2008-10-13;10
2008-10-14;16
2008-10-15;14
2008-10-16;16
2008-10-17;21
2008-10-18;19
2008-10-19;15
2008-10-20;28
2008-10-21;49
2008-10-22;47
2008-10-23;34
2008-10-24;16
2008-10-25;17
2008-10-26;13
2008-10-27;18
2008-10-28;16
2008-10-29;18
2008-10-30;20
2008-10-31;17
2008-11-01;16
2008-11-02;15
2008-11-03;18
2008-11-04;13
2008-11-05;19
2008-11-06;24
2008-11-07;20
2008-11-08;14
2008-11-09;13
2008-11-10;17
2008-11-11;15
2008-11-12;14
2008-11-13;17
2008-11-14;22
2008-11-15;33
2008-11-16;19
2008-11-17;18
2008-11-18;18
2008-11-19;17
2008-11-20;13
2008-11-21;19
2008-11-22;14
2008-11-23;18
2008-11-24;21
2008-11-25;21
2008-11-26;19
2008-11-27;15
2008-11-28;12
2008-11-29;11
2008-11-30;13
2008-12-01;25
2008-12-02;22
2008-12-03;16
2008-12-04;17
2008-12-05;20
2008-12-06;16
2008-12-07;12
2008-12-08;13
2008-12-09;18
2008-12-10;20
2008-12-11;22
2008-12-12;26
2008-12-13;20
2008-12-14;15
2008-12-15;16
2008-12-16;18
2008-12-17;18
2008-12-18;21
2008-12-19;17
2008-12-20;11
2008-12-21;14
2008-12-22;21
2008-12-23;22
2008-12-24;22
2008-12-25;19
2008-12-26;22
2008-12-27;18
2008-12-28;18
2008-12-29;17
2008-12-30;17
2008-12-31;25
2009-01-01;38
2009-01-02;16
2009-01-03;20
2009-01-04;17
2009-01-05;18
2009-01-06;16
2009-01-07;19
2009-01-08;17
2009-01-09;20
2009-01-10;19
2009-01-11;16
2009-01-12;22
2009-01-13;20
2009-01-14;28
2009-01-15;22
2009-01-16;19
2009-01-17;10
2009-01-18;15
2009-01-19;22
2009-01-20;26
2009-01-21;16
2009-01-22;20
2009-01-23;21
2009-01-24;16
2009-01-25;16
2009-01-26;16
2009-01-27;16
2009-01-28;18
2009-01-29;22
2009-01-30;17
2009-01-31;17
2009-02-01;13
2009-02-02;20
2009-02-03;21
2009-02-04;26
2009-02-05;23
2009-02-06;17
2009-02-07;13
2009-02-08;12
2009-02-09;14
2009-02-10;16
2009-02-11;22
2009-02-12;27
2009-02-13;20
2009-02-14;17
2009-02-15;14
2009-02-16;17
2009-02-17;17
2009-02-18;23
2009-02-19;25
2009-02-20;23
2009-02-21;23
2009-02-22;23
2009-02-23;21
2009-02-24;25
2009-02-25;19
2009-02-26;23
2009-02-27;20
2009-02-28;14
2009-03-01;12
2009-03-02;16
2009-03-03;20
2009-03-04;17
2009-03-05;11
2009-03-06;23
2009-03-07;24
2009-03-08;23
2009-03-09;20
2009-03-10;22
2009-03-11;16
2009-03-12;19
2009-03-13;19
2009-03-14;21
2009-03-15;19
2009-03-16;20
2009-03-17;22
2009-03-18;23
2009-03-19;19
2009-03-20;20
2009-03-21;23
2009-03-22;15
2009-03-23;15
2009-03-24;15
2009-03-25;17
2009-03-26;21
2009-03-27;22
2009-03-28;20
2009-03-29;17
2009-03-30;19
2009-03-31;18
2009-04-01;15
2009-04-02;16
2009-04-03;16
2009-04-04;14
2009-04-05;10
2009-04-06;17
2009-04-07;17
2009-04-08;16
2009-04-09;17
2009-04-10;16
2009-04-11;15
2009-04-12;14
2009-04-13;16
2009-04-14;17
2009-04-15;18
2009-04-16;19
2009-04-17;22
2009-04-18;19
2009-04-19;12
2009-04-20;15
2009-04-21;17
2009-04-22;21
2009-04-23;15
2009-04-24;16
2009-04-25;14
2009-04-26;19
2009-04-27;21
2009-04-28;19
2009-04-29;20
2009-04-30;13
2009-05-01;13
2009-05-02;13
2009-05-03;12
2009-05-04;16
2009-05-05;16
2009-05-06;19
2009-05-07;21
2009-05-08;20
2009-05-09;23
2009-05-10;19
2009-05-11;15
2009-05-12;17
2009-05-13;19
2009-05-14;17
2009-05-15;15
2009-05-16;15
2009-05-17;18
2009-05-18;21
2009-05-19;36
2009-05-20;39
2009-05-21;25
2009-05-22;32
2009-05-23;32
2009-05-24;36
2009-05-25;31
2009-05-26;28
2009-05-27;46
2009-05-28;56
2009-05-29;30
2009-05-30;13
2009-05-31;10
2009-06-01;13
2009-06-02;19
2009-06-03;14
2009-06-04;18
2009-06-05;19
2009-06-06;17
2009-06-07;19
2009-06-08;33
2009-06-09;58
2009-06-10;39
2009-06-11;25
2009-06-12;19
2009-06-13;21
2009-06-14;30
2009-06-15;21
2009-06-16;20
2009-06-17;17
2009-06-18;19
2009-06-19;17
2009-06-20;11
2009-06-21;14
2009-06-22;16
2009-06-23;12
2009-06-24;17
2009-06-25;45
2009-06-26;125
2009-06-27;138
2009-06-28;100
2009-06-29;91
2009-06-30;39
2009-07-01;28
2009-07-02;42
2009-07-03;34
2009-07-04;49
2009-07-05;39
2009-07-06;44
2009-07-07;39
2009-07-08;21
2009-07-09;28
2009-07-10;39
2009-07-11;46
2009-07-12;19
2009-07-13;16
2009-07-14;41
2009-07-15;61
2009-07-16;35
2009-07-17;23
2009-07-18;25
2009-07-19;27
2009-07-20;49
2009-07-21;27
2009-07-22;31
2009-07-23;55
2009-07-24;56
2009-07-25;47
2009-07-26;21
2009-07-27;42
2009-07-28;82
2009-07-29;47
2009-07-30;27
2009-07-31;30
2009-08-01;23
2009-08-02;31
2009-08-03;30
2009-08-04;53
2009-08-05;46
2009-08-06;67
2009-08-07;77
2009-08-08;47
2009-08-09;20
2009-08-10;23
2009-08-11;36
2009-08-12;34
2009-08-13;34
2009-08-14;47
2009-08-15;31
2009-08-16;25
2009-08-17;17
2009-08-18;51
2009-08-19;34
2009-08-20;22
2009-08-21;29
2009-08-22;32
2009-08-23;36
2009-09-09;27
2009-09-10;30
2009-09-11;29
2009-09-12;21
2009-09-13;20
2009-09-14;27
2009-09-15;26
2009-09-19;15
2009-09-20;15
2009-09-21;20
2009-09-22;16
2009-09-23;17
2009-09-24;19
2009-09-25;16
2009-09-26;14
2009-09-27;16
2009-09-28;72
2009-09-29;58
2009-09-30;18
2009-10-01;15
2009-10-02;16
2009-10-03;21
2009-10-04;23
2009-10-05;32
2009-10-06;66
2009-10-07;55
2009-10-08;28
2009-10-09;17
2009-10-10;19
2009-10-11;26
2009-10-12;17
2009-10-13;19
2009-10-14;16
2009-10-15;16
2009-10-16;36
2009-10-17;20
2009-10-18;14
2009-10-19;17
2009-10-20;11
2009-10-21;13
2009-10-22;18
2009-10-23;22
2009-10-24;27
2009-10-25;16
2009-10-26;17
2009-10-27;20
2009-10-28;19
2009-10-29;17
2009-10-30;10
2009-10-31;11
2009-11-01;13
2009-11-02;18
2009-11-03;15
2009-11-04;14
2009-11-05;23
2009-11-06;25
2009-11-07;16
2009-11-08;13
2009-11-09;14
2009-11-10;16
2009-11-11;15
2009-11-12;17
2009-11-13;15
2009-11-14;21
2009-11-15;14
2009-11-16;12
2009-11-17;16
2009-11-18;18
2009-11-19;13
2009-11-20;18
2009-11-21;19
2009-11-22;18
2009-11-23;20
2009-11-24;14
2009-11-25;15
2009-11-26;14
2009-11-27;23
2009-11-28;31
2009-11-29;22
2009-11-30;22
2009-12-01;19
2009-12-02;18
2009-12-03;16
2009-12-04;18
2009-12-05;15
2009-12-06;15
2009-12-07;17
2009-12-08;22
2009-12-09;17
2009-12-10;17
2009-12-11;20
2009-12-12;17
2009-12-13;16
2009-12-14;22
2009-12-15;22
2009-12-16;16
2009-12-17;13
2009-12-18;18
2009-12-19;13
2009-12-20;14
2009-12-21;18
2009-12-22;27
2009-12-23;40
2009-12-24;20
2009-12-25;12
2009-12-26;14
2009-12-27;17
2009-12-28;38
2009-12-29;38
2009-12-30;20
2009-12-31;28
2010-01-01;26
2010-01-02;20
2010-01-03;17
2010-01-04;21
2010-01-05;21
2010-01-06;20
2010-01-07;11
2010-01-08;15
2010-01-09;22
2010-01-10;19
2010-01-11;18
2010-01-12;18
2010-01-13;17
2010-01-14;9
2010-01-15;11
2010-01-16;13
2010-01-17;10
2010-01-18;17
2010-01-19;17
2010-01-20;12
2010-01-21;22
2010-01-22;19
2010-01-23;22
2010-01-24;19
2010-01-25;25
2010-01-26;32
2010-01-27;22
2010-01-28;15
2010-01-29;16
2010-01-30;17
2010-01-31;15
2010-02-01;17
2010-02-02;16
2010-02-03;23
2010-02-04;26
2010-02-05;18
2010-02-06;16
2010-02-07;26
2010-02-08;18
2010-02-09;21
2010-02-10;39
2010-02-11;47
2010-02-12;27
2010-02-13;46
2010-02-14;27
2010-02-15;33
2010-02-16;21
2010-02-17;16
2010-02-18;19
2010-02-19;20
2010-02-20;21
2010-02-21;14
2010-02-22;17
2010-02-23;18
2010-02-24;18
2010-02-25;18
2010-02-26;18
2010-02-27;16
2010-02-28;33
2010-03-01;32
2010-03-02;20
2010-03-03;51
2010-03-04;44
2010-03-05;30
2010-03-06;7
2010-03-07;8
2010-03-08;13
2010-03-09;13
2010-03-10;13
2010-03-11;16
2010-03-12;22
2010-03-13;20
2010-03-14;24
2010-03-15;24
2010-03-16;27
2010-03-17;23
2010-03-18;38
2010-03-19;61
2010-03-20;45
2010-03-21;27
2010-03-22;32
2010-03-23;31
2010-03-24;29
2010-03-25;19
2010-03-26;18
2010-03-27;16
2010-03-28;13
2010-03-29;19
2010-03-30;18
2010-03-31;21
2010-04-01;22
2010-04-02;17
2010-04-03;20
2010-04-04;15
2010-04-05;14
2010-04-06;13
2010-04-07;16
2010-04-08;23
2010-04-09;23
2010-04-10;21
2010-04-11;20
2010-04-12;24
2010-04-13;14
2010-04-14;14
2010-04-15;12
2010-04-16;17
2010-04-17;20
2010-04-18;22
2010-04-19;18
2010-04-20;11
2010-04-21;18
2010-04-22;17
2010-04-23;15
2010-04-24;12
2010-04-25;21
2010-04-26;23
2010-04-27;73
2010-04-28;143
2010-04-29;139
2010-04-30;116
2010-05-01;81
2010-05-02;19
2010-05-03;19
2010-05-04;22
2010-05-05;23
2010-05-06;24
2010-05-07;18
2010-05-08;11
2010-05-09;15
2010-05-10;16
2010-05-11;15
2010-05-12;16
2010-05-13;19
2010-05-14;23
2010-05-15;20
2010-05-16;18
2010-05-17;17
2010-05-18;17
2010-05-19;26
2010-05-20;23
2010-05-21;22
2010-05-22;21
2010-05-23;20
2010-05-24;27
2010-05-25;44
2010-05-26;48
2010-05-27;25
2010-05-28;12
2010-05-29;15
2010-05-30;15
2010-05-31;16
2010-06-01;74
2010-06-02;77
2010-06-03;145
2010-06-04;149
2010-06-05;97
2010-06-06;37
2010-06-07;53
2010-06-08;47
2010-06-15;14
2010-06-16;21
2010-06-17;19
2010-06-18;21
2010-06-19;14
2010-06-20;11
2010-06-21;17
2010-06-22;31
2010-06-23;27
2010-06-24;35
2010-06-25;30
2010-06-26;15
2010-06-27;15
2010-06-28;18
2010-06-29;29
2010-06-30;18
2010-07-01;51
2010-07-02;72
2010-07-03;77
2010-07-04;33
2010-07-05;18
2010-07-06;43
2010-07-07;88
2010-07-08;41
2010-07-09;30
2010-07-10;31
2010-07-11;35
2010-07-12;22
2010-07-13;34
2010-07-14;41
2010-07-15;45
2010-07-16;17
2010-07-17;22
2010-07-18;33
2010-07-19;15
2010-07-20;11
2010-07-21;14
2010-07-22;18
2010-07-23;23
2010-07-24;29
2010-07-25;44
2010-07-26;23
2010-07-27;26
2010-07-28;18
2010-07-29;19
2010-07-30;38
2010-07-31;28
2010-08-01;17
2010-08-02;20
2010-08-03;21
2010-08-04;26
2010-08-05;27
2010-08-06;61
2010-08-07;29
2010-08-08;16
2010-08-09;19
2010-08-10;21
2010-08-11;18
2010-08-12;23
2010-08-13;24
2010-08-14;22
2010-08-15;24
2010-08-16;25
2010-08-17;24
2010-08-18;101
2010-08-19;97
2010-08-20;31
2010-08-21;15
2010-08-22;15
2010-08-23;22
2010-08-24;90
2010-08-25;27
2010-08-26;22
2010-08-27;30
2010-08-28;22
2010-08-29;17
2010-09-02;22
2010-09-03;60
2010-09-04;65
2010-09-05;22
2010-09-06;19
2010-09-07;20
2010-09-08;20
2010-09-09;18
2010-09-10;17
2010-09-11;14
2010-09-12;12
2010-09-13;16
2010-09-14;18
2010-09-15;11
2010-09-16;19
2010-09-17;28
2010-09-18;20
2010-09-19;25
2010-09-20;17
2010-09-21;76
2010-09-22;116
2010-09-23;59
2010-09-24;22
2010-09-25;17
2010-09-26;16
2010-09-27;16
2010-09-28;15
2010-09-29;17
2010-09-30;18
2010-10-01;18
2010-10-02;19
2010-10-03;13
2010-10-04;14
2010-10-05;16
2010-10-08;13
2010-10-09;19
2010-10-10;21
2010-10-11;21
2010-10-12;24
2010-10-13;26
2010-10-14;18
2010-10-15;15
2010-10-16;16
2010-10-17;11
2010-10-18;15
2010-10-19;16
2010-10-20;19
2010-10-21;18
2010-10-22;15
2010-10-23;14
2010-10-24;15
2010-10-25;20
2010-10-26;24
2010-10-27;19
2010-10-28;21
2010-10-29;24
2010-10-30;27
2010-10-31;33
2010-11-01;21
2010-11-02;15
2010-11-03;21
2010-11-04;37
2010-11-05;21
2010-11-06;13
2010-11-07;12
2010-11-08;16
2010-11-09;20
2010-11-10;18
2010-11-11;14
2010-11-12;14
2010-11-13;21
2010-11-14;20
2010-11-15;16
2010-11-16;12
2010-11-17;16
2010-11-18;16
2010-11-19;12
2010-11-20;15
2010-11-21;19
2010-11-22;16
2010-11-23;24
2010-11-24;25
2010-11-25;12
2010-11-26;13
2010-11-27;19
2010-11-28;16
2010-11-29;16
2010-11-30;14
2010-12-01;15
2010-12-02;15
2010-12-03;16
2010-12-04;12
2010-12-05;10
2010-12-06;15
2010-12-07;17
2010-12-08;11
2010-12-09;15
2010-12-10;21
2010-12-11;23
2010-12-12;20
2010-12-13;13
2010-12-14;14
2010-12-15;12
2010-12-16;17
2010-12-17;17
2010-12-18;18
2010-12-19;14
2010-12-20;19
2010-12-21;17
2010-12-22;18
2010-12-23;24
2010-12-24;18
2010-12-25;21
2010-12-26;19
2010-12-27;19
2010-12-28;16
2010-12-29;23
2010-12-30;21
2010-12-31;22
2011-01-01;19
2011-01-02;19
2011-01-03;16
2011-01-04;14
2011-01-05;14
2011-01-06;14
2011-01-07;15
2011-01-08;20
2011-01-09;18
2011-01-10;25
2011-01-11;23
2011-01-12;21
2011-01-13;25
2011-01-14;29
2011-01-15;22
2011-01-16;18
2011-01-17;20
2011-01-18;22
2011-01-19;24
2011-01-20;17
2011-01-21;18
2011-01-22;17
2011-01-23;16
2011-01-26;19
2011-01-27;20
2011-01-28;22
2011-01-29;17
2011-01-30;13
2011-01-31;18
2011-02-01;19
2011-02-02;14
2011-02-03;14
2011-02-04;17
2011-02-05;15
2011-02-06;19
2011-02-07;24
2011-02-08;25
2011-02-09;23
2011-02-10;21
2011-02-11;18
2011-02-12;20
2011-02-13;16
2011-02-14;18
2011-02-15;19
2011-02-16;22
2011-02-17;15
2011-02-18;15
2011-02-19;13
2011-02-20;11
2011-02-21;20
2011-02-22;31
2011-02-23;18
2011-02-24;16
2011-02-25;25
2011-02-26;20
2011-02-27;20
2011-02-28;24
2011-03-01;22
2011-03-02;16
2011-03-03;16
2011-03-04;14
2011-03-05;11
2011-03-06;12
2011-03-07;11
2011-03-08;10
2011-03-09;9
2011-03-10;11
2011-03-11;11
2011-03-12;9
2011-03-13;8
2011-03-14;10
2011-03-15;11
2011-03-16;10
2011-03-17;12
2011-03-18;8
2011-03-19;9
2011-03-20;13
2011-03-21;13
2011-03-22;17
2011-03-23;19
2011-03-24;22
2011-03-25;19
2011-03-26;16
2011-03-27;14
2011-03-28;17
2011-03-29;21
2011-03-30;23
2011-03-31;25
2011-04-01;19
2011-04-02;22
2011-04-03;21
2011-04-04;20
2011-04-05;16
2011-04-06;26
2011-04-07;19
2011-04-08;16
2011-04-09;17
2011-04-10;12
2011-04-11;11
2011-04-12;13
2011-04-13;13
2011-04-14;14
2011-04-15;12
2011-04-16;12
2011-04-17;11
2011-04-18;12
2011-04-19;12
2011-04-20;11
2011-04-21;13
2011-04-22;10
2011-04-23;12
2011-04-24;13
2011-04-25;20
2011-04-26;18
2011-04-27;23
2011-04-28;25
2011-04-29;25
2011-04-30;21
2011-05-01;13
2011-05-02;19
2011-05-03;15
2011-05-04;14
2011-05-05;16
2011-05-06;14
2011-05-07;13
2011-05-08;12
2011-05-09;14
2011-05-10;12
2011-05-11;10
2011-05-12;16
2011-05-13;22
2011-05-14;17
2011-05-15;14
2011-05-16;34
2011-05-17;13
2011-05-18;19
2011-05-19;16
2011-05-20;12
2011-05-21;12
2011-05-22;17
2011-05-23;19
2011-05-24;14
2011-05-25;13
2011-05-26;16
2011-05-27;21
2011-05-28;45
2011-05-29;30
2011-05-30;43
2011-05-31;37
2011-06-01;41
2011-06-02;34
2011-06-03;37
2011-06-04;26
2011-06-05;22
2011-06-06;13
2011-06-07;9
2011-06-08;24
2011-06-09;26
2011-06-10;18
2011-06-11;31
2011-06-12;28
2011-06-13;29
2011-06-14;22
2011-06-15;19
2011-06-16;26
2011-06-17;27
2011-06-18;19
2011-06-19;19
2011-06-20;23
2011-06-21;48
2011-06-22;54
2011-06-23;54
2011-06-24;30
2011-06-25;24
2011-06-26;23
2011-06-27;29
2011-06-28;62
2011-06-29;63
2011-06-30;33
2011-07-01;28
2011-07-02;24
2011-07-03;18
2011-07-04;37
2011-07-05;37
2011-07-06;33
2011-07-07;28
2011-07-08;18
2011-07-09;36
2011-07-10;22
2011-07-11;21
2011-07-12;15
2011-07-13;24
2011-07-14;22
2011-07-15;33
2011-07-16;23
2011-07-17;22
2011-07-18;29
2011-07-19;18
2011-07-20;27
2011-07-21;39
2011-07-31;10
2011-08-01;15
2011-08-24;14
2011-08-25;18
2011-08-26;39
2011-08-27;31
2011-08-28;17
2011-08-29;19
2011-08-30;16
2011-08-31;19
2011-09-01;17
2011-09-02;17
2011-09-03;15
2011-09-04;14
2011-09-05;10
2011-09-06;20
2011-09-07;21
2011-09-08;17
2011-09-13;12
2011-09-14;15
2011-09-15;43
2011-09-16;44
2011-09-17;17
2011-09-18;14
2011-09-19;15
2011-09-20;15
2011-09-21;22
2011-09-22;23
2011-09-23;45
2011-09-24;27
2011-09-25;13
2011-09-26;15
2011-09-27;13
2011-09-28;11
2011-09-29;13
2011-09-30;19
2011-10-01;18
2011-10-02;14
2011-10-03;20
2011-10-04;26
2011-10-05;35
2011-10-06;34
2011-10-07;31
2011-10-08;15
2011-10-09;14
2011-10-10;15
2011-10-11;18
2011-10-12;26
2011-10-13;29
2011-10-14;54
2011-10-15;27
2011-10-16;16
2011-10-17;21
2011-10-18;38
2011-10-19;26
2011-10-20;16
2011-10-21;14
2011-10-22;14
2011-10-23;17
2011-10-24;32
2011-10-25;18
2011-10-26;21
2011-10-27;23
2011-10-28;21
2011-10-29;17
2011-10-30;18
2011-10-31;21
2011-11-01;18
2011-11-02;17
2011-11-03;14
2011-11-04;32
2011-11-05;57
2011-11-06;42
2011-11-07;36
2011-11-08;25
2011-11-09;19
2011-11-10;24
2011-11-11;28
2011-11-12;25
2011-11-13;16
2011-11-14;27
2011-11-15;25
2011-11-16;18
2011-11-17;18
2011-11-18;15
2011-11-19;14
2011-11-20;16
2011-11-21;19
2011-11-22;17
2011-11-23;15
2011-11-24;14
2011-11-25;12
2011-11-26;10
2011-11-27;11
2011-11-28;12
2011-11-29;11
2011-11-30;13
2011-12-01;14
2011-12-02;17
2011-12-03;11
2011-12-04;12
2011-12-05;13
2011-12-06;13
2011-12-07;19
2011-12-08;17
2011-12-09;18
2011-12-10;15
2011-12-11;12
2011-12-12;19
2011-12-13;17
2011-12-14;12
2011-12-15;17
2011-12-16;17
2011-12-17;15
2011-12-18;19
2011-12-19;14
2011-12-20;16
2011-12-21;21
2011-12-22;25
2011-12-23;18
2011-12-24;19
2011-12-25;14
2011-12-26;12
2011-12-27;17
2011-12-28;16
2011-12-29;24
2011-12-30;25
2011-12-31;25
2012-01-01;23
2012-01-02;20
2012-01-03;22
2012-01-04;19
2012-01-05;17
2012-01-06;15
2012-01-07;13
2012-01-08;14
2012-01-09;18
2012-01-10;15
2012-01-11;14
2012-01-12;17
2012-01-13;21
2012-01-14;18
2012-01-15;15
2012-01-16;14
2012-01-17;14
2012-01-18;20
2012-01-19;11
2012-01-20;19
2012-01-21;16
2012-01-22;14
2012-01-23;17
2012-01-24;16
2012-01-25;18
2012-01-26;16
2012-01-27;16
2012-01-28;13
2012-01-29;13
2012-01-30;13
2012-01-31;19
2012-02-01;20
2012-02-02;16
2012-02-03;13
2012-02-04;11
2012-02-05;13
2012-02-06;21
2012-02-07;18
2012-02-08;17
2012-02-09;21
2012-02-10;27
2012-02-11;47
2012-02-12;28
2012-02-13;18
2012-02-14;12
2012-02-15;11
2012-02-16;9
2012-02-17;11
2012-02-18;11
2012-02-19;10
2012-02-20;15
2012-02-21;14
2012-02-22;12
2012-02-23;19
2012-02-24;16
2012-02-25;17
2012-02-26;16
2012-02-29;20
2012-03-01;18
2012-03-02;21
2012-03-03;18
2012-03-04;18
2012-03-05;24
2012-03-06;23
2012-03-07;22
2012-03-08;25
2012-03-09;28
2012-03-10;19
2012-03-11;14
2012-03-12;12
2012-03-13;17
2012-03-14;19
2012-03-15;21
2012-03-16;19
2012-03-17;27
2012-03-18;24
2012-03-19;18
2012-03-20;21
2012-03-21;19
2012-03-22;12
2012-03-23;13
2012-03-24;15
2012-03-25;12
2012-03-26;40
2012-03-27;57
2012-03-28;33
2012-03-29;23
2012-03-30;21
2012-03-31;20
2012-04-01;19
2012-04-02;29
2012-04-03;23
2012-04-04;23
2012-04-05;22
2012-04-06;17
2012-04-07;16
2012-04-08;13
2012-04-09;15
2012-04-10;19
2012-04-11;18
2012-04-12;20
2012-04-13;17
2012-04-14;17
2012-04-15;24
2012-04-16;24
2012-04-17;24
2012-04-18;16
2012-04-19;15
2012-04-20;17
2012-04-21;17
2012-04-22;21
2012-04-23;20
2012-04-24;19
2012-04-25;21
2012-04-26;16
2012-04-27;16
2012-04-28;18
2012-04-29;17
2012-04-30;19
2012-05-01;22
2012-05-02;19
2012-05-03;14
2012-05-04;19
2012-05-05;15
2012-05-06;12
2012-05-07;13
2012-05-08;16
2012-05-09;19
2012-05-10;25
2012-05-11;45
2012-05-12;76
2012-05-13;73
2012-05-14;39
2012-05-15;21
2012-05-16;21
2012-05-17;16
2012-05-18;16
2012-05-19;33
2012-05-20;25
2012-05-21;35
2012-05-22;34
2012-05-23;41
2012-05-24;40
2012-05-25;22
2012-05-26;14
2012-05-27;16
2012-05-28;15
2012-05-29;27
2012-05-30;59
2012-05-31;69
2012-06-01;59
2012-06-02;97
2012-06-03;98
2012-06-04;89
2012-06-05;82
2012-06-06;32
2012-06-07;46
2012-06-08;50
2012-06-09;31
2012-06-10;14
2012-06-11;33
2012-06-12;52
2012-06-13;56
2012-06-14;53
2012-06-15;52
2012-06-16;46
2012-06-17;45
2012-06-18;52
2012-06-19;30
2012-06-20;42
2012-06-21;55
2012-06-22;66
2012-06-23;46
2012-06-24;19
2012-06-25;22
2012-06-26;40
2012-06-27;74
2012-06-28;43
2012-06-29;27
2012-06-30;34
2012-07-01;47
2012-07-02;68
2012-07-03;81
2012-07-04;42
2012-07-05;23
2012-07-06;71
2012-07-07;32
2012-07-08;14
2012-07-09;21
2012-07-10;61
2012-07-11;63
2012-07-21;36
2012-07-22;47
2012-07-23;32
2012-07-24;41
2012-07-25;54
2012-07-26;59
2012-07-27;38
2012-07-28;29
2012-07-29;31
2012-07-30;47
2012-07-31;19
2012-08-01;41
2012-08-02;38
2012-08-03;34
2012-08-04;34
2012-08-05;46
2012-08-06;29
2012-08-07;28
2012-08-08;42
2012-08-09;43
2012-08-10;46
2012-08-11;87
2012-08-12;41
2012-08-13;29
2012-08-14;26
2012-08-15;26
2012-08-16;24
2012-08-17;47
2012-08-18;69
2012-08-19;77
2012-08-20;86
2012-08-21;53
2012-08-25;31
2012-08-26;45
2012-08-27;42
2012-08-28;63
2012-08-29;33
2012-08-30;13
2012-08-31;18
2012-09-01;22
2012-09-02;17
2012-09-03;17
2012-09-04;20
2012-09-05;17
2012-09-06;18
2012-09-07;26
2012-09-08;34
2012-09-09;50
2012-09-10;47
2012-09-11;31
2012-09-12;27
2012-09-13;18
2012-09-14;17
2012-09-15;18
2012-09-16;16
2012-09-17;18
2012-09-18;18
2012-09-19;27
2012-09-20;25
2012-09-21;19
2012-09-22;38
2012-09-23;50
2012-09-24;47
2012-09-25;29
2012-09-26;18
2012-09-27;16
2012-09-28;19
2012-09-29;15
2012-09-30;19
2012-10-01;19
2012-10-02;19
2012-10-03;18
2012-10-04;18
2012-10-05;16
2012-10-06;17
2012-10-07;22
2012-10-08;20
2012-10-09;17
2012-10-10;20
2012-10-11;24
2012-10-12;40
2012-10-13;15
2012-10-14;10
2012-10-15;18
2012-10-16;28
2012-10-17;17
2012-10-18;18
2012-10-19;20
2012-10-20;18
2012-10-21;16
2012-10-22;18
2012-10-23;14
2012-10-24;17
2012-10-25;14
2012-10-26;9
2012-10-27;12
2012-10-28;15
2012-10-29;25
2012-10-30;16
2012-10-31;20
2012-11-10;1
2012-11-11;2
2012-11-12;2
2012-11-13;2
2012-11-21;10
2012-11-22;15
2012-11-23;13
2012-11-24;10
2012-11-25;13
2012-11-26;11
2012-11-27;15
2012-11-28;19
2012-11-29;14
2012-11-30;15
2012-12-01;11
2012-12-02;14
2012-12-03;13
2012-12-04;15
2012-12-05;18
2012-12-06;15
2012-12-07;18
2012-12-08;20
2012-12-09;17
2012-12-10;18
2012-12-11;22
2012-12-12;24
2012-12-13;18
2012-12-14;12
2012-12-15;14
2012-12-16;11
2012-12-17;18
2012-12-18;21
2012-12-19;14
2012-12-20;12
2012-12-21;16
2012-12-22;16
2012-12-23;18
2012-12-24;22
2012-12-25;17
2012-12-26;17
2012-12-27;19
2012-12-28;19
2012-12-29;18
2012-12-30;13
2012-12-31;17
2013-01-01;41
2013-01-02;18
2013-01-03;19
2013-01-04;20
2013-01-05;18
2013-01-06;24
2013-01-07;23
2013-01-08;22
2013-01-09;25
2013-01-10;20
2013-01-11;15
2013-01-12;14
2013-01-13;16
2013-01-14;18
2013-01-15;13
2013-01-16;15
2013-01-17;19
2013-01-18;22
2013-01-19;18
2013-01-20;13
2013-01-21;19
2013-01-22;30
2013-01-23;30
2013-01-24;27
2013-01-25;20
2013-01-26;16
2013-01-27;18
2013-01-28;15
2013-01-29;14
2013-01-30;18
2013-01-31;16
2013-02-01;14
2013-02-02;14
2013-02-03;17
2013-02-04;14
2013-02-05;17
2013-02-06;22
2013-02-07;20
2013-02-08;26
2013-02-09;21
2013-02-10;14
2013-02-11;22
2013-02-12;28
2013-02-13;31
2013-02-14;27
2013-02-15;18
2013-02-16;19
2013-02-17;21
2013-02-18;33
2013-02-19;32
2013-02-20;24
2013-02-21;32
2013-02-22;24
2013-02-23;16
2013-02-24;23
2013-02-25;31
2013-02-26;28
2013-02-27;18
2013-02-28;24
2013-03-01;23
2013-03-02;15
2013-03-03;22
2013-03-04;23
2013-03-05;15
2013-03-06;29
2013-03-07;28
2013-03-08;17
2013-03-09;23
2013-03-10;23
2013-03-11;17
2013-03-12;18
2013-03-13;23
2013-03-14;23
2013-03-15;16
2013-03-16;16
2013-03-17;18
2013-03-18;25
2013-03-19;19
2013-03-20;22
2013-03-21;20
2013-03-22;29
2013-03-23;24
2013-03-24;19
2013-03-25;25
2013-03-26;19
2013-03-27;28
2013-03-28;18
2013-03-29;15
2013-03-30;23
2013-03-31;24
2013-04-01;25
2013-04-02;28
2013-04-03;38
2013-04-04;28
2013-04-05;22
2013-04-06;21
2013-04-07;17
2013-04-08;19
2013-04-09;18
2013-04-10;18
2013-04-11;19
2013-04-12;21
2013-04-13;18
2013-04-14;19
2013-04-15;24
2013-04-16;23
2013-04-17;23
2013-04-18;27
2013-04-20;24
2013-04-22;23
2013-04-23;22
2013-04-24;21
2013-04-25;20
2013-04-26;15
2013-04-27;18
2013-04-28;16
2013-04-29;21
2013-04-30;22
2013-05-01;20
2013-05-02;19
2013-05-03;16
2013-05-04;16
2013-05-05;23
2013-05-06;23
2013-05-07;30
2013-05-08;25
2013-05-09;15
2013-05-10;17
2013-05-11;19
2013-05-12;16
2013-05-13;25
2013-05-14;14
2013-05-15;18
2013-05-16;21
2013-05-17;21
2013-05-18;19
2013-05-19;22
2013-05-20;20
2013-05-21;21
2013-05-22;16
2013-05-23;26
2013-05-24;20
2013-05-25;19
2013-05-26;23
2013-05-27;24
2013-05-28;36
2013-05-29;29
2013-05-30;32
2013-05-31;29
2013-06-01;26
2013-06-02;22
2013-06-03;40
2013-06-04;41
2013-06-06;23
2013-06-07;20
2013-06-08;19
2013-06-09;29
2013-06-10;32
2013-06-11;31
2013-06-12;41
2013-06-13;45
2013-06-19;27
2013-06-20;57
2013-06-21;31
2013-06-22;18
2013-06-23;27
2013-06-24;35
2013-06-25;33
2013-06-26;14
2013-06-27;35
2013-06-28;56
2013-06-29;44
2013-06-30;18
2013-07-01;52
2013-07-02;28
2013-07-03;22
2013-07-04;51
2013-07-10;30
2013-07-11;70
2013-07-12;33
2013-07-13;19
2013-07-14;21
2013-07-15;23
2013-07-16;32
2013-07-17;48
2013-07-18;18
2013-07-19;74
2013-07-20;63
2013-07-21;29
2013-07-31;16
2013-08-01;17
2013-08-02;28
2013-08-03;47
2013-08-04;45
2013-08-05;20
2013-08-06;16
2013-08-07;15
2013-08-08;30
2013-08-09;23
2013-08-10;41
2013-08-11;41
2013-08-12;28
2013-08-13;38
2013-08-14;50
2013-08-15;58
2013-08-16;25
2013-08-17;22
2013-08-18;15
2013-08-19;33
2013-08-20;24
2013-08-21;27
2013-08-22;24
2013-08-23;32
2013-08-24;35
2013-08-25;33
2013-08-26;20
2013-08-27;23
2013-08-28;37
2013-08-29;31
2013-08-30;29
2013-08-31;38
2013-09-01;31
2013-09-02;35
2013-09-03;21
2013-09-04;18
2013-09-05;9
2013-09-06;12
2013-09-07;15
2013-09-08;20
2013-09-09;70
2013-09-10;44
2013-09-11;18
2013-09-12;19
2013-09-13;18
2013-09-14;17
2013-09-15;16
2013-09-16;21
2013-09-17;21
2013-09-18;22
2013-09-19;23
2013-09-20;16
2013-09-21;17
2013-09-22;26
2013-09-23;32
2013-09-24;24
2013-09-25;21
2013-09-26;18
2013-09-27;15
2013-09-28;12
2013-09-29;19
2013-09-30;22
2013-10-01;51
2013-10-02;18
2013-10-03;18
2013-10-04;20
2013-10-05;15
2013-10-06;13
2013-10-07;15
2013-10-08;16
2013-10-09;17
2013-10-10;23
2013-10-11;18
2013-10-12;18
2013-10-13;19
2013-10-14;45
2013-10-15;28
2013-10-16;19
2013-10-17;18
2013-10-18;19
2013-10-19;14
2013-10-20;16
2013-10-21;16
2013-10-22;37
2013-10-23;43
2013-10-24;30
2013-10-25;46
2013-10-26;31
2013-10-27;24
2013-10-28;26
2013-10-29;25
2013-10-30;31
2013-10-31;17
2013-11-01;16
2013-11-02;12
2013-11-03;8
2013-11-04;13
2013-11-05;16
2013-11-06;20
2013-11-07;20
2013-11-08;20
2013-11-09;15
2013-11-10;13
2013-11-11;44
2013-11-12;33
2013-11-13;30
2013-11-14;22
2013-11-15;10
2013-11-16;14
2013-11-17;15
2013-11-18;16
2013-11-19;15
2013-11-20;20
2013-11-21;18
2013-11-22;12
2013-11-23;14
2013-11-24;18
2013-11-25;18
2013-11-26;16
2013-11-27;17
2013-11-28;22
2013-11-29;17
2013-11-30;11
2013-12-01;9
2013-12-02;12
2013-12-03;13
2013-12-04;17
2013-12-05;11
2013-12-06;15
2013-12-07;23
2013-12-08;28
2013-12-09;24
2013-12-10;20
2013-12-11;24
2013-12-12;22
2013-12-13;21
2013-12-14;21
2013-12-15;20
2013-12-16;16
2014-01-09;19
2014-01-10;25
2014-01-11;17
2014-01-12;13
2014-01-13;18
2014-01-14;17
2014-01-15;18
2014-01-16;19
2014-01-17;18
2014-01-18;16
2014-01-19;37
2014-01-20;37
2014-01-21;26
2014-01-22;19
2014-01-23;21
2014-01-24;14
2014-01-25;17
2014-01-26;18
2014-01-27;22
2014-01-28;23
2014-01-29;25
2014-01-30;17
2014-01-31;19
2014-02-01;15
2014-02-02;14
2014-02-03;18
2014-02-04;17
2014-02-05;15
2014-02-06;18
2014-02-07;18
2014-02-08;16
2014-02-09;16
2014-02-10;23
2014-02-11;22
2014-02-12;19
2014-02-13;19
2014-02-14;25
2014-02-15;30
2014-02-16;21
2014-02-17;16
2014-02-18;14
2014-02-19;17
2014-02-20;20
2014-02-21;16
2014-02-22;15
2014-02-23;17
2014-02-24;18
2014-02-25;15
2014-02-26;17
2014-02-27;16
2014-02-28;17
2014-03-01;14
2014-03-02;13
2014-03-03;12
2014-03-04;15
2014-03-05;15
2014-03-06;26
2014-03-07;27
2014-03-08;15
2014-03-09;12
2014-03-10;14
2014-03-11;15
2014-03-12;15
2014-03-13;15
2014-03-14;13
2014-03-15;11
2014-03-16;12
2014-03-17;15
2014-03-18;16
2014-03-19;18
2014-03-20;20
2014-03-21;26
2014-03-22;35
2014-03-23;28
2014-03-24;32
2014-03-25;31
2014-03-26;20
2014-03-27;12
2014-03-28;20
2014-03-29;24
2014-03-30;15
2014-03-31;19
2014-04-01;24
2014-04-02;18
2014-04-03;18
2014-04-04;16
2014-04-05;20
2014-04-06;23
2014-04-07;27
2014-04-08;22
2014-04-09;20
2014-04-10;20
2014-04-11;20
2014-04-12;17
2014-04-13;13
2014-04-15;8
2014-04-16;8
2014-04-17;10
2014-04-18;18
2014-04-19;12
2014-04-20;16
2014-04-21;19
2014-04-22;19
2014-04-23;33
2014-04-24;43
2014-04-25;52
2014-04-26;43
2014-04-27;42
2014-04-28;30
2014-04-29;28
2014-04-30;18
2014-05-01;20
2014-05-02;25
2014-05-03;23
2014-05-04;19
2014-05-05;25
2014-05-06;33
2014-05-07;25
2014-05-08;11
2014-05-09;11
2014-05-10;9
2014-05-11;10
2014-05-12;16
2014-05-13;16
2014-05-14;16
2014-05-15;17
2014-05-16;16
2014-05-17;12
2014-05-18;14
2014-05-19;15
2014-05-20;20
2014-05-21;37
2014-05-22;45
2014-05-23;24
2014-05-24;19
2014-05-25;17
2014-05-26;16
2014-05-27;17
2014-05-28;16
2014-05-31;16
2014-06-01;33
2014-06-02;70
2014-06-03;71
2014-06-04;78
2014-06-05;21
2014-06-06;20
2014-06-07;21
2014-06-08;31
2014-06-09;68
2014-06-10;50
2014-06-11;44
2014-06-12;39
2014-06-13;17
2014-06-14;22
2014-06-15;61
2014-06-16;62
2014-06-17;50
2014-06-18;19
2014-06-19;20
2014-06-20;15
2014-06-21;23
2014-06-22;21
2014-06-23;19
2014-06-24;25
2014-06-25;30
2014-06-26;47
2014-06-27;45
2014-06-28;24
2014-06-29;51
2014-06-30;45
2014-07-01;72
2014-07-02;96
2014-07-03;24
2014-07-04;24
2014-07-05;22
2014-07-06;54
2014-07-07;80
2014-07-08;67
2014-07-09;21
2014-07-10;29
2014-07-11;49
2014-07-12;27
2014-07-13;13
2014-07-14;15
2014-07-15;20
2014-07-16;18
2014-07-17;21
2014-07-18;18
2014-07-19;24
2014-07-20;39
2014-07-21;23
2014-07-24;37
2014-07-25;33
2014-07-26;62
2014-07-27;65
2014-07-28;32
2014-07-29;15
2014-07-30;14
2014-07-31;25
2014-08-01;52
2014-08-02;22
2014-08-05;21
2014-08-06;33
2014-08-07;31
2014-08-08;21
2014-08-09;19
2014-08-10;18
2014-08-11;35
2014-08-12;41
2014-08-13;35
2014-08-14;32
2014-08-15;37
2014-08-16;20
2014-08-17;26
2014-08-19;30
2014-08-20;15
2014-08-21;20
2014-08-22;10
2014-08-23;12
2014-08-24;22
2014-08-28;33
2014-08-29;13
2014-08-30;14
2014-08-31;17
2014-09-01;24
2014-09-02;32
2014-09-03;45
2014-09-04;22
2014-09-05;31
2014-09-06;55
2014-09-07;20
2014-09-08;22
2014-09-09;33
2014-09-10;33
2014-09-11;27
2014-09-12;73
2014-09-13;43
2014-09-14;12
2014-09-15;13
2014-09-16;15
2014-09-17;13
2014-09-18;15
2014-09-19;22
2014-09-20;31
2014-09-21;41
2014-09-22;16
2014-09-23;13
2014-09-24;24
2014-09-25;12
2014-09-26;15
2014-09-27;13
2014-09-28;20
2014-09-29;18
2014-09-30;18
2014-10-01;14
2014-10-02;15
2014-10-03;70
2014-10-04;75
2014-10-05;69
2014-10-06;66
2014-10-07;72
2014-10-08;18
2014-10-09;11
2014-10-10;15
2014-10-11;13
2014-10-12;14
2014-10-13;21
2014-10-14;12
2014-10-15;19
2014-10-16;27
2014-10-17;24
2014-10-18;13
2014-10-19;12
2014-10-20;19
2014-10-21;19
2014-10-22;19
2014-10-23;14
2014-10-24;16
2014-10-25;17
2014-10-26;15
2014-10-27;20
2014-10-28;15
2014-10-30;4
2014-10-31;5
2014-11-01;5
2014-11-02;5
2014-11-05;7
2014-11-06;8
2014-11-07;7
2014-11-08;6
2014-11-09;9
2014-11-10;11
2014-11-11;10
2014-11-12;12
2014-11-13;10
2014-11-14;11
2014-11-15;10
2014-11-16;8
2014-11-17;10
2014-11-18;11
2014-11-19;10
2014-11-20;13
2014-11-21;13
2014-11-22;9
2014-11-23;10
2014-11-24;10
2014-11-25;10
2014-11-26;12
2014-11-27;11
2014-11-28;11
2014-11-29;9
2014-11-30;8
2014-12-01;8
2014-12-02;9
2014-12-03;10
2014-12-04;11
2014-12-05;10
2014-12-06;11
2014-12-07;12
2014-12-08;12
2014-12-09;13
2014-12-10;16
2014-12-11;11
2014-12-12;13
2014-12-13;10
2014-12-14;12
2014-12-15;7
2014-12-16;10
2014-12-17;9
2014-12-18;11
2014-12-19;16
2014-12-20;17
2014-12-21;14
2014-12-22;17
2014-12-23;19
2014-12-24;18
2014-12-25;15
2014-12-26;16
2014-12-27;12
2014-12-28;19
2014-12-29;18
2014-12-30;21
2014-12-31;22
2015-01-01;41
2015-01-02;22
2015-01-03;18
2015-01-04;21
2015-01-05;24
2015-01-06;18
2015-01-07;19
2015-01-08;20
2015-01-09;21
2015-01-10;18
2015-01-11;15
2015-01-12;19
2015-01-13;22
2015-01-14;17
2015-01-15;20
2015-01-16;20
2015-01-17;13
2015-01-18;9
2015-01-23;11
2015-01-24;17
2015-01-25;14
2015-01-29;17
2015-01-30;11
2015-01-31;10
2015-02-01;11
2015-02-02;27
2015-02-03;23
2015-02-04;21
2015-02-05;20
2015-02-06;15
2015-02-07;12
2015-02-08;11
2015-02-09;14
2015-02-10;13
2015-02-11;18
2015-02-12;20
2015-02-13;25
2015-02-18;19
2015-02-19;16
2015-02-20;20
2015-02-21;14
2015-02-22;16
2015-02-23;21
2015-02-24;21
2015-02-25;18
2015-02-26;21
2015-02-27;20
2015-02-28;17
2015-03-01;19
2015-03-02;21
2015-03-03;32
2015-03-04;21
2015-03-05;20
2015-03-06;22
2015-03-07;16
2015-03-08;13
2015-03-09;23
2015-03-10;24
2015-03-11;18
2015-03-12;21
2015-03-13;23
2015-03-14;29
2015-03-15;32
2015-03-16;24
2015-03-17;25
2015-03-18;28
2015-03-19;26
2015-03-20;25
2015-03-21;13
2015-03-22;13
2015-03-23;13
2015-03-24;15
2015-03-25;14
2015-03-26;16
2015-03-27;16
2015-03-28;17
2015-03-29;17
2015-03-30;18
2015-03-31;18
2015-04-01;18
2015-04-02;17
2015-04-03;15
2015-04-04;16
2015-04-05;15
2015-04-06;29
2015-04-07;24
2015-04-08;24
2015-04-14;18
2015-04-15;20
2015-04-16;15
2015-04-17;13
2015-04-18;17
2015-04-19;41
2015-04-20;33
2015-04-21;18
2015-04-22;18
2015-04-23;18
2015-04-24;20
2015-04-25;27
2015-04-26;41
2015-04-27;48
2015-04-28;134
2015-04-29;112
2015-04-30;74
2015-05-01;50
2015-05-02;57
2015-05-03;29
2015-05-04;41
2015-05-05;35
2015-05-06;57
2015-05-07;88
2015-05-08;82
2015-05-09;41
2015-05-10;32
2015-05-11;33
2015-05-12;33
2015-05-13;25
2015-05-14;18
2015-05-15;17
2015-05-16;26
2015-05-17;22
2015-05-18;25
2015-05-19;46
2015-05-20;32
2015-05-21;54
2015-05-22;134
2015-05-23;82
2015-05-24;80
2015-05-27;12
2015-05-28;21
2015-05-29;22
2015-05-30;23
2015-05-31;32
2015-06-01;20
2015-06-02;16
2015-06-03;17
2015-06-04;21
2015-06-05;27
2015-06-06;49
2015-06-07;49
2015-06-08;48
2015-06-11;15
2015-06-12;26
2015-06-13;62
2015-06-14;60
2015-06-15;61
2015-06-16;63
2015-06-17;36
2015-06-18;78
2015-06-19;62
2015-06-20;40
2015-06-21;25
2015-06-24;84
2015-06-25;37
2015-06-26;30
2015-06-27;59
2015-06-28;51
2015-06-29;91
2015-07-01;35
2015-07-02;36
2015-07-03;50
2015-07-04;66
2015-07-05;36
2015-07-06;21
2015-07-07;34
2015-07-09;29
2015-07-10;23
2015-07-11;22
2015-07-12;26
2015-07-13;42
2015-07-14;27
2015-07-15;49
2015-07-16;66
2015-07-17;62
2015-07-18;55
2015-07-20;39
2015-07-21;21
2015-07-22;50
2015-07-23;28
2015-07-24;46
2015-07-25;27
2015-07-26;20
2015-07-27;51
2015-07-28;33
2015-07-29;38
2015-07-30;43
2015-07-31;38
2015-08-01;39
2015-08-02;20
2015-08-03;25
2015-08-04;50
2015-08-05;24
2015-08-06;18
2015-08-07;18
2015-08-08;22
2015-08-09;23
2015-08-10;20
2015-08-11;17
2015-08-12;16
2015-08-13;16
2015-08-14;16
2015-08-15;24
2015-08-16;20
2015-08-17;21
2015-08-18;14
2015-08-19;14
2015-08-20;19
2015-08-21;45
2015-08-22;53
2015-08-23;30
2015-08-24;35
2015-08-25;23
2015-08-26;49
2015-08-27;59
2015-08-28;18
2015-08-29;23
2015-08-30;41
2015-08-31;22
2015-09-01;35
2015-09-02;19
2015-09-03;23
2015-09-04;25
2015-09-05;28
2015-09-06;18
2015-09-07;29
2015-09-08;19
2015-09-09;13
2015-09-10;22
2015-09-11;44
2015-09-12;17
2015-09-13;21
2015-09-14;60
2015-09-15;55
2015-09-16;21
2015-09-17;73
2015-09-18;48
2015-09-19;18
2015-09-20;25
2015-09-21;16
2015-09-22;13
2015-09-23;13
2015-09-24;18
2015-09-25;18
2015-09-26;13
2015-09-27;12
2015-09-28;13
2015-09-29;14
2015-09-30;13
2015-10-03;20
2015-10-04;17
2015-10-05;20
2015-10-06;11
2015-10-07;14
2015-10-08;12
2015-10-09;35
2015-10-10;47
2015-10-11;20
2015-10-12;14
2015-10-13;13
2015-10-14;12
2015-10-22;17
2015-10-23;16
2015-10-24;13
2015-10-25;11
2015-10-26;15
2015-10-27;17
2015-10-28;13
2015-10-29;15
2015-10-30;17
2015-10-31;14
2015-11-01;14
2015-11-02;19
2015-11-03;16
2015-11-07;12
2015-11-08;20
2015-11-09;26
2015-11-10;22
2015-11-11;27
2015-11-12;17
2015-11-13;15
2015-11-14;13
2015-11-15;13
2015-11-16;16
2015-11-17;23
2015-11-18;30
2015-11-19;23
2015-11-26;30
2015-11-27;21
2015-11-28;14
2015-11-29;13
2015-11-30;23
2015-12-01;19
2015-12-02;13
2015-12-03;18
2015-12-04;29
2015-12-05;16
2015-12-06;15
2015-12-07;12
2015-12-08;15
2015-12-09;16
2015-12-10;17
2015-12-11;26
2015-12-12;27
2015-12-13;20
2015-12-14;19
2015-12-15;17
2015-12-16;13
2015-12-17;15
2015-12-18;18
2015-12-19;16
2015-12-20;17
2015-12-21;23
2015-12-22;21
2015-12-23;21
2015-12-24;20
2015-12-25;17
2015-12-26;14
2016-01-08;7
2016-01-09;13
2016-01-10;13
2016-01-11;13
2016-01-12;18
2016-01-13;19
2016-01-14;15
2016-01-15;15
2016-01-16;14
2016-01-17;9
2016-01-18;12
2016-01-22;29
2016-01-23;29
2016-01-24;19
2016-01-25;13
2016-01-26;24
2016-01-27;40
2016-01-28;29
2016-01-29;19
2016-01-30;11
2016-01-31;21
2016-02-01;31
2016-02-02;31
2016-02-03;18
2016-02-04;15
2016-02-05;12
2016-02-06;16
2016-02-07;28
2016-02-08;35
2016-02-09;26
2016-02-10;21
2016-02-11;19
2016-02-17;26
2016-02-18;22
2016-02-19;16
2016-02-20;21
2016-02-21;13
2016-02-22;11
2016-02-23;14
2016-02-24;17
2016-02-25;23
2016-02-26;17
2016-02-27;13
2016-02-28;12
2016-02-29;16
2016-03-01;16
2016-03-02;15
2016-03-03;16
2016-03-04;15
2016-03-05;9
2016-03-06;9
2016-03-07;10
2016-03-08;18
2016-03-09;24
2016-03-10;20
2016-03-11;18
2016-03-12;18
2016-03-13;13
2016-03-14;13
2016-03-15;16
2016-03-16;14
2016-03-17;14
2016-03-18;16
2016-03-19;15
2016-03-20;12
2016-03-21;21
2016-03-22;20
2016-03-23;18
2016-03-24;18
2016-03-25;19
2016-03-26;19
2016-03-27;20
2016-03-28;23
2016-03-29;16
2016-03-30;16
2016-03-31;19
2016-04-01;11
2016-04-02;22
2016-04-03;16
2016-04-04;18
2016-04-05;16
2016-04-06;15
2016-04-07;14
2016-04-08;19
2016-04-09;15
2016-04-10;15
2016-04-11;11
2016-04-12;13
2016-04-13;11
2016-04-14;9
2016-04-15;10
2016-04-16;8
2016-04-17;9
2016-04-18;14
2016-04-19;17
2016-04-20;12
2016-04-21;14
2016-04-22;17
2016-04-23;33
2016-04-24;67
2016-04-26;36
2016-04-27;47
2016-04-28;31
2016-04-29;32
2016-04-30;19
2016-05-02;20
2016-05-03;20
2016-05-04;26
2016-05-05;20
2016-05-06;15
2016-05-07;22
2016-05-08;25
2016-05-09;13
2016-05-10;13
2016-05-11;18
2016-05-12;20
2016-05-13;16
2016-05-14;23
2016-05-15;17
2016-05-16;16
2016-05-17;15
2016-05-18;20
2016-05-19;20
2016-05-20;18
2016-05-24;45
2016-05-25;19
2016-05-26;12
2016-05-27;11
2016-05-28;14
2016-05-30;12
2016-05-31;13
2016-06-01;22
2016-06-02;23
2016-06-03;23
2016-06-04;29
2016-06-05;23
2016-06-06;18
2016-06-07;27
2016-06-09;65
2016-06-10;52
2016-06-11;39
2016-06-12;19
2016-06-13;28
2016-06-14;44
2016-06-16;47
2016-06-17;30
2016-06-18;17
2016-06-19;30
2016-06-20;23
2016-06-21;25
2016-06-22;16
2016-06-23;17
2016-06-24;20
2016-06-25;31
2016-06-26;30
2016-06-27;33
2016-06-28;31
2016-06-30;27
2016-07-02;18
2016-07-03;47
2016-07-04;31
2016-07-05;27
2016-07-14;8
2016-07-15;18
2016-07-16;32
2016-07-17;24
2016-07-18;17
2016-07-19;18
2016-07-20;31
2016-07-21;39
2016-07-22;44
2016-07-23;18
2016-07-24;11
2016-07-29;37
2016-07-30;34
2016-07-31;24
2016-08-01;48
2016-08-02;43
2016-08-03;26
2016-08-04;27
2016-08-05;18
2016-08-06;17
2016-08-07;16
2016-08-08;19
2016-08-09;23
2016-08-10;16
2016-08-11;16
2016-08-12;18
2016-08-13;14
2016-08-14;18
2016-08-15;34
2016-08-16;28
2016-08-17;27
2016-08-18;31
2016-08-19;45
2016-08-20;37
2016-08-21;24
2016-08-22;18
2016-08-23;19
2016-08-24;13
2016-08-25;20
2016-08-26;20
2016-08-27;25
2016-08-28;30
2016-08-29;32
2016-08-30;49
2016-08-31;29
2016-09-01;16
2016-09-02;18
2016-09-03;54
2016-09-04;75
2016-09-05;49
2016-09-06;47
2016-09-07;27
2016-09-10;23
2016-09-11;18
2016-09-12;16
2016-09-13;19
2016-09-14;20
2016-09-15;20
2016-09-16;13
2016-09-17;12
2016-09-18;10
2016-09-19;12
2016-09-20;21
2016-09-25;14
2016-09-26;10
2016-09-27;13
2016-09-30;37
2016-10-01;17
2016-10-02;15
2016-10-03;13
2016-10-04;16
2016-10-05;23
2016-10-06;21
2016-10-07;21
2016-10-08;19
2016-10-09;29
2016-10-10;32
2016-10-11;13
2016-10-12;20
2016-10-13;32
2016-10-14;22
2016-10-15;12
2016-10-16;11
2016-10-17;12
2016-10-18;12
2016-10-19;13
2016-10-20;20
2016-10-21;16
2016-10-22;14
2016-10-23;14
2016-10-26;14
2016-10-27;14
2016-10-28;16
2016-10-29;15
2016-10-30;13
2016-10-31;14
2016-11-01;15
2016-11-02;13
2016-11-03;12
2016-11-04;11
2016-11-05;11
2016-11-06;13
2016-11-07;13
2016-11-08;13
2016-11-09;15
2016-11-10;19
2016-11-11;27
2016-11-12;21
2016-11-13;14
2016-11-14;17
2016-11-15;18
2016-11-16;20
2016-11-17;18
2016-11-18;14
2016-11-19;15
2016-11-20;12
2016-11-21;13
2016-11-22;15
2016-11-23;16
2016-11-24;15
2016-11-25;18
2016-11-26;15
2016-11-27;16
2016-11-28;10
2016-11-29;16
2016-11-30;18
2016-12-01;16
2016-12-02;16
2016-12-03;16
2016-12-04;16
2016-12-05;14
2016-12-06;16
2016-12-07;19
2016-12-08;13
2016-12-09;17
2016-12-10;29
2016-12-11;18
2016-12-12;23
2016-12-13;19
2016-12-14;23
2016-12-15;23
2016-12-16;19
2016-12-17;15
2016-12-18;25
2016-12-19;26
2016-12-20;20
2016-12-21;23
2016-12-22;21
2016-12-23;17
2016-12-24;17
2016-12-25;19
2016-12-26;21
2016-12-27;19
2016-12-28;20
2016-12-29;23
2016-12-30;20
2016-12-31;14