date	avg(pm10)
2002-03-11	33.0000000
2002-03-12	30.7083333
2002-03-13	14.5000000
2002-03-14	18.2916667
2002-03-15	29.0000000
2002-03-16	31.3750000
2002-03-17	19.3333333
2002-03-18	16.2916667
2002-03-19	22.1666667
2002-03-20	16.6666667
2002-03-27	37.7142857
2002-03-28	23.0000000
2002-03-29	24.0000000
2002-03-30	28.9166667
2002-03-31	30.3333333
2002-04-01	20.9583333
2002-04-02	19.5416667
2002-04-03	25.5416667
2002-04-04	17.3750000
2002-04-05	42.4166667
2002-04-06	44.0000000
2002-04-07	53.1666667
2002-04-08	53.5000000
2002-04-09	42.5416667
2002-04-10	17.7500000
2002-04-11	21.2083333
2002-04-12	27.8333333
2002-04-13	19.0833333
2002-04-14	20.4166667
2002-04-15	26.2083333
2002-04-16	12.7083333
2002-04-17	13.3333333
2002-04-18	16.2916667
2002-04-19	13.5416667
2002-04-20	16.5416667
2002-04-21	27.5833333
2002-04-22	52.9583333
2002-04-23	45.4166667
2002-04-24	37.9583333
2002-04-25	37.2916667
2002-04-26	28.5000000
2002-04-27	8.9565217
2002-04-28	17.1250000
2002-04-29	131.7083333
2002-04-30	99.7272727
2002-05-01	81.2916667
2002-05-02	157.5000000
2002-05-03	180.4583333
2002-05-04	131.2916667
2002-05-05	66.2500000
2002-05-06	61.8750000
2002-05-07	53.5416667
2002-05-08	61.9583333
2002-05-09	39.6250000
2002-05-10	27.9130435
2002-05-11	11.7272727
2002-05-12	12.4545455
2002-05-13	40.8750000
2002-05-14	33.0833333
2002-05-15	41.4583333
2002-05-16	44.7083333
2002-05-17	57.3333333
2002-05-18	45.9166667
2002-05-19	16.0909091
2002-05-20	24.3913043
2002-05-21	15.7391304
2002-05-22	14.9047619
2002-05-23	17.4285714
2002-05-26	27.8260870
2002-05-27	30.1666667
2002-05-28	28.8947368
2002-05-29	21.5625000
2002-05-30	21.3888889
2002-05-31	20.2000000
2002-06-01	25.5000000
2002-06-02	22.5909091
2002-06-03	20.5416667
2002-06-04	9.7727273
2002-06-05	13.2916667
2002-06-06	13.3478261
2002-06-07	17.8750000
2002-06-08	25.5833333
2002-06-09	18.0000000
2002-06-10	16.9090909
2002-06-11	16.8695652
2002-06-12	14.0909091
2002-06-13	13.4166667
2002-06-14	12.1250000
2002-06-15	14.9583333
2002-06-16	18.3333333
2002-06-17	15.7619048
2002-06-18	15.1666667
2002-06-19	13.2083333
2002-06-20	15.4166667
2002-06-21	14.3750000
2002-06-22	17.9166667
2002-06-23	17.1250000
2002-06-24	24.7500000
2002-06-25	18.9583333
2002-06-26	15.0416667
2002-06-27	11.0833333
2002-06-28	14.2916667
2002-06-29	15.4166667
2002-06-30	17.5416667
2002-07-01	16.9583333
2002-07-02	20.5000000
2002-07-03	21.0000000
2002-07-04	16.8750000
2002-07-05	22.5416667
2002-07-06	18.7916667
2002-07-07	15.0000000
2002-07-08	17.6666667
2002-07-09	13.7500000
2002-07-10	21.4166667
2002-07-11	23.2500000
2002-07-12	19.7500000
2002-07-13	22.3333333
2002-07-14	16.2500000
2002-07-15	16.5000000
2002-07-16	18.5000000
2002-07-17	19.0833333
2002-07-18	17.8333333
2002-07-19	15.6250000
2002-07-20	19.4347826
2002-07-21	15.9166667
2002-07-22	16.3333333
2002-07-23	15.3478261
2002-07-24	18.6250000
2002-07-25	18.5000000
2002-07-26	18.7916667
2002-07-27	18.4761905
2002-07-28	19.3333333
2002-07-29	18.4166667
2002-07-30	18.6956522
2002-07-31	28.3333333
2002-08-01	26.3333333
2002-08-02	18.3750000
2002-08-03	24.3333333
2002-08-04	18.7500000
2002-08-05	21.4166667
2002-08-06	23.2916667
2002-08-07	26.5416667
2002-08-08	19.4583333
2002-08-09	23.9583333
2002-08-10	23.4166667
2002-08-11	13.9583333
2002-08-12	27.7500000
2002-08-13	26.0833333
2002-08-14	26.3750000
2002-08-15	19.4166667
2002-08-16	22.1666667
2002-08-17	23.2083333
2002-08-18	18.9090909
2002-08-19	17.1250000
2002-08-20	20.7916667
2002-08-21	25.5000000
2002-08-22	24.3333333
2002-08-23	18.7500000
2002-08-24	20.3750000
2002-08-25	23.8333333
2002-08-26	22.4166667
2002-08-27	21.0000000
2002-08-28	21.0434783
2002-08-29	25.7916667
2002-08-30	17.6666667
2002-08-31	14.3333333
2002-09-01	18.9166667
2002-09-02	19.2083333
2002-09-03	17.2500000
2002-09-04	18.5000000
2002-09-05	21.2916667
2002-09-06	22.8750000
2002-09-07	19.2916667
2002-09-08	15.4583333
2002-09-09	19.7916667
2002-09-10	28.6363636
2002-09-11	31.8750000
2002-09-12	31.2916667
2002-09-13	27.1666667
2002-09-14	26.6666667
2002-09-15	16.2500000
2002-09-16	29.4166667
2002-09-17	34.9583333
2002-09-18	35.8333333
2002-09-19	29.7826087
2002-09-20	18.4583333
2002-09-21	18.7500000
2002-09-22	24.3333333
2002-09-23	28.7083333
2002-09-24	26.6250000
2002-09-25	27.7916667
2002-09-26	26.3333333
2002-09-27	25.7500000
2002-09-28	23.6250000
2002-09-29	18.2083333
2002-09-30	22.9583333
2002-10-01	24.0416667
2002-10-02	20.2916667
2002-10-03	13.6250000
2002-10-04	20.9166667
2002-10-05	21.3750000
2002-10-06	22.5833333
2002-10-07	27.0416667
2002-10-08	28.2916667
2002-10-09	26.6666667
2002-10-10	29.6250000
2002-10-11	23.2916667
2002-10-12	15.5000000
2002-10-13	10.2916667
2002-10-14	18.4166667
2002-10-15	18.2727273
2002-10-16	19.8750000
2002-10-17	14.5833333
2002-10-18	16.2916667
2002-10-19	19.9583333
2002-10-20	14.8750000
2002-10-21	25.8333333
2002-10-22	28.7500000
2002-10-23	24.1666667
2002-10-24	17.5416667
2002-10-25	17.6086957
2002-10-26	10.7916667
2002-10-27	13.9583333
2002-10-28	25.5833333
2002-10-29	23.8750000
2002-10-30	24.1500000
2002-10-31	19.2083333
2002-11-01	12.7916667
2002-11-02	13.3333333
2002-11-03	15.3750000
2002-11-04	19.6250000
2002-11-05	15.4166667
2002-11-06	21.4583333
2002-11-07	24.7083333
2002-11-08	28.5000000
2002-11-09	35.4166667
2002-11-10	20.8750000
2002-11-11	14.5000000
2002-11-12	20.4166667
2002-11-13	19.0833333
2002-11-14	17.2500000
2002-11-15	17.0833333
2002-11-16	16.2500000
2002-11-17	13.8333333
2002-11-18	14.9523810
2002-11-19	19.4583333
2002-11-20	21.3333333
2002-11-21	14.8750000
2002-11-22	21.5416667
2002-11-23	13.8750000
2002-11-24	10.8333333
2002-11-25	17.6250000
2002-11-26	18.0000000
2002-11-27	25.2500000
2002-11-28	18.0833333
2002-11-29	23.6250000
2002-11-30	20.0416667
2002-12-01	19.1666667
2002-12-02	44.3333333
2002-12-03	35.6250000
2002-12-04	15.4347826
2002-12-05	23.1666667
2002-12-06	49.4583333
2002-12-07	33.2916667
2002-12-08	22.7500000
2002-12-09	24.9583333
2002-12-10	32.0454545
2002-12-11	32.2083333
2002-12-12	30.3333333
2002-12-13	27.5000000
2002-12-14	16.0952381
2002-12-15	19.2916667
2002-12-16	37.7500000
2002-12-17	43.1250000
2002-12-18	36.2916667
2002-12-19	25.4166667
2002-12-20	20.7500000
2002-12-26	49.8888889
2002-12-27	58.7391304
2002-12-28	44.4583333
2002-12-29	52.9166667
2002-12-30	57.9583333
2002-12-31	35.1250000
2003-01-01	32.7500000
2003-01-02	24.9166667
2003-01-03	36.6666667
2003-01-04	43.0000000
2003-01-06	27.3333333
2003-01-07	52.8636364
2003-01-08	60.3913043
2003-01-09	47.3750000
2003-01-10	48.2500000
2003-01-11	37.7916667
2003-01-12	32.0000000
2003-01-13	17.0000000
2003-01-14	25.1428571
2003-01-15	22.2000000
2003-01-16	28.6666667
2003-01-17	31.9285714
2003-01-18	35.5000000
2003-01-19	25.7083333
2003-01-20	32.5416667
2003-01-21	25.1250000
2003-01-22	25.1111111
2003-01-23	30.3076923
2003-01-24	39.2380952
2003-01-25	50.3750000
2003-01-26	38.4117647
2003-01-27	27.0000000
2003-01-28	24.6842105
2003-01-29	30.3157895
2003-01-30	44.2500000
2003-01-31	111.6250000
2003-02-01	96.1304348
2003-02-02	71.8571429
2003-02-03	52.1500000
2003-02-04	35.0526316
2003-02-05	29.5500000
2003-02-06	24.1578947
2003-02-07	44.7368421
2003-02-08	50.8500000
2003-02-09	39.5263158
2003-02-10	34.1000000
2003-02-11	25.4285714
2003-02-12	26.2500000
2003-02-13	29.3478261
2003-02-14	32.8000000
2003-02-15	46.1363636
2003-02-16	26.6000000
2003-02-17	24.4444444
2003-02-18	30.5909091
2003-02-19	38.2000000
2003-02-20	60.4166667
2003-02-21	26.8181818
2003-02-22	32.0416667
2003-02-23	24.7916667
2003-02-24	28.2916667
2003-02-25	28.7391304
2003-02-26	30.3500000
2003-02-27	28.3000000
2003-02-28	35.0000000
2003-03-01	37.4545455
2003-03-02	38.4761905
2003-03-03	48.0454545
2003-03-04	38.0476190
2003-03-05	38.2272727
2003-03-06	33.8181818
2003-03-07	93.1428571
2003-03-08	151.2173913
2003-03-09	170.7727273
2003-03-10	120.9090909
2003-03-11	100.1500000
2003-03-12	77.6000000
2003-03-13	76.2631579
2003-03-14	100.7368421
2003-03-15	75.7894737
2003-03-16	57.8500000
2003-03-17	37.8947368
2003-03-18	19.8500000
2003-03-19	23.8500000
2003-03-20	18.0000000
2003-03-21	19.2777778
2003-03-22	32.6315789
2003-03-23	41.5454545
2003-03-24	51.4545455
2003-03-25	61.5263158
2003-03-26	48.5263158
2003-03-27	36.8947368
2003-03-28	31.4444444
2003-03-29	30.7058824
2003-03-30	29.9444444
2003-03-31	49.1666667
2003-04-01	50.6315789
2003-04-02	56.5000000
2003-04-03	62.2631579
2003-04-04	49.1052632
2003-04-05	61.9473684
2003-04-06	54.7894737
2003-04-07	41.8571429
2003-04-08	35.3333333
2003-04-09	28.8333333
2003-04-10	26.3333333
2003-04-11	17.0416667
2003-04-12	20.5000000
2003-04-13	25.1739130
2003-04-14	23.0833333
2003-04-15	29.0454545
2003-04-16	31.2000000
2003-04-17	29.4500000
2003-04-18	35.4761905
2003-04-19	42.2272727
2003-04-20	30.5000000
2003-04-21	30.6190476
2003-04-22	15.0476190
2003-04-23	27.4736842
2003-04-24	49.7894737
2003-04-25	22.4736842
2003-04-26	57.6666667
2003-04-27	46.6363636
2003-04-28	40.2000000
2003-04-29	53.2631579
2003-04-30	57.7916667
2003-05-01	46.5416667
2003-05-02	58.0454545
2003-05-03	95.2173913
2003-05-04	88.4347826
2003-05-05	71.3333333
2003-05-06	33.3684211
2003-05-07	71.8750000
2003-05-08	66.5000000
2003-05-09	34.4000000
2003-05-10	8.0000000
2003-05-11	12.7500000
2003-05-12	12.3333333
2003-05-13	14.3157895
2003-05-14	9.7142857
2003-05-15	28.7500000
2003-05-16	32.4583333
2003-05-17	11.4500000
2003-05-18	16.6500000
2003-05-19	16.2727273
2003-05-20	16.6521739
2003-05-21	13.7391304
2003-05-22	11.7272727
2003-05-23	30.5416667
2003-05-24	33.9523810
2003-05-25	31.1739130
2003-05-26	12.5454545
2003-05-27	15.6250000
2003-05-28	21.8333333
2003-05-29	15.8333333
2003-05-30	20.1052632
2003-05-31	36.2916667
2003-06-01	59.8695652
2003-06-02	35.6521739
2003-06-03	13.3888889
2003-06-04	19.1304348
2003-06-05	29.0000000
2003-06-06	34.1250000
2003-06-07	21.4090909
2003-06-08	15.4736842
2003-06-09	21.8333333
2003-06-10	13.5294118
2003-06-11	10.7368421
2003-06-12	17.7272727
2003-06-13	17.5833333
2003-06-14	11.2083333
2003-06-15	10.6666667
2003-06-16	20.0416667
2003-06-17	14.9583333
2003-06-18	16.8260870
2003-06-19	20.0416667
2003-06-20	14.4583333
2003-06-21	17.6666667
2003-06-22	15.9565217
2003-06-23	16.7916667
2003-06-24	20.0416667
2003-06-25	16.7500000
2003-06-26	15.4782609
2003-06-27	16.0000000
2003-06-28	16.9565217
2003-06-29	15.5238095
2003-06-30	15.4782609
2003-07-01	17.6086957
2003-07-02	16.4347826
2003-07-03	8.7083333
2003-07-04	16.7727273
2003-07-05	16.5454545
2003-07-06	13.6956522
2003-07-07	14.1250000
2003-07-08	13.5416667
2003-07-09	18.5454545
2003-07-10	25.3809524
2003-07-11	17.2608696
2003-07-12	16.9583333
2003-07-13	16.0000000
2003-07-14	16.2857143
2003-07-15	15.3913043
2003-07-16	17.5833333
2003-07-17	17.3913043
2003-07-18	18.7500000
2003-07-19	18.9047619
2003-07-20	14.8181818
2003-07-21	16.0454545
2003-07-22	15.9090909
2003-07-23	12.5000000
2003-07-24	11.4545455
2003-07-25	17.4545455
2003-07-26	13.7368421
2003-07-27	11.4500000
2003-07-28	9.2500000
2003-07-29	14.4090909
2003-07-30	19.0476190
2003-07-31	18.1428571
2003-08-01	18.7391304
2003-08-02	16.1666667
2003-08-03	18.3333333
2003-08-04	17.5652174
2003-08-05	12.6666667
2003-08-06	14.7826087
2003-08-07	18.0416667
2003-08-08	16.8181818
2003-08-09	18.0909091
2003-08-10	17.8333333
2003-08-11	21.6000000
2003-08-12	19.7916667
2003-08-13	18.7916667
2003-08-14	15.8750000
2003-08-15	13.1250000
2003-08-16	18.8750000
2003-08-17	18.2083333
2003-08-18	17.8181818
2003-08-19	21.3500000
2003-08-20	19.3500000
2003-08-21	21.9130435
2003-08-22	22.9090909
2003-08-23	20.6521739
2003-08-24	16.5714286
2003-08-25	19.5238095
2003-08-26	17.4285714
2003-08-27	25.2608696
2003-08-28	23.8181818
2003-08-29	24.5500000
2003-08-30	20.8636364
2003-08-31	15.9583333
2003-09-01	24.4545455
2003-09-02	18.2000000
2003-09-03	18.8636364
2003-09-04	24.7916667
2003-09-05	26.1666667
2003-09-06	19.0434783
2003-09-07	18.0000000
2003-09-08	22.8181818
2003-09-09	25.5909091
2003-09-10	28.0000000
2003-09-11	20.4000000
2003-09-12	21.0952381
2003-09-13	23.6666667
2003-09-14	20.4500000
2003-09-15	29.3333333
2003-09-16	28.4761905
2003-09-17	19.3913043
2003-09-18	21.6666667
2003-09-19	21.4166667
2003-09-20	19.4583333
2003-09-21	19.8750000
2003-09-22	26.0416667
2003-09-23	28.0000000
2003-09-24	20.9130435
2003-09-25	21.5714286
2003-09-26	17.1428571
2003-09-27	19.9166667
2003-09-28	19.2916667
2003-09-29	19.0476190
2003-09-30	16.4545455
2003-10-01	20.4782609
2003-10-02	14.8260870
2003-10-03	23.6000000
2003-10-04	27.0909091
2003-10-05	22.2916667
2003-10-06	22.5217391
2003-10-07	22.8750000
2003-10-08	22.6818182
2003-10-09	24.0454545
2003-10-10	29.8260870
2003-10-11	25.0434783
2003-10-12	18.8636364
2003-10-13	19.2500000
2003-10-14	27.4782609
2003-10-15	32.4090909
2003-10-16	16.9565217
2003-10-17	21.5500000
2003-10-18	21.9047619
2003-10-19	21.4782609
2003-10-20	26.6818182
2003-10-21	24.6250000
2003-10-22	25.2916667
2003-10-23	24.7500000
2003-10-24	21.4782609
2003-10-25	17.9166667
2003-10-26	17.5217391
2003-10-27	18.7000000
2003-10-28	21.6666667
2003-10-29	28.0000000
2003-10-30	28.8750000
2003-10-31	23.2916667
2003-11-01	15.3750000
2003-11-02	11.1666667
2003-11-03	19.8888889
2003-11-04	24.1666667
2003-11-05	17.5416667
2003-11-06	13.6250000
2003-11-07	14.8333333
2003-11-08	17.1250000
2003-11-09	20.8333333
2003-11-10	53.0416667
2003-11-11	26.6666667
2003-11-12	20.2083333
2003-11-13	15.5833333
2003-11-14	20.2083333
2003-11-15	18.6250000
2003-11-16	19.0000000
2003-11-17	11.3076923
2003-11-18	15.1250000
2003-11-19	13.0000000
2003-11-20	18.3333333
2003-11-21	18.9583333
2003-11-22	13.5416667
2003-11-23	10.0416667
2003-11-24	13.3750000
2003-11-25	13.1666667
2003-11-26	16.2916667
2003-11-27	21.8333333
2003-11-28	20.0000000
2003-11-29	24.7083333
2003-11-30	19.0000000
2003-12-01	14.6666667
2003-12-02	12.7500000
2003-12-03	11.6666667
2003-12-04	12.6666667
2003-12-05	16.7916667
2003-12-06	22.2083333
2003-12-07	32.8333333
2003-12-08	27.5416667
2003-12-09	23.2916667
2003-12-10	17.4583333
2003-12-11	21.3750000
2003-12-12	20.6250000
2003-12-13	37.7916667
2003-12-14	51.1250000
2003-12-15	51.0869565
2003-12-16	29.0416667
2003-12-17	83.8636364
2003-12-18	60.3478261
2003-12-19	48.2500000
2003-12-20	32.4583333
2003-12-21	27.3750000
2003-12-22	29.1250000
2003-12-23	22.4583333
2003-12-24	15.9166667
2003-12-25	17.4166667
2003-12-26	14.2083333
2003-12-27	14.2916667
2003-12-28	10.0000000
2003-12-29	24.4166667
2003-12-30	28.4583333
2003-12-31	12.2608696
2004-01-01	33.9166667
2004-01-02	47.5833333
2004-01-03	27.7916667
2004-01-04	20.7083333
2004-01-05	16.7083333
2004-01-06	29.9565217
2004-01-07	23.7916667
2004-01-08	12.9583333
2004-01-09	19.7083333
2004-01-10	26.0416667
2004-01-11	14.3750000
2004-01-12	21.7500000
2004-01-13	24.0833333
2004-01-14	38.1666667
2004-01-15	54.6250000
2004-01-16	39.4166667
2004-01-17	27.8750000
2004-01-18	14.8333333
2004-01-19	13.7916667
2004-01-20	16.1250000
2004-01-21	18.1250000
2004-01-22	15.8750000
2004-01-23	14.2500000
2004-01-24	12.7500000
2004-01-25	11.0833333
2004-01-26	13.8260870
2004-01-27	13.5833333
2004-01-28	17.4347826
2004-01-29	23.1666667
2004-01-30	25.4583333
2004-01-31	28.0416667
2004-02-01	29.1250000
2004-02-02	36.3750000
2004-02-03	40.3750000
2004-02-04	35.5833333
2004-02-05	24.9583333
2004-02-06	28.6521739
2004-02-07	38.8750000
2004-02-08	52.0416667
2004-02-09	146.1250000
2004-02-10	74.7500000
2004-02-11	72.0833333
2004-02-12	47.8333333
2004-02-13	32.4166667
2004-02-14	21.6250000
2004-02-15	24.1250000
2004-02-16	60.4166667
2004-02-17	173.1666667
2004-02-18	147.7916667
2004-02-19	80.5416667
2004-02-20	54.7916667
2004-02-21	39.0833333
2004-02-22	32.1666667
2004-02-23	31.2916667
2004-02-24	31.8333333
2004-02-25	31.7727273
2004-02-26	13.6842105
2004-02-27	21.7391304
2004-02-28	21.5416667
2004-02-29	21.5833333
2004-03-01	32.0434783
2004-03-02	33.5416667
2004-03-03	32.0000000
2004-03-04	20.3333333
2004-03-05	16.6250000
2004-03-06	17.4583333
2004-03-07	26.6666667
2004-03-08	33.8260870
2004-03-09	187.6250000
2004-03-10	124.2500000
2004-03-11	89.1250000
2004-03-12	75.3333333
2004-03-13	66.2500000
2004-03-14	86.4166667
2004-03-15	95.6666667
2004-03-16	89.2916667
2004-03-17	67.3750000
2004-03-18	72.3750000
2004-03-19	74.0000000
2004-03-20	66.5833333
2004-03-21	52.0000000
2004-03-22	54.2500000
2004-03-23	55.1666667
2004-03-24	112.5000000
2004-03-25	79.5000000
2004-03-26	41.2916667
2004-03-27	55.6666667
2004-03-28	51.2500000
2004-03-29	52.1250000
2004-03-30	42.4583333
2004-03-31	26.5000000
2004-04-01	19.9166667
2004-04-02	17.5833333
2004-04-03	13.9545455
2004-04-04	9.4583333
2004-04-05	11.6956522
2004-04-06	15.1250000
2004-04-07	21.4166667
2004-04-08	23.4782609
2004-04-09	18.3750000
2004-04-10	40.7916667
2004-04-11	64.2500000
2004-04-12	50.8750000
2004-04-13	29.3478261
2004-04-14	14.5000000
2004-04-15	16.6086957
2004-04-16	19.7391304
2004-04-17	11.4285714
2004-04-18	11.2608696
2004-04-19	13.2608696
2004-04-20	11.8181818
2004-04-21	17.6666667
2004-04-22	21.5833333
2004-04-23	23.6666667
2004-04-24	9.8750000
2004-04-25	7.9583333
2004-04-26	12.2916667
2004-04-27	11.0000000
2004-04-28	8.1666667
2004-04-29	10.2083333
2004-04-30	10.1250000
2004-05-01	9.0833333
2004-05-02	13.5416667
2004-05-03	22.8333333
2004-05-04	19.9583333
2004-05-05	20.2916667
2004-05-06	44.1666667
2004-05-07	46.0000000
2004-05-08	12.5416667
2004-05-09	11.3333333
2004-05-10	15.8750000
2004-05-11	11.4166667
2004-05-12	17.8750000
2004-05-13	14.0416667
2004-05-14	9.0000000
2004-05-15	9.4583333
2004-05-16	14.4166667
2004-05-17	16.4583333
2004-05-18	14.2500000
2004-05-19	20.2083333
2004-05-20	15.1666667
2004-05-21	26.8333333
2004-05-22	13.0416667
2004-05-23	6.2916667
2004-05-24	20.3750000
2004-05-25	23.7083333
2004-05-26	18.7083333
2004-05-27	16.1666667
2004-05-28	19.7500000
2004-05-29	20.0000000
2004-05-30	11.9583333
2004-05-31	13.7083333
2004-06-01	19.5833333
2004-06-02	14.5833333
2004-06-03	12.2916667
2004-06-04	31.9166667
2004-06-05	32.6250000
2004-06-06	16.8750000
2004-06-07	18.2083333
2004-06-08	23.0416667
2004-06-09	22.3750000
2004-06-10	14.8333333
2004-06-11	19.6250000
2004-06-12	20.3333333
2004-06-13	14.7916667
2004-06-14	18.4583333
2004-06-15	16.5833333
2004-06-16	12.3750000
2004-06-17	21.1250000
2004-06-18	21.0000000
2004-06-19	21.6250000
2004-06-20	21.3750000
2004-06-21	16.9583333
2004-06-22	18.8750000
2004-06-23	30.7500000
2004-06-24	17.1250000
2004-06-25	18.2500000
2004-06-26	12.8333333
2004-06-27	8.5416667
2004-06-28	2.2916667
2004-06-29	10.8333333
2004-06-30	0.0000000
2004-07-01	0.0000000
2004-07-02	1.2083333
2004-07-03	0.0000000
2004-07-04	0.0000000
2004-07-05	0.0000000
2004-07-06	0.0000000
2004-07-07	0.0000000
2004-07-08	0.0000000
2004-07-09	0.0000000
2004-07-10	0.0000000
2004-07-11	0.0000000
2004-07-12	0.0000000
2004-07-13	6.7916667
2004-07-14	15.9166667
2004-07-15	16.7500000
2004-07-16	17.7083333
2004-07-17	19.1250000
2004-07-18	16.4166667
2004-07-19	16.5416667
2004-07-20	17.7083333
2004-07-21	19.3750000
2004-07-22	18.7083333
2004-07-23	18.5416667
2004-07-24	18.0416667
2004-07-25	15.8750000
2004-07-26	20.7916667
2004-07-27	21.8333333
2004-07-28	20.6666667
2004-07-29	13.0833333
2004-07-30	16.1250000
2004-07-31	9.2916667
2004-08-01	19.9583333
2004-08-02	27.3333333
2004-08-03	24.2916667
2004-08-04	24.0416667
2004-08-05	20.0000000
2004-08-06	22.3333333
2004-08-07	20.0833333
2004-08-08	13.5833333
2004-08-09	19.4166667
2004-08-10	21.3333333
2004-08-11	16.0000000
2004-08-12	17.0000000
2004-08-13	9.0416667
2004-08-14	7.1250000
2004-08-15	0.0000000
2004-08-16	3.3750000
2004-08-17	19.5000000
2004-08-18	24.3333333
2004-08-19	22.5000000
2004-08-20	20.6666667
2004-08-21	19.5833333
2004-08-22	18.0000000
2004-08-23	14.8333333
2004-08-24	4.6666667
2004-08-25	22.6250000
2004-08-26	14.7500000
2004-08-27	18.9583333
2004-08-28	17.7083333
2004-08-29	16.0000000
2004-08-30	19.0833333
2004-08-31	16.6250000
2004-09-01	24.5000000
2004-09-02	29.5416667
2004-09-03	30.7083333
2004-09-04	20.7500000
2004-09-05	14.5000000
2004-09-06	28.6666667
2004-09-07	30.1250000
2004-09-08	20.9166667
2004-09-09	21.2500000
2004-09-10	30.8750000
2004-09-11	23.9583333
2004-09-12	18.9583333
2004-09-13	21.7500000
2004-09-14	23.5000000
2004-09-15	26.7083333
2004-09-16	31.7083333
2004-09-17	29.9583333
2004-09-18	20.2500000
2004-09-19	17.8333333
2004-09-20	28.0416667
2004-09-21	28.2500000
2004-09-22	28.4583333
2004-09-23	26.0416667
2004-09-24	29.5000000
2004-09-25	21.5416667
2004-09-26	23.6250000
2004-09-27	17.0833333
2004-09-28	21.6250000
2004-09-29	19.4166667
2004-09-30	23.8333333
2004-10-01	22.5416667
2004-10-02	17.1250000
2004-10-03	15.9166667
2004-10-04	23.4166667
2004-10-05	19.6666667
2004-10-06	20.9166667
2004-10-07	30.0000000
2004-10-08	22.2500000
2004-10-09	22.0416667
2004-10-10	18.1250000
2004-10-11	23.0416667
2004-10-12	26.1250000
2004-10-13	28.7083333
2004-10-14	26.1250000
2004-10-15	23.6250000
2004-10-16	20.5000000
2004-10-17	20.9166667
2004-10-18	23.2500000
2004-10-19	24.4166667
2004-10-20	68.7916667
2004-10-21	32.1250000
2004-10-22	24.4166667
2004-10-23	13.0416667
2004-10-24	9.9583333
2004-10-25	22.5416667
2004-10-26	18.9166667
2004-10-27	17.9166667
2004-10-28	20.6250000
2004-10-29	17.0416667
2004-10-30	21.1250000
2004-10-31	18.2500000
2004-11-01	11.4166667
2004-11-02	13.7083333
2004-11-03	16.7916667
2004-11-04	32.5000000
2004-11-05	31.7916667
2004-11-06	19.6666667
2004-11-07	15.0416667
2004-11-08	13.0416667
2004-11-09	18.5833333
2004-11-10	18.6666667
2004-11-11	17.3333333
2004-11-12	25.5000000
2004-11-13	14.0833333
2004-11-14	13.2083333
2004-11-15	16.2916667
2004-11-16	18.0000000
2004-11-17	24.7083333
2004-11-18	12.7916667
2004-11-19	17.7916667
2004-11-20	10.2083333
2004-11-21	8.8333333
2004-11-22	13.0000000
2004-11-23	20.5000000
2004-11-24	27.3333333
2004-11-25	26.5416667
2004-11-26	18.4583333
2004-11-27	15.8333333
2004-11-28	18.9583333
2004-11-29	20.3750000
2004-11-30	28.5416667
2004-12-01	27.0000000
2004-12-02	24.3750000
2004-12-03	22.4166667
2004-12-04	16.8333333
2004-12-05	14.7500000
2004-12-06	13.2916667
2004-12-07	12.8750000
2004-12-08	15.2916667
2004-12-09	16.6666667
2004-12-10	22.5416667
2004-12-11	20.3333333
2004-12-12	18.7500000
2004-12-13	20.6666667
2004-12-14	20.8750000
2004-12-15	19.1666667
2004-12-16	19.5000000
2004-12-17	27.8750000
2004-12-18	19.1666667
2004-12-19	30.0416667
2004-12-20	13.9166667
2004-12-21	14.7916667
2004-12-22	18.4166667
2004-12-23	11.1250000
2004-12-24	19.3333333
2004-12-25	25.4583333
2004-12-26	19.0833333
2004-12-27	17.4166667
2004-12-28	16.8333333
2004-12-29	15.6666667
2004-12-30	19.6666667
2004-12-31	12.2916667
2005-01-01	28.1666667
2005-01-02	14.0416667
2005-01-03	37.4166667
2005-01-04	14.7083333
2005-01-05	8.3333333
2005-01-06	20.1666667
2005-01-07	50.3750000
2005-01-08	46.1666667
2005-01-09	35.5833333
2005-01-10	20.4583333
2005-01-11	39.7916667
2005-01-12	30.5000000
2005-01-13	52.5000000
2005-01-14	68.0416667
2005-01-15	98.1250000
2005-01-16	70.0000000
2005-01-17	58.5833333
2005-01-18	67.2916667
2005-01-19	15.9583333
2005-01-20	21.9583333
2005-01-21	26.7916667
2005-01-22	14.9166667
2005-01-23	11.3750000
2005-01-24	10.6666667
2005-01-25	12.6666667
2005-01-26	20.4166667
2005-01-27	22.9583333
2005-01-28	41.2916667
2005-01-29	27.1250000
2005-01-30	15.2916667
2005-01-31	17.4166667
2005-02-01	20.5833333
2005-02-02	23.1250000
2005-02-03	13.1250000
2005-02-04	16.9166667
2005-02-05	29.3750000
2005-02-06	65.5000000
2005-02-07	47.5000000
2005-02-08	11.0416667
2005-02-09	16.3750000
2005-02-10	9.1250000
2005-02-11	19.5833333
2005-02-12	21.7916667
2005-02-13	17.2916667
2005-02-14	22.2916667
2005-02-15	21.7916667
2005-02-16	72.5416667
2005-02-17	43.2083333
2005-02-18	11.4166667
2005-02-19	13.7916667
2005-02-20	18.2916667
2005-02-21	16.6666667
2005-02-22	16.5833333
2005-02-23	15.7083333
2005-02-24	17.2500000
2005-02-25	26.3750000
2005-02-26	16.6250000
2005-02-27	17.2083333
2005-02-28	21.7916667
2005-03-01	20.3333333
2005-03-02	20.1250000
2005-03-03	17.7916667
2005-03-04	19.8750000
2005-03-05	13.9583333
2005-03-06	15.2083333
2005-03-07	16.7500000
2005-03-08	17.4166667
2005-03-09	21.0000000
2005-03-10	16.7500000
2005-03-11	17.8333333
2005-03-12	46.4166667
2005-03-13	65.2083333
2005-03-14	33.4583333
2005-03-15	36.4583333
2005-03-16	43.4166667
2005-03-17	27.2083333
2005-03-18	32.7916667
2005-03-19	93.1250000
2005-03-20	49.3750000
2005-03-21	41.4166667
2005-03-22	55.3750000
2005-03-23	42.5000000
2005-03-24	39.1666667
2005-03-25	29.0833333
2005-03-26	36.7916667
2005-03-27	29.0833333
2005-03-28	31.8750000
2005-03-29	47.6250000
2005-03-30	28.3750000
2005-03-31	0.0000000
2005-04-01	6.3750000
2005-04-02	29.8750000
2005-04-03	59.7916667
2005-04-04	57.4166667
2005-04-05	40.2083333
2005-04-06	26.1250000
2005-04-07	10.8750000
2005-04-08	57.8333333
2005-04-09	53.0000000
2005-04-10	10.0416667
2005-04-11	14.7500000
2005-04-12	12.7083333
2005-04-13	43.4166667
2005-04-14	43.2500000
2005-04-15	43.6666667
2005-04-16	14.3750000
2005-04-17	12.7500000
2005-04-18	23.4166667
2005-04-19	25.0000000
2005-04-20	13.3750000
2005-04-21	15.6250000
2005-04-22	28.1250000
2005-04-23	37.5000000
2005-04-24	28.1666667
2005-04-25	12.8333333
2005-04-26	21.5416667
2005-04-27	32.6666667
2005-04-28	28.3750000
2005-04-29	18.4583333
2005-04-30	20.2083333
2005-05-01	29.8333333
2005-05-02	28.2083333
2005-05-03	24.9583333
2005-05-04	31.5833333
2005-05-05	26.1250000
2005-05-06	11.1250000
2005-05-07	9.9583333
2005-05-08	26.8333333
2005-05-09	32.3333333
2005-05-10	38.2916667
2005-05-11	21.5833333
2005-05-12	14.2500000
2005-05-13	28.0833333
2005-05-14	17.0833333
2005-05-15	19.0833333
2005-05-16	16.5833333
2005-05-17	14.2916667
2005-05-18	12.9166667
2005-05-19	11.2083333
2005-05-20	13.8750000
2005-05-21	11.7500000
2005-05-22	15.2083333
2005-05-23	19.3333333
2005-05-24	18.5000000
2005-05-25	5.2916667
2005-05-26	20.0833333
2005-05-27	21.9166667
2005-05-28	20.6250000
2005-05-29	29.3750000
2005-05-30	21.5416667
2005-05-31	14.8333333
2005-06-01	14.4166667
2005-06-02	16.5833333
2005-06-03	17.8333333
2005-06-04	15.7916667
2005-06-05	16.2500000
2005-06-06	17.1666667
2005-06-07	17.1250000
2005-06-08	17.2500000
2005-06-09	12.6250000
2005-06-10	19.4166667
2005-06-11	13.6250000
2005-06-12	28.6250000
2005-06-13	15.9583333
2005-06-14	27.8333333
2005-06-15	27.6250000
2005-06-16	18.5000000
2005-06-17	20.7500000
2005-06-18	16.0000000
2005-06-19	13.9583333
2005-06-20	25.7083333
2005-06-21	18.1666667
2005-06-22	22.2916667
2005-06-23	22.2500000
2005-06-24	20.0833333
2005-06-25	15.8333333
2005-06-26	20.5416667
2005-06-27	19.5000000
2005-06-28	16.1250000
2005-06-29	10.9166667
2005-06-30	15.5833333
2005-07-01	16.5000000
2005-07-02	13.1250000
2005-07-03	11.5416667
2005-07-04	17.5000000
2005-07-05	19.3333333
2005-07-06	17.3333333
2005-07-07	13.9583333
2005-07-08	14.5833333
2005-07-09	14.5416667
2005-07-10	10.7916667
2005-07-11	13.7500000
2005-07-12	14.6666667
2005-07-13	17.8333333
2005-07-14	13.7083333
2005-07-15	15.7916667
2005-07-16	19.2916667
2005-07-17	17.5000000
2005-07-18	20.4583333
2005-07-19	28.1250000
2005-07-20	25.9583333
2005-07-21	31.0833333
2005-07-22	20.6250000
2005-07-23	18.3750000
2005-07-24	19.0416667
2005-07-25	22.1666667
2005-07-26	19.7083333
2005-07-27	19.0416667
2005-07-28	17.2916667
2005-07-29	23.7500000
2005-07-30	22.3750000
2005-07-31	20.2083333
2005-08-01	20.8333333
2005-08-02	17.9583333
2005-08-03	16.0416667
2005-08-04	19.9166667
2005-08-05	23.2083333
2005-08-06	23.8333333
2005-08-07	26.5000000
2005-08-08	20.5833333
2005-08-09	16.2083333
2005-08-10	12.6250000
2005-08-11	18.5833333
2005-08-12	16.5416667
2005-08-13	14.7500000
2005-08-14	19.0833333
2005-08-15	17.3750000
2005-08-16	18.1666667
2005-08-17	15.0000000
2005-08-18	20.9583333
2005-08-19	21.9583333
2005-08-20	23.0416667
2005-08-21	17.7916667
2005-08-22	22.8333333
2005-08-23	26.2916667
2005-08-24	22.0833333
2005-08-25	17.1250000
2005-08-26	18.4583333
2005-08-27	17.3333333
2005-08-28	18.8333333
2005-08-29	25.2500000
2005-08-30	22.6250000
2005-08-31	20.8333333
2005-09-01	29.6250000
2005-09-02	26.6250000
2005-09-03	19.2500000
2005-09-04	14.9583333
2005-09-05	20.3333333
2005-09-06	21.0416667
2005-09-07	20.0833333
2005-09-08	22.5416667
2005-09-09	27.7500000
2005-09-10	20.3333333
2005-09-11	28.6250000
2005-09-12	28.0416667
2005-09-13	24.5833333
2005-09-14	24.1250000
2005-09-15	25.6250000
2005-09-16	22.5000000
2005-09-17	20.1250000
2005-09-18	18.2916667
2005-09-19	21.6250000
2005-09-20	26.2500000
2005-09-21	26.7916667
2005-09-22	24.0833333
2005-09-23	17.5000000
2005-09-24	19.4166667
2005-09-25	26.5416667
2005-09-26	28.3333333
2005-09-27	24.7916667
2005-09-28	25.8333333
2005-09-29	25.0416667
2005-09-30	22.4583333
2005-10-01	26.0416667
2005-10-02	27.4166667
2005-10-03	26.8750000
2005-10-04	28.6250000
2005-10-05	23.4583333
2005-10-06	21.3750000
2005-10-07	22.0416667
2005-10-08	27.4583333
2005-10-09	18.7500000
2005-10-10	17.3333333
2005-10-11	26.1250000
2005-10-12	23.3333333
2005-10-13	26.0000000
2005-10-14	21.4583333
2005-10-15	23.0000000
2005-10-16	24.0416667
2005-10-17	25.7083333
2005-10-18	17.8750000
2005-10-19	18.0833333
2005-10-20	17.8750000
2005-10-21	20.5416667
2005-10-22	14.6250000
2005-10-23	12.7500000
2005-10-24	13.7500000
2005-10-25	13.0416667
2005-10-26	18.2083333
2005-10-27	31.5000000
2005-10-28	17.4583333
2005-10-29	16.5833333
2005-10-30	12.8750000
2005-10-31	20.3750000
2005-11-01	17.4166667
2005-11-02	16.9583333
2005-11-03	14.2916667
2005-11-04	16.3750000
2005-11-05	18.8333333
2005-11-06	19.9583333
2005-11-07	24.1666667
2005-11-08	15.0000000
2005-11-09	23.8750000
2005-11-10	24.0000000
2005-11-11	17.8333333
2005-11-12	16.2083333
2005-11-13	16.9166667
2005-11-14	22.5000000
2005-11-15	16.3750000
2005-11-16	22.7083333
2005-11-17	24.5416667
2005-11-18	21.0000000
2005-11-19	19.7083333
2005-11-20	11.7916667
2005-11-21	15.9166667
2005-11-22	15.5833333
2005-11-23	14.9583333
2005-11-24	20.7916667
2005-11-25	19.7083333
2005-11-26	21.7916667
2005-11-27	13.9583333
2005-11-28	18.7916667
2005-11-29	27.6250000
2005-11-30	28.3333333
2005-12-01	18.7500000
2005-12-02	17.3750000
2005-12-03	19.2500000
2005-12-04	19.8333333
2005-12-05	21.1250000
2005-12-06	23.1250000
2005-12-07	19.3333333
2005-12-08	14.4583333
2005-12-09	15.6250000
2005-12-10	22.1250000
2005-12-11	18.0833333
2005-12-12	18.5833333
2005-12-13	20.0416667
2005-12-14	17.6250000
2005-12-15	26.4583333
2005-12-16	20.1250000
2005-12-17	11.5416667
2005-12-18	13.4583333
2005-12-19	13.7500000
2005-12-20	18.6250000
2005-12-21	19.5416667
2005-12-22	19.4166667
2005-12-23	17.2500000
2005-12-24	20.7500000
2005-12-25	18.3333333
2005-12-26	16.5416667
2005-12-27	9.7083333
2005-12-28	10.8333333
2005-12-29	10.0416667
2005-12-30	14.5416667
2005-12-31	16.9166667
2006-01-01	27.7872340
2006-01-02	17.4166667
2006-01-03	23.2500000
2006-01-04	29.6666667
2006-01-05	23.0416667
2006-01-06	44.5833333
2006-01-07	44.9166667
2006-01-08	28.6666667
2006-01-09	23.9583333
2006-01-10	23.0833333
2006-01-11	16.7083333
2006-01-12	18.7083333
2006-01-13	15.6250000
2006-01-14	17.9166667
2006-01-15	17.9583333
2006-01-16	16.0000000
2006-01-17	12.2083333
2006-01-18	21.9583333
2006-01-19	13.7500000
2006-01-20	13.3333333
2006-01-21	25.2500000
2006-01-22	16.6666667
2006-01-23	21.8750000
2006-01-24	18.0833333
2006-01-25	16.2916667
2006-01-26	16.7500000
2006-01-27	13.5833333
2006-01-28	13.3750000
2006-01-29	19.2500000
2006-01-30	30.5416667
2006-01-31	24.7500000
2006-02-01	23.8750000
2006-02-02	29.9166667
2006-02-03	19.6250000
2006-02-04	24.9166667
2006-02-05	23.4583333
2006-02-06	23.4583333
2006-02-07	16.4166667
2006-02-08	22.7500000
2006-02-09	21.9166667
2006-02-10	20.2916667
2006-02-11	25.5416667
2006-02-12	21.9166667
2006-02-13	22.2083333
2006-02-14	26.1666667
2006-02-15	17.1250000
2006-02-16	24.5833333
2006-02-17	26.6250000
2006-02-18	12.4583333
2006-02-19	8.3750000
2006-02-20	17.7500000
2006-02-21	26.9583333
2006-02-22	37.0000000
2006-02-23	28.8333333
2006-02-24	29.9583333
2006-02-25	31.1666667
2006-02-26	47.0000000
2006-02-27	45.3333333
2006-02-28	37.7083333
2006-03-01	40.4166667
2006-03-02	29.4166667
2006-03-03	30.1250000
2006-03-04	33.4583333
2006-03-05	31.0416667
2006-03-06	20.4583333
2006-03-07	39.3750000
2006-03-08	34.8750000
2006-03-09	39.2916667
2006-03-10	37.2083333
2006-03-11	35.7083333
2006-03-12	34.8750000
2006-03-13	101.2916667
2006-03-14	124.7083333
2006-03-15	88.1666667
2006-03-16	55.5833333
2006-03-17	87.3333333
2006-03-18	71.0416667
2006-03-19	99.1250000
2006-03-20	115.8333333
2006-03-21	100.1250000
2006-03-22	66.8750000
2006-03-23	32.4166667
2006-03-24	68.7916667
2006-03-25	48.0000000
2006-03-26	34.5833333
2006-03-27	45.8750000
2006-03-28	46.0000000
2006-03-29	59.5833333
2006-03-30	57.1250000
2006-03-31	52.5000000
2006-04-01	40.7083333
2006-04-02	40.6666667
2006-04-03	43.4583333
2006-04-04	49.0833333
2006-04-05	36.2083333
2006-04-06	42.2500000
2006-04-07	50.2916667
2006-04-08	54.7916667
2006-04-09	28.6250000
2006-04-10	41.2916667
2006-04-11	50.5416667
2006-04-12	30.6666667
2006-04-13	27.9583333
2006-04-14	25.6250000
2006-04-15	24.2083333
2006-04-16	5.8750000
2006-04-17	7.1250000
2006-04-18	42.3333333
2006-04-19	75.3750000
2006-04-20	60.7916667
2006-04-21	29.2083333
2006-04-22	34.9166667
2006-04-23	38.0000000
2006-04-24	37.7916667
2006-04-25	23.5416667
2006-04-26	12.6666667
2006-04-27	10.6666667
2006-04-28	22.0416667
2006-04-29	9.5000000
2006-04-30	16.9583333
2006-05-01	9.5416667
2006-05-02	17.2500000
2006-05-03	8.3750000
2006-05-04	17.1250000
2006-05-05	23.1250000
2006-05-06	21.7500000
2006-05-07	18.9166667
2006-05-08	11.0000000
2006-05-09	10.7083333
2006-05-10	13.7916667
2006-05-11	10.1666667
2006-05-12	18.9166667
2006-05-13	23.2916667
2006-05-14	10.1666667
2006-05-15	14.7500000
2006-05-16	12.7083333
2006-05-17	21.0416667
2006-05-18	41.5000000
2006-05-19	34.7500000
2006-05-20	26.8750000
2006-05-21	21.2916667
2006-05-22	33.5833333
2006-05-23	18.6250000
2006-05-24	19.6666667
2006-05-25	11.5000000
2006-05-26	11.6250000
2006-05-27	11.5833333
2006-05-28	12.9583333
2006-05-29	9.9583333
2006-05-30	24.5416667
2006-05-31	12.8333333
2006-06-01	11.8333333
2006-06-02	14.5000000
2006-06-03	9.6666667
2006-06-04	7.8750000
2006-06-05	9.9166667
2006-06-06	10.8750000
2006-06-07	20.5416667
2006-06-08	19.5000000
2006-06-09	14.6666667
2006-06-10	11.1250000
2006-06-11	11.4583333
2006-06-12	10.1666667
2006-06-13	23.9583333
2006-06-14	40.7916667
2006-06-15	19.1250000
2006-06-16	12.9166667
2006-06-17	12.3750000
2006-06-18	13.1666667
2006-06-19	11.3333333
2006-06-20	20.0833333
2006-06-21	12.5416667
2006-06-22	22.1250000
2006-06-23	16.1666667
2006-06-24	20.4166667
2006-06-25	13.2083333
2006-06-26	13.5833333
2006-06-27	19.6666667
2006-06-28	26.4166667
2006-06-29	17.7500000
2006-06-30	17.7916667
2006-07-01	20.4583333
2006-07-02	15.9583333
2006-07-03	19.6250000
2006-07-04	19.0833333
2006-07-05	19.6250000
2006-07-06	17.9583333
2006-07-07	21.0416667
2006-07-08	12.3750000
2006-07-09	12.5833333
2006-07-10	20.6666667
2006-07-11	16.9166667
2006-07-12	15.7916667
2006-07-13	16.3750000
2006-07-14	17.8333333
2006-07-15	13.2500000
2006-07-16	13.7083333
2006-07-17	14.7083333
2006-07-18	16.0833333
2006-07-19	16.9583333
2006-07-20	17.9166667
2006-07-21	12.4166667
2006-07-22	13.5416667
2006-07-23	14.7083333
2006-07-24	19.8750000
2006-07-25	22.9583333
2006-07-26	16.0000000
2006-07-27	17.7500000
2006-07-28	17.5833333
2006-07-29	16.5000000
2006-07-30	15.6666667
2006-07-31	18.2500000
2006-08-01	20.8333333
2006-08-02	18.8750000
2006-08-03	36.4583333
2006-08-04	33.2083333
2006-08-05	18.3333333
2006-08-06	13.5416667
2006-08-07	17.4166667
2006-08-08	24.5000000
2006-08-09	25.5000000
2006-08-10	16.3750000
2006-08-11	18.0833333
2006-08-12	19.3750000
2006-08-13	12.2083333
2006-08-14	16.5416667
2006-08-15	14.8333333
2006-08-16	17.7916667
2006-08-17	21.5416667
2006-08-18	20.8750000
2006-08-19	20.0416667
2006-08-20	17.5833333
2006-08-21	16.9166667
2006-08-22	22.3750000
2006-08-23	26.4583333
2006-08-24	28.0000000
2006-08-25	32.6250000
2006-08-26	26.8750000
2006-08-27	22.3333333
2006-08-28	24.8750000
2006-08-29	25.8333333
2006-08-30	30.1666667
2006-08-31	28.6250000
2006-09-01	30.1666667
2006-09-02	27.4583333
2006-09-03	24.2083333
2006-09-04	28.6666667
2006-09-05	28.7083333
2006-09-06	32.0416667
2006-09-07	26.2916667
2006-09-08	25.2083333
2006-09-09	20.8750000
2006-09-10	20.5833333
2006-09-11	28.8750000
2006-09-12	31.6250000
2006-09-13	17.5000000
2006-09-14	14.5000000
2006-09-15	19.2916667
2006-09-16	24.4166667
2006-09-17	30.1666667
2006-09-18	27.2083333
2006-09-19	21.8333333
2006-09-20	14.4166667
2006-09-21	14.3750000
2006-09-22	22.9166667
2006-09-23	22.6666667
2006-09-24	19.3333333
2006-09-25	25.7500000
2006-09-26	23.5416667
2006-09-27	23.4166667
2006-09-28	25.2916667
2006-09-29	34.3333333
2006-09-30	26.9583333
2006-10-01	21.3333333
2006-10-02	24.5833333
2006-10-03	23.7916667
2006-10-04	29.0833333
2006-10-05	25.2500000
2006-10-06	24.2083333
2006-10-07	16.2500000
2006-10-08	24.0833333
2006-10-09	24.1250000
2006-10-10	22.5416667
2006-10-11	24.9166667
2006-10-12	23.7500000
2006-10-13	17.3750000
2006-10-14	18.0000000
2006-10-15	13.1250000
2006-10-16	13.8333333
2006-10-17	12.5833333
2006-10-18	22.6666667
2006-10-19	19.9166667
2006-10-20	21.0416667
2006-10-21	16.5000000
2006-10-22	9.9166667
2006-10-23	14.0416667
2006-10-24	19.8333333
2006-10-25	22.9166667
2006-10-26	29.4583333
2006-10-27	23.4583333
2006-10-28	16.4583333
2006-10-29	18.0416667
2006-10-30	18.6666667
2006-10-31	16.9583333
2006-11-01	20.7083333
2006-11-02	25.4166667
2006-11-03	22.2916667
2006-11-04	19.0416667
2006-11-05	10.8333333
2006-11-06	13.4583333
2006-11-07	20.5833333
2006-11-08	23.7916667
2006-11-09	16.4583333
2006-11-10	15.5833333
2006-11-11	16.3333333
2006-11-12	14.1250000
2006-11-13	18.9583333
2006-11-14	18.9583333
2006-11-15	21.7500000
2006-11-16	27.3333333
2006-11-17	24.8333333
2006-11-18	17.2500000
2006-11-19	15.3333333
2006-11-20	19.1250000
2006-11-21	20.5000000
2006-11-22	12.6250000
2006-11-23	14.3750000
2006-11-24	19.4166667
2006-11-25	17.4583333
2006-11-26	14.5416667
2006-11-27	18.2500000
2006-11-28	29.7500000
2006-11-29	24.0000000
2006-11-30	18.7500000
2006-12-01	19.3333333
2006-12-02	14.8750000
2006-12-03	15.7500000
2006-12-04	18.9166667
2006-12-05	24.8750000
2006-12-06	22.8333333
2006-12-07	15.3333333
2006-12-08	43.1250000
2006-12-09	36.0000000
2006-12-10	22.2500000
2006-12-11	41.3333333
2006-12-12	28.9583333
2006-12-13	41.2916667
2006-12-14	51.7500000
2006-12-15	48.3333333
2006-12-16	21.7916667
2006-12-17	18.8333333
2006-12-18	22.5833333
2006-12-19	17.1666667
2006-12-20	18.5000000
2006-12-21	36.2916667
2006-12-22	27.1666667
2006-12-23	26.4166667
2006-12-24	32.3333333
2006-12-25	30.1250000
2006-12-26	27.0833333
2006-12-27	28.6666667
2006-12-28	27.1250000
2006-12-29	25.7500000
2006-12-30	36.5416667
2006-12-31	47.9166667
2007-01-01	53.7200000
2007-01-02	38.9583333
2007-01-03	23.0000000
2007-01-04	101.9583333
2007-01-05	77.5833333
2007-01-06	108.0000000
2007-01-07	123.2500000
2007-01-08	38.0833333
2007-01-09	19.0416667
2007-01-10	76.2083333
2007-01-11	32.0833333
2007-01-12	29.3333333
2007-01-13	33.7083333
2007-01-14	23.8750000
2007-01-15	59.0833333
2007-01-16	85.0416667
2007-01-17	93.4166667
2007-01-18	29.5416667
2007-01-19	104.8750000
2007-01-20	74.4166667
2007-01-21	64.3750000
2007-01-22	43.8333333
2007-01-23	53.0833333
2007-01-24	59.3750000
2007-01-25	80.6666667
2007-01-26	80.2083333
2007-01-27	69.9166667
2007-01-28	72.6666667
2007-01-29	61.8750000
2007-01-30	36.1666667
2007-01-31	27.7500000
2007-02-01	24.2916667
2007-02-02	26.9166667
2007-02-03	24.9166667
2007-02-04	22.9166667
2007-02-05	23.0833333
2007-02-06	26.1250000
2007-02-07	26.3750000
2007-02-08	26.3333333
2007-02-09	28.1666667
2007-02-10	32.6250000
2007-02-11	13.7083333
2007-02-12	27.8750000
2007-02-13	27.1666667
2007-02-14	47.9166667
2007-02-15	46.2916667
2007-02-16	70.6250000
2007-02-17	68.5000000
2007-02-18	71.8750000
2007-02-19	51.4166667
2007-02-20	49.7916667
2007-02-21	32.3750000
2007-02-22	28.5000000
2007-02-23	19.5416667
2007-02-24	30.5000000
2007-02-25	50.0416667
2007-02-26	61.6250000
2007-02-27	46.4583333
2007-02-28	45.7500000
2007-03-01	49.0833333
2007-03-02	73.6250000
2007-03-03	83.3333333
2007-03-04	88.8333333
2007-03-05	78.0000000
2007-03-06	74.2500000
2007-03-07	54.3750000
2007-03-08	119.7083333
2007-03-09	139.7083333
2007-03-10	94.1250000
2007-03-11	74.9166667
2007-03-12	49.5833333
2007-03-13	48.1250000
2007-03-14	47.8750000
2007-03-15	64.2916667
2007-03-16	43.2916667
2007-03-17	49.8750000
2007-03-18	21.9166667
2007-03-19	29.4166667
2007-03-20	27.3333333
2007-03-21	39.8333333
2007-03-22	17.1666667
2007-03-23	24.1250000
2007-03-24	23.0000000
2007-03-25	27.2500000
2007-03-26	33.3750000
2007-03-27	29.8333333
2007-03-28	29.2916667
2007-03-29	28.0833333
2007-03-30	22.3750000
2007-03-31	21.5833333
2007-04-01	15.2916667
2007-04-02	6.9166667
2007-04-03	13.3333333
2007-04-04	35.2500000
2007-04-05	37.6666667
2007-04-06	40.5416667
2007-04-07	63.0416667
2007-04-08	60.9583333
2007-04-09	40.9166667
2007-04-10	36.0416667
2007-04-11	33.3333333
2007-04-12	12.0000000
2007-04-13	13.3750000
2007-04-14	12.7500000
2007-04-15	16.4166667
2007-04-16	38.9166667
2007-04-17	62.0000000
2007-04-18	57.8750000
2007-04-19	45.8750000
2007-04-20	48.0833333
2007-04-21	49.8333333
2007-04-22	40.9166667
2007-04-23	25.4166667
2007-04-24	16.1666667
2007-04-25	29.4166667
2007-04-26	28.2916667
2007-04-27	10.1666667
2007-04-28	0.0000000
2007-04-29	0.0000000
2007-04-30	10.0000000
2007-05-01	27.8333333
2007-05-02	22.7500000
2007-05-03	15.2083333
2007-05-04	12.5000000
2007-05-05	35.2916667
2007-05-06	20.7916667
2007-05-07	22.3750000
2007-05-08	33.5416667
2007-05-09	29.2083333
2007-05-10	24.0833333
2007-05-11	10.2500000
2007-05-12	10.7916667
2007-05-13	10.2500000
2007-05-14	22.2083333
2007-05-15	55.0833333
2007-05-16	12.0416667
2007-05-17	0.0000000
2007-05-18	15.5833333
2007-05-19	15.0416667
2007-05-20	9.7500000
2007-05-21	13.2500000
2007-05-22	10.5833333
2007-05-23	17.8333333
2007-05-24	12.2916667
2007-05-25	12.4166667
2007-05-26	10.0000000
2007-05-27	10.7916667
2007-05-28	13.7500000
2007-05-29	8.4583333
2007-05-30	14.9583333
2007-05-31	14.5833333
2007-06-01	15.5000000
2007-06-02	11.9583333
2007-06-03	11.7916667
2007-06-04	11.5000000
2007-06-05	14.4166667
2007-06-06	18.4583333
2007-06-07	21.1250000
2007-06-08	18.2500000
2007-06-09	16.0416667
2007-06-10	39.5416667
2007-06-11	41.4166667
2007-06-12	17.5000000
2007-06-13	15.7083333
2007-06-14	26.0833333
2007-06-15	25.8333333
2007-06-16	16.9583333
2007-06-17	13.2916667
2007-06-18	15.8750000
2007-06-19	21.8750000
2007-06-20	22.6666667
2007-06-21	20.0416667
2007-06-22	20.0000000
2007-06-23	14.0833333
2007-06-24	12.8750000
2007-06-25	21.0833333
2007-06-26	14.6250000
2007-06-27	20.0833333
2007-06-28	26.8333333
2007-06-29	24.0833333
2007-06-30	19.7083333
2007-07-01	12.4583333
2007-07-02	16.2083333
2007-07-03	16.6250000
2007-07-04	14.7083333
2007-07-05	16.6666667
2007-07-06	18.4583333
2007-07-07	15.8750000
2007-07-08	16.0833333
2007-07-09	23.0833333
2007-07-10	14.7500000
2007-07-11	13.5416667
2007-07-12	17.2500000
2007-07-13	15.6666667
2007-07-14	18.0000000
2007-07-15	13.5416667
2007-07-16	18.2500000
2007-07-17	14.2916667
2007-07-18	20.0000000
2007-07-19	18.1250000
2007-07-20	17.0000000
2007-07-21	21.4583333
2007-07-22	18.0833333
2007-07-23	19.4583333
2007-07-24	20.1250000
2007-07-25	17.8333333
2007-07-26	18.7500000
2007-07-27	19.6250000
2007-07-28	19.5000000
2007-07-29	19.8333333
2007-07-30	10.3750000
2007-07-31	12.2500000
2007-08-01	20.3750000
2007-08-02	24.6666667
2007-08-03	23.5000000
2007-08-04	22.6250000
2007-08-05	18.7500000
2007-08-06	19.5416667
2007-08-07	23.5000000
2007-08-08	21.6666667
2007-08-09	20.1666667
2007-08-10	23.2916667
2007-08-11	23.0000000
2007-08-12	15.6666667
2007-08-13	25.8750000
2007-08-14	27.0833333
2007-08-15	23.7083333
2007-08-16	26.2916667
2007-08-17	26.2500000
2007-08-18	23.0416667
2007-08-19	23.8333333
2007-08-20	28.0416667
2007-08-21	22.5833333
2007-08-22	18.7500000
2007-08-23	19.8750000
2007-08-24	8.2083333
2007-08-25	24.0416667
2007-08-26	20.7916667
2007-08-27	22.0000000
2007-08-28	19.7083333
2007-08-29	19.4583333
2007-08-30	25.1250000
2007-08-31	30.4583333
2007-09-01	28.0833333
2007-09-02	26.4166667
2007-09-03	24.4166667
2007-09-04	24.3750000
2007-09-05	27.9583333
2007-09-06	29.1666667
2007-09-07	23.1666667
2007-09-08	22.7916667
2007-09-09	23.5416667
2007-09-10	25.2916667
2007-09-11	22.7500000
2007-09-12	30.5833333
2007-09-13	30.3750000
2007-09-14	29.4166667
2007-09-15	27.3750000
2007-09-16	19.0416667
2007-09-17	28.5833333
2007-09-18	28.4583333
2007-09-19	27.0416667
2007-09-20	28.7500000
2007-09-21	36.0833333
2007-09-22	31.8333333
2007-09-23	27.2500000
2007-09-24	26.7500000
2007-09-25	23.6250000
2007-09-26	16.5416667
2007-09-27	22.7083333
2007-09-28	30.2916667
2007-09-29	28.9583333
2007-09-30	27.1250000
2007-10-01	29.2500000
2007-10-02	21.7500000
2007-10-03	24.4583333
2007-10-04	27.3750000
2007-10-05	20.8333333
2007-10-06	15.4166667
2007-10-07	14.1666667
2007-10-08	20.5833333
2007-10-09	26.8333333
2007-10-10	26.7083333
2007-10-11	27.7083333
2007-10-12	21.5833333
2007-10-13	20.4583333
2007-10-14	22.0000000
2007-10-15	26.0833333
2007-10-16	19.4166667
2007-10-17	16.1250000
2007-10-18	18.0833333
2007-10-19	16.0416667
2007-10-20	18.5000000
2007-10-21	16.7916667
2007-10-22	17.3750000
2007-10-23	19.4583333
2007-10-24	25.1666667
2007-10-25	22.9166667
2007-10-26	24.3333333
2007-10-27	24.2083333
2007-10-28	17.9166667
2007-10-29	21.8750000
2007-10-30	42.1666667
2007-10-31	31.1666667
2007-11-01	24.5000000
2007-11-02	21.2083333
2007-11-03	17.1666667
2007-11-04	17.7083333
2007-11-05	38.3750000
2007-11-06	23.1250000
2007-11-07	22.3750000
2007-11-08	19.8750000
2007-11-09	19.5833333
2007-11-10	18.8750000
2007-11-11	65.2916667
2007-11-12	82.6666667
2007-11-13	47.5000000
2007-11-14	24.6250000
2007-11-15	24.5416667
2007-11-16	25.2500000
2007-11-17	23.0416667
2007-11-18	20.7500000
2007-11-19	25.1666667
2007-11-20	21.7916667
2007-11-21	17.9166667
2007-11-22	19.7500000
2007-11-23	31.3333333
2007-11-24	51.3750000
2007-11-25	18.0416667
2007-11-26	0.0000000
2007-11-27	0.0000000
2007-11-28	0.0000000
2007-11-29	0.0000000
2007-11-30	0.0000000
2007-12-01	0.0000000
2007-12-02	0.0000000
2007-12-03	0.0000000
2007-12-04	0.0000000
2007-12-05	0.0000000
2007-12-06	0.0000000
2007-12-07	0.0000000
2007-12-08	0.0000000
2007-12-09	0.0000000
2007-12-10	0.0000000
2007-12-11	0.0000000
2007-12-12	0.0000000
2007-12-13	0.0000000
2007-12-14	0.0000000
2007-12-15	0.0000000
2007-12-16	0.0000000
2007-12-17	0.0000000
2007-12-18	0.0000000
2007-12-19	0.0000000
2007-12-20	0.0000000
2007-12-21	2.1250000
2007-12-22	17.7916667
2007-12-23	19.5833333
2007-12-24	28.0833333
2007-12-25	23.1250000
2007-12-26	25.8333333
2007-12-27	33.0000000
2007-12-28	38.6250000
2007-12-29	24.5833333
2007-12-30	15.8750000
2007-12-31	16.3750000
2008-01-01	28.3750000
2008-01-02	56.1250000
2008-01-03	58.2500000
2008-01-04	84.5833333
2008-01-05	67.9166667
2008-01-06	29.1666667
2008-01-07	36.3750000
2008-01-08	34.4166667
2008-01-09	34.3333333
2008-01-10	30.2083333
2008-01-11	42.9583333
2008-01-12	30.9583333
2008-01-13	56.2916667
2008-01-14	41.2083333
2008-01-15	39.0833333
2008-01-16	40.3750000
2008-01-17	17.6666667
2008-01-18	40.2916667
2008-01-19	49.2916667
2008-01-20	39.0416667
2008-01-21	38.2916667
2008-01-22	25.5416667
2008-01-23	23.6250000
2008-01-24	23.5000000
2008-01-25	21.7916667
2008-01-26	18.1250000
2008-01-27	16.0416667
2008-01-28	43.7083333
2008-01-29	69.5000000
2008-01-30	65.4166667
2008-01-31	51.3750000
2008-02-01	34.9583333
2008-02-02	33.2916667
2008-02-03	25.0000000
2008-02-04	11.7500000
2008-02-05	39.7916667
2008-02-06	48.7500000
2008-02-07	56.6250000
2008-02-08	62.9166667
2008-02-09	52.9166667
2008-02-10	38.8750000
2008-02-11	40.8333333
2008-02-12	34.6666667
2008-02-13	28.9166667
2008-02-14	32.7500000
2008-02-15	33.4166667
2008-02-16	29.5833333
2008-02-17	24.7916667
2008-02-18	15.5416667
2008-02-19	9.3750000
2008-02-20	11.8333333
2008-02-21	26.7500000
2008-02-22	35.6250000
2008-02-23	37.2500000
2008-02-24	53.3750000
2008-02-25	47.3750000
2008-02-26	63.7500000
2008-02-27	48.5833333
2008-02-28	69.5416667
2008-02-29	69.2500000
2008-03-01	49.3750000
2008-03-02	25.8750000
2008-03-03	16.0416667
2008-03-04	46.0416667
2008-03-05	51.7500000
2008-03-06	45.7083333
2008-03-07	27.3750000
2008-03-08	24.9166667
2008-03-09	15.4166667
2008-03-10	23.7500000
2008-03-11	33.1666667
2008-03-12	42.5000000
2008-03-13	64.5416667
2008-03-14	61.2916667
2008-03-15	49.1666667
2008-03-16	19.9166667
2008-03-17	16.6666667
2008-03-18	17.1250000
2008-03-19	22.4583333
2008-03-20	23.6250000
2008-03-21	41.0833333
2008-03-22	72.9583333
2008-03-23	51.1666667
2008-03-24	37.3333333
2008-03-25	45.5416667
2008-03-26	33.7083333
2008-03-27	24.9583333
2008-03-28	24.7916667
2008-03-29	30.8333333
2008-03-30	20.1250000
2008-03-31	28.0000000
2008-04-01	29.2083333
2008-04-02	42.5833333
2008-04-03	69.2083333
2008-04-04	77.7916667
2008-04-05	59.2083333
2008-04-06	47.2083333
2008-04-07	43.9583333
2008-04-08	30.6250000
2008-04-09	26.2916667
2008-04-10	17.8750000
2008-04-11	31.1250000
2008-04-12	21.5000000
2008-04-13	31.5833333
2008-04-14	31.5416667
2008-04-15	30.2916667
2008-04-16	28.7083333
2008-04-17	25.7916667
2008-04-18	31.3333333
2008-04-19	30.6250000
2008-04-20	31.5000000
2008-04-21	36.8333333
2008-04-22	17.0833333
2008-04-23	15.6666667
2008-04-24	31.0416667
2008-04-25	36.6666667
2008-04-26	37.0416667
2008-04-27	35.5416667
2008-04-28	35.0416667
2008-04-29	36.8333333
2008-04-30	35.5000000
2008-05-01	31.1250000
2008-05-02	30.2916667
2008-05-03	32.5000000
2008-05-04	22.3750000
2008-05-05	38.6250000
2008-05-06	44.9166667
2008-05-07	39.1250000
2008-05-08	39.4583333
2008-05-09	40.4166667
2008-05-10	41.2916667
2008-05-11	38.5833333
2008-05-12	32.6666667
2008-05-13	24.9166667
2008-05-14	30.0000000
2008-05-15	23.7916667
2008-05-16	24.5416667
2008-05-17	27.4583333
2008-05-18	32.6666667
2008-05-19	25.9583333
2008-05-20	22.3333333
2008-05-21	24.5833333
2008-05-22	20.6666667
2008-05-23	24.1666667
2008-05-24	21.2916667
2008-05-25	25.6666667
2008-05-26	22.6666667
2008-05-27	24.3333333
2008-05-28	31.3333333
2008-05-29	27.9166667
2008-05-30	23.0000000
2008-05-31	19.4583333
2008-06-01	19.4166667
2008-06-02	16.2500000
2008-06-03	17.9166667
2008-06-04	22.9166667
2008-06-05	24.7500000
2008-06-06	20.3333333
2008-06-07	19.1250000
2008-06-08	19.9583333
2008-06-09	16.5000000
2008-06-10	15.5000000
2008-06-11	15.5416667
2008-06-12	16.6250000
2008-06-13	20.4583333
2008-06-14	27.1666667
2008-06-15	24.7500000
2008-06-16	18.0833333
2008-06-17	17.2916667
2008-06-18	17.7500000
2008-06-19	17.8333333
2008-06-20	17.8333333
2008-06-21	20.3333333
2008-06-22	21.0000000
2008-06-23	18.0000000
2008-06-24	16.8750000
2008-06-25	14.7500000
2008-06-26	25.9583333
2008-06-27	32.7500000
2008-06-28	37.4166667
2008-06-29	33.8333333
2008-06-30	34.9583333
2008-07-01	36.7916667
2008-07-02	32.6250000
2008-07-03	33.3750000
2008-07-04	29.4166667
2008-07-05	32.3333333
2008-07-06	37.4583333
2008-07-07	34.8333333
2008-07-08	31.3333333
2008-07-09	29.8333333
2008-07-10	35.1666667
2008-07-11	30.9583333
2008-07-12	35.1250000
2008-07-13	35.6666667
2008-07-14	30.3333333
2008-07-15	31.8333333
2008-07-16	33.1666667
2008-07-17	25.4583333
2008-07-18	11.7500000
2008-07-19	0.0000000
2008-07-20	0.0000000
2008-07-21	5.6250000
2008-07-22	37.8333333
2008-07-23	33.6250000
2008-07-24	32.7500000
2008-07-25	33.5416667
2008-07-26	36.8750000
2008-07-27	39.5416667
2008-07-28	34.0833333
2008-07-29	32.1666667
2008-07-30	33.1250000
2008-07-31	34.8333333
2008-08-01	32.8333333
2008-08-02	35.7083333
2008-08-03	36.2916667
2008-08-04	33.9583333
2008-08-05	33.1250000
2008-08-06	30.8333333
2008-08-07	31.5833333
2008-08-08	32.2916667
2008-08-09	34.7916667
2008-08-10	33.6250000
2008-08-11	35.5833333
2008-08-12	34.3333333
2008-08-13	34.0416667
2008-08-14	32.2083333
2008-08-15	32.8333333
2008-08-16	35.1666667
2008-08-17	35.4166667
2008-08-18	31.1666667
2008-08-19	28.3750000
2008-08-20	28.2083333
2008-08-21	27.6666667
2008-08-22	30.2500000
2008-08-23	34.7916667
2008-08-24	34.0416667
2008-08-25	28.5833333
2008-08-26	31.0416667
2008-08-27	30.0000000
2008-08-28	30.6250000
2008-08-29	32.9166667
2008-08-30	34.4166667
2008-08-31	35.2916667
2008-09-01	32.5000000
2008-09-02	33.1666667
2008-09-03	33.5416667
2008-09-04	32.0833333
2008-09-05	19.5416667
2008-09-06	14.0833333
2008-09-07	15.3750000
2008-09-08	15.9583333
2008-09-09	16.3333333
2008-09-10	16.5000000
2008-09-11	17.5833333
2008-09-12	18.3750000
2008-09-13	17.9166667
2008-09-14	18.1250000
2008-09-15	17.2083333
2008-09-16	7.2083333
2008-09-17	7.8333333
2008-09-18	7.8333333
2008-09-19	8.9166667
2008-09-20	9.2500000
2008-09-21	7.8333333
2008-09-22	7.6666667
2008-09-23	7.2500000
2008-09-24	8.1250000
2008-09-25	7.8750000
2008-09-26	7.2500000
2008-09-27	8.1666667
2008-09-28	9.6666667
2008-09-29	9.9583333
2008-09-30	8.5416667
2008-10-01	7.7500000
2008-10-02	7.0416667
2008-10-03	7.5833333
2008-10-04	9.1250000
2008-10-05	7.7083333
2008-10-06	7.3750000
2008-10-07	7.9583333
2008-10-08	9.1250000
2008-10-09	9.0000000
2008-10-10	8.2083333
2008-10-11	9.7916667
2008-10-12	9.7916667
2008-10-13	10.4166667
2008-10-14	10.5000000
2008-10-15	9.2500000
2008-10-16	8.3750000
2008-10-17	7.3333333
2008-10-18	9.1250000
2008-10-19	8.5000000
2008-10-20	8.1250000
2008-10-21	9.4583333
2008-10-22	9.0000000
2008-10-23	9.3750000
2008-10-24	10.9583333
2008-10-25	11.5416667
2008-10-26	12.9583333
2008-10-27	9.0833333
2008-10-28	8.4583333
2008-10-29	9.7916667
2008-10-30	12.2916667
2008-10-31	11.5416667
2008-11-01	8.8750000
2008-11-02	10.8750000
2008-11-03	9.9166667
2008-11-04	20.2500000
2008-11-05	13.9166667
2008-11-06	9.7500000
2008-11-07	9.4583333
2008-11-08	10.5833333
2008-11-09	8.0000000
2008-11-10	8.9583333
2008-11-11	12.8333333
2008-11-12	13.8750000
2008-11-13	9.5416667
2008-11-14	13.1666667
2008-11-15	31.1250000
2008-11-16	10.5833333
2008-11-17	11.0833333
2008-11-18	17.5000000
2008-11-19	12.7916667
2008-11-20	11.0833333
2008-11-21	11.5833333
2008-11-22	12.7500000
2008-11-23	12.8333333
2008-11-24	10.2083333
2008-11-25	11.3333333
2008-11-26	11.5833333
2008-11-27	12.2083333
2008-11-28	12.5416667
2008-11-29	12.6666667
2008-11-30	18.4583333
2008-12-01	10.9583333
2008-12-02	15.0833333
2008-12-03	14.2500000
2008-12-04	11.0000000
2008-12-05	11.3333333
2008-12-06	12.2083333
2008-12-07	11.4583333
2008-12-08	11.2500000
2008-12-09	10.4583333
2008-12-10	11.0833333
2008-12-11	11.6250000
2008-12-12	12.3750000
2008-12-13	12.8333333
2008-12-14	10.7083333
2008-12-15	12.0416667
2008-12-16	11.1250000
2008-12-17	11.2916667
2008-12-18	11.2500000
2008-12-19	10.9166667
2008-12-20	17.7916667
2008-12-21	15.5416667
2008-12-22	17.6250000
2008-12-23	14.8333333
2008-12-24	15.0416667
2008-12-25	12.4166667
2008-12-26	12.0000000
2008-12-27	15.7500000
2008-12-28	12.5833333
2008-12-29	12.5416667
2008-12-30	14.6250000
2008-12-31	19.9166667
2009-01-01	0.0000000
2009-01-02	0.0000000
2009-01-03	0.0000000
2009-01-04	0.0000000
2009-01-05	0.0000000
2009-01-06	0.0000000
2009-01-07	0.0000000
2009-01-08	0.0000000
2009-01-09	0.0000000
2009-01-10	0.0000000
2009-01-11	0.0000000
2009-01-12	0.0000000
2009-01-13	0.0000000
2009-01-14	0.0000000
2009-01-15	0.0000000
2009-01-16	0.0000000
2009-01-17	0.0000000
2009-01-18	0.0000000
2009-01-19	0.0000000
2009-01-20	0.0000000
2009-01-21	0.0000000
2009-01-22	0.0000000
2009-01-23	0.0000000
2009-01-24	0.0000000
2009-01-25	0.0000000
2009-01-26	0.0000000
2009-01-27	0.0000000
2009-01-28	0.0000000
2009-01-29	0.0000000
2009-01-30	0.0000000
2009-01-31	0.0000000
2009-02-01	0.0000000
2009-02-02	0.0000000
2009-02-03	0.0000000
2009-02-04	0.0000000
2009-02-05	0.0000000
2009-02-06	0.0000000
2009-02-07	0.0000000
2009-02-08	0.0000000
2009-02-09	0.0000000
2009-02-10	0.0000000
2009-02-11	0.0000000
2009-02-12	0.0000000
2009-02-13	0.0000000
2009-02-14	0.0000000
2009-02-15	0.0000000
2009-02-16	0.0000000
2009-02-17	0.0000000
2009-02-18	0.0000000
2009-02-19	0.0000000
2009-02-20	0.0000000
2009-02-21	0.0000000
2009-02-22	0.0000000
2009-02-23	0.0000000
2009-02-24	0.0000000
2009-02-25	0.0000000
2009-02-26	0.0000000
2009-02-27	0.0000000
2009-02-28	0.0000000
2009-03-01	0.0000000
2009-03-02	0.0000000
2009-03-03	0.0000000
2009-03-04	0.0000000
2009-03-05	0.0000000
2009-03-06	0.0000000
2009-03-07	0.0000000
2009-03-08	0.0000000
2009-03-09	0.0000000
2009-03-10	0.0000000
2009-03-11	0.0000000
2009-03-12	0.0000000
2009-03-13	0.0000000
2009-03-14	0.0000000
2009-03-15	0.0000000
2009-03-16	0.0000000
2009-03-17	0.0000000
2009-03-18	0.0000000
2009-03-19	0.0000000
2009-03-20	0.0000000
2009-03-21	0.0000000
2009-03-22	0.0000000
2009-03-23	0.0000000
2009-03-24	0.0000000
2009-03-25	0.0000000
2009-03-26	0.0000000
2009-03-27	0.0000000
2009-03-28	0.0000000
2009-03-29	0.0000000
2009-03-30	0.0000000
2009-03-31	0.0000000
2009-04-01	0.0000000
2009-04-02	0.0000000
2009-04-03	0.0000000
2009-04-04	0.0000000
2009-04-05	0.0000000
2009-04-06	0.0000000
2009-04-07	0.0000000
2009-04-08	0.0000000
2009-04-09	0.0000000
2009-04-10	0.0000000
2009-04-11	0.0000000
2009-04-12	0.0000000
2009-04-13	0.0000000
2009-04-14	0.0000000
2009-04-15	0.0000000
2009-04-16	0.0000000
2009-04-17	0.0000000
2009-04-18	0.0000000
2009-04-19	0.0000000
2009-04-20	0.0000000
2009-04-21	0.0000000
2009-04-22	0.0000000
2009-04-23	0.0000000
2009-04-24	0.0000000
2009-04-25	0.0000000
2009-04-26	0.0000000
2009-04-27	0.0000000
2009-04-28	0.0000000
2009-04-29	0.0000000
2009-04-30	0.0000000
2009-05-01	0.0000000
2009-05-02	0.0000000
2009-05-03	0.0000000
2009-05-04	0.0000000
2009-05-05	0.0000000
2009-05-06	0.0000000
2009-05-07	0.0000000
2009-05-08	0.0000000
2009-05-09	0.0000000
2009-05-10	0.0000000
2009-05-11	0.0000000
2009-05-12	0.0000000
2009-05-13	0.0000000
2009-05-14	0.0000000
2009-05-15	0.0000000
2009-05-16	0.0000000
2009-05-17	0.0000000
2009-05-18	0.0000000
2009-05-19	0.0000000
2009-05-20	0.0000000
2009-05-21	0.0000000
2009-05-22	0.0000000
2009-05-23	0.0000000
2009-05-24	0.0000000
2009-05-25	0.0000000
2009-05-26	0.0000000
2009-05-27	0.0000000
2009-05-28	0.0000000
2009-05-29	0.0000000
2009-05-30	0.0000000
2009-05-31	0.0000000
2009-06-01	0.0000000
2009-06-02	0.0000000
2009-06-03	0.0000000
2009-06-04	0.0000000
2009-06-05	0.0000000
2009-06-06	0.0000000
2009-06-07	0.0000000
2009-06-08	0.0000000
2009-06-09	0.0000000
2009-06-10	0.0000000
2009-06-11	0.0000000
2009-06-12	0.0000000
2009-06-13	0.0000000
2009-06-14	0.0000000
2009-06-15	0.0000000
2009-06-16	0.0000000
2009-06-17	0.0000000
2009-06-18	0.0000000
2009-06-19	7.8333333
2009-06-20	15.2500000
2009-06-21	8.7500000
2009-06-22	20.4166667
2009-06-23	7.2916667
2009-06-24	0.0000000
2009-06-25	0.0000000
2009-06-26	0.0000000
2009-06-27	0.0000000
2009-06-28	0.0000000
2009-06-29	0.0000000
2009-06-30	0.0000000
2009-07-01	0.0000000
2009-07-02	6.5000000
2009-07-03	16.0416667
2009-07-04	14.6666667
2009-07-05	14.6250000
2009-07-06	12.0000000
2009-07-07	21.7083333
2009-07-08	22.4583333
2009-07-09	17.7916667
2009-07-10	8.0416667
2009-07-11	17.0000000
2009-07-12	11.9583333
2009-07-13	17.5833333
2009-07-14	14.7916667
2009-07-15	19.1250000
2009-07-16	18.9166667
2009-07-17	20.7500000
2009-07-18	13.7916667
2009-07-19	9.8333333
2009-07-20	14.5000000
2009-07-21	10.1250000
2009-07-22	0.0000000
2009-07-23	0.0000000
2009-07-24	0.0000000
2009-07-25	0.0000000
2009-07-26	0.0000000
2009-07-27	0.0000000
2009-07-28	0.0000000
2009-07-29	6.0416667
2009-07-30	9.7500000
2009-07-31	0.0000000
2009-08-01	0.0000000
2009-08-02	0.0000000
2009-08-03	0.0000000
2009-08-04	0.0000000
2009-08-05	0.0000000
2009-08-06	0.0000000
2009-08-07	0.0000000
2009-08-08	0.0000000
2009-08-09	0.0000000
2009-08-10	0.0000000
2009-08-11	0.0000000
2009-08-12	0.0000000
2009-08-13	0.0000000
2009-08-14	0.0000000
2009-08-15	0.0000000
2009-08-16	0.0000000
2009-08-17	0.0000000
2009-08-18	0.0000000
2009-08-19	0.0000000
2009-08-20	0.0000000
2009-08-21	0.0000000
2009-08-22	0.0000000
2009-08-23	0.0000000
2009-08-24	0.0000000
2009-08-25	0.0000000
2009-08-26	0.0000000
2009-08-27	0.0000000
2009-08-28	0.0000000
2009-08-29	0.0000000
2009-08-30	0.0000000
2009-08-31	0.0000000
2009-09-01	0.0000000
2009-09-02	0.0000000
2009-09-03	12.5000000
2009-09-04	29.9166667
2009-09-05	29.2500000
2009-09-06	22.6250000
2009-09-07	3.9166667
2009-09-08	0.0000000
2009-09-09	0.0000000
2009-09-10	0.0000000
2009-09-11	0.0000000
2009-09-12	0.0000000
2009-09-13	0.0000000
2009-09-14	0.0000000
2009-09-15	0.0000000
2009-09-16	13.2083333
2009-09-17	24.1666667
2009-09-18	24.2500000
2009-09-19	23.1666667
2009-09-20	29.0000000
2009-09-21	34.5416667
2009-09-22	30.9583333
2009-09-23	21.0833333
2009-09-24	20.5833333
2009-09-25	37.3750000
2009-09-26	28.3333333
2009-09-27	31.6250000
2009-09-28	34.2083333
2009-09-29	25.0000000
2009-09-30	29.2500000
2009-10-01	34.4583333
2009-10-02	39.1250000
2009-10-03	31.3333333
2009-10-04	27.3333333
2009-10-05	30.5416667
2009-10-06	33.2083333
2009-10-07	29.2916667
2009-10-08	39.0000000
2009-10-09	37.1666667
2009-10-10	41.0833333
2009-10-11	35.3333333
2009-10-12	29.6666667
2009-10-13	29.2916667
2009-10-14	24.5416667
2009-10-15	25.7500000
2009-10-16	22.7500000
2009-10-17	20.8750000
2009-10-18	14.5416667
2009-10-19	32.8333333
2009-10-20	25.6250000
2009-10-21	24.1250000
2009-10-22	20.7500000
2009-10-23	19.8333333
2009-10-24	15.2500000
2009-10-25	13.1666667
2009-10-26	18.2083333
2009-10-27	12.8750000
2009-10-28	15.7916667
2009-10-29	26.0833333
2009-10-30	29.7083333
2009-10-31	27.7916667
2009-11-01	23.2916667
2009-11-02	24.2500000
2009-11-03	25.4166667
2009-11-04	28.9166667
2009-11-05	31.2500000
2009-11-06	24.4583333
2009-11-07	25.0833333
2009-11-08	17.2083333
2009-11-09	13.7500000
2009-11-10	13.7500000
2009-11-11	14.1666667
2009-11-12	17.2500000
2009-11-13	19.1250000
2009-11-14	24.4583333
2009-11-15	22.2916667
2009-11-16	21.1250000
2009-11-17	22.0416667
2009-11-18	29.4166667
2009-11-19	23.8750000
2009-11-20	27.7916667
2009-11-21	5.6250000
2009-11-22	11.8750000
2009-11-23	17.5833333
2009-11-24	69.8750000
2009-11-25	60.6250000
2009-11-26	23.7500000
2009-11-27	23.0000000
2009-11-28	16.0833333
2009-11-29	16.3333333
2009-11-30	25.6666667
2009-12-01	21.1250000
2009-12-02	22.1250000
2009-12-03	31.7916667
2009-12-04	17.2916667
2009-12-05	17.0833333
2009-12-06	21.2916667
2009-12-07	38.5833333
2009-12-08	47.6250000
2009-12-09	24.9583333
2009-12-10	16.2916667
2009-12-11	21.3333333
2009-12-12	24.9583333
2009-12-13	44.6250000
2009-12-14	40.1666667
2009-12-15	26.0000000
2009-12-16	22.9583333
2009-12-17	16.0416667
2009-12-18	18.2500000
2009-12-19	15.2083333
2009-12-20	18.6666667
2009-12-21	26.1250000
2009-12-22	18.7916667
2009-12-23	28.5000000
2009-12-24	25.9583333
2009-12-25	32.7500000
2009-12-26	33.4166667
2009-12-27	37.7916667
2009-12-28	40.1250000
2009-12-29	32.8750000
2009-12-30	49.1666667
2009-12-31	53.7500000
2010-01-01	56.2083333
2010-01-02	32.5000000
2010-01-03	0.0000000
2010-01-04	0.0000000
2010-01-05	0.0000000
2010-01-06	0.0000000
2010-01-07	0.0000000
2010-01-08	0.0000000
2010-01-09	0.0000000
2010-01-10	0.0000000
2010-01-11	0.0000000
2010-01-12	7.7083333
2010-01-13	29.0833333
2010-01-14	39.4166667
2010-01-15	31.7083333
2010-01-16	39.5000000
2010-01-17	32.9583333
2010-01-18	44.6250000
2010-01-19	45.9166667
2010-01-20	52.2916667
2010-01-21	41.4583333
2010-01-22	61.0833333
2010-01-23	66.5833333
2010-01-24	39.5000000
2010-01-25	25.1666667
2010-01-26	56.7916667
2010-01-27	65.0000000
2010-01-28	59.9166667
2010-01-29	32.8333333
2010-01-30	18.3750000
2010-01-31	25.5000000
2010-02-01	19.0000000
2010-02-02	26.5000000
2010-02-03	28.9166667
2010-02-04	35.3333333
2010-02-05	33.8750000
2010-02-06	20.5833333
2010-02-07	38.9166667
2010-02-08	52.1666667
2010-02-09	68.0416667
2010-02-10	89.5416667
2010-02-11	65.4583333
2010-02-12	38.7916667
2010-02-13	29.5000000
2010-02-14	26.5416667
2010-02-15	31.7500000
2010-02-16	40.5833333
2010-02-17	38.7916667
2010-02-18	31.0833333
2010-02-19	29.5416667
2010-02-20	29.4166667
2010-02-21	17.2916667
2010-02-22	20.5416667
2010-02-23	36.0833333
2010-02-24	45.2916667
2010-02-25	46.5000000
2010-02-26	52.2083333
2010-02-27	51.9583333
2010-02-28	36.3750000
2010-03-01	28.8333333
2010-03-02	46.0000000
2010-03-03	56.7083333
2010-03-04	42.6250000
2010-03-05	59.2083333
2010-03-06	47.8333333
2010-03-07	49.1250000
2010-03-08	56.0000000
2010-03-09	66.1250000
2010-03-10	52.5833333
2010-03-11	62.3750000
2010-03-12	83.2916667
2010-03-13	70.4583333
2010-03-14	19.1666667
2010-03-15	43.5833333
2010-03-16	32.4166667
2010-03-17	31.7083333
2010-03-18	42.5416667
2010-03-19	39.3750000
2010-03-20	32.0833333
2010-03-21	90.8750000
2010-03-22	62.8333333
2010-03-23	76.0833333
2010-03-24	23.6250000
2010-03-25	13.6666667
2010-03-26	38.9583333
2010-03-27	44.6666667
2010-03-28	78.3750000
2010-03-29	117.2500000
2010-03-30	116.7083333
2010-03-31	154.7083333
2010-04-01	131.8333333
2010-04-02	177.8750000
2010-04-03	146.9166667
2010-04-04	82.2083333
2010-04-05	32.5000000
2010-04-06	72.0000000
2010-04-07	156.2083333
2010-04-08	94.5416667
2010-04-09	84.2916667
2010-04-10	70.8750000
2010-04-11	48.9583333
2010-04-12	4.4583333
2010-04-13	0.0000000
2010-04-14	0.0000000
2010-04-15	0.0000000
2010-04-16	5.2083333
2010-04-17	13.9583333
2010-04-18	16.8750000
2010-04-19	14.8750000
2010-04-20	13.1250000
2010-04-21	14.5833333
2010-04-22	12.7500000
2010-04-23	34.0416667
2010-04-24	26.5416667
2010-04-25	14.7500000
2010-04-26	21.5416667
2010-04-27	91.0416667
2010-04-28	68.5416667
2010-04-29	32.7500000
2010-04-30	32.5000000
2010-05-01	34.5000000
2010-05-02	25.2916667
2010-05-03	23.2500000
2010-05-04	11.5833333
2010-05-05	13.1666667
2010-05-06	20.2083333
2010-05-07	20.1666667
2010-05-08	23.9583333
2010-05-09	9.9166667
2010-05-10	12.0000000
2010-05-11	13.0000000
2010-05-12	11.0416667
2010-05-13	25.5416667
2010-05-14	34.7500000
2010-05-15	13.6250000
2010-05-16	13.7500000
2010-05-17	20.7083333
2010-05-18	31.2500000
2010-05-19	23.0833333
2010-05-20	16.5833333
2010-05-21	14.3750000
2010-05-22	13.7916667
2010-05-23	11.2916667
2010-05-24	11.0833333
2010-05-25	15.2916667
2010-05-26	15.5416667
2010-05-27	18.0416667
2010-05-28	22.0000000
2010-05-29	15.2916667
2010-05-30	16.8750000
2010-05-31	19.2916667
2010-06-01	30.4166667
2010-06-02	78.7500000
2010-06-03	21.4166667
2010-06-04	26.3750000
2010-06-05	16.6250000
2010-06-06	17.1250000
2010-06-07	22.3333333
2010-06-08	17.6250000
2010-06-09	16.6666667
2010-06-10	16.5416667
2010-06-11	9.5416667
2010-06-12	14.1250000
2010-06-13	14.0416667
2010-06-14	14.4583333
2010-06-15	12.7083333
2010-06-16	14.8333333
2010-06-17	19.0000000
2010-06-18	19.4166667
2010-06-19	20.1250000
2010-06-20	14.2083333
2010-06-21	19.4583333
2010-06-22	15.4583333
2010-06-23	17.6250000
2010-06-24	21.0416667
2010-06-25	21.2083333
2010-06-26	18.7916667
2010-06-27	18.0000000
2010-06-28	16.7916667
2010-06-29	19.4583333
2010-06-30	14.7083333
2010-07-01	33.4583333
2010-07-02	17.2916667
2010-07-03	14.6250000
2010-07-04	15.5000000
2010-07-05	19.1250000
2010-07-06	13.6250000
2010-07-07	17.2083333
2010-07-08	18.0416667
2010-07-09	19.1250000
2010-07-10	22.0416667
2010-07-11	20.5833333
2010-07-12	19.7083333
2010-07-13	22.5416667
2010-07-14	20.5416667
2010-07-15	28.0833333
2010-07-16	25.1666667
2010-07-17	31.2083333
2010-07-18	27.7500000
2010-07-19	25.3750000
2010-07-20	29.3333333
2010-07-21	20.7500000
2010-07-22	29.7500000
2010-07-23	22.4583333
2010-07-24	21.7083333
2010-07-25	19.8333333
2010-07-26	25.5833333
2010-07-27	26.0416667
2010-07-28	22.6250000
2010-07-29	28.8333333
2010-07-30	29.0000000
2010-07-31	26.2083333
2010-08-01	25.4583333
2010-08-02	31.4166667
2010-08-03	31.7500000
2010-08-04	26.7083333
2010-08-05	23.5833333
2010-08-06	14.8333333
2010-08-07	10.2916667
2010-08-08	15.8750000
2010-08-09	16.9166667
2010-08-10	19.5416667
2010-08-11	25.7083333
2010-08-12	26.0833333
2010-08-13	26.5833333
2010-08-14	21.6250000
2010-08-15	20.5416667
2010-08-16	15.0000000
2010-08-17	17.7500000
2010-08-18	21.0416667
2010-08-19	27.7500000
2010-08-20	25.1250000
2010-08-21	21.0000000
2010-08-22	26.3750000
2010-08-23	29.5000000
2010-08-24	30.1666667
2010-08-25	21.6250000
2010-08-26	41.3750000
2010-08-27	32.0416667
2010-08-28	29.2500000
2010-08-29	27.6666667
2010-08-30	15.0833333
2010-08-31	21.5000000
2010-09-01	29.6666667
2010-09-02	28.8750000
2010-09-03	27.2500000
2010-09-04	21.4166667
2010-09-05	22.2916667
2010-09-06	30.0000000
2010-09-07	27.3333333
2010-09-08	28.7916667
2010-09-09	19.2916667
2010-09-10	25.3333333
2010-09-11	29.6250000
2010-09-12	26.7083333
2010-09-13	29.2916667
2010-09-14	34.3750000
2010-09-15	31.5000000
2010-09-16	25.7916667
2010-09-17	29.8333333
2010-09-18	23.2500000
2010-09-19	28.5833333
2010-09-20	27.5000000
2010-09-21	36.1666667
2010-09-22	33.4166667
2010-09-23	35.1250000
2010-09-24	35.0833333
2010-09-25	34.8750000
2010-09-26	25.1666667
2010-09-27	25.4166667
2010-09-28	25.5416667
2010-09-29	23.6666667
2010-09-30	26.3750000
2010-10-01	25.8750000
2010-10-02	22.5416667
2010-10-03	23.6250000
2010-10-04	27.5000000
2010-10-05	22.7083333
2010-10-06	28.0416667
2010-10-07	34.3750000
2010-10-08	40.5833333
2010-10-09	38.5833333
2010-10-10	48.5833333
2010-10-11	54.1666667
2010-10-12	37.2916667
2010-10-13	30.2083333
2010-10-14	43.4583333
2010-10-15	38.8333333
2010-10-16	40.1250000
2010-10-17	37.5000000
2010-10-18	33.5000000
2010-10-19	27.5416667
2010-10-20	27.9583333
2010-10-21	22.1250000
2010-10-22	19.8750000
2010-10-23	22.6250000
2010-10-24	24.4583333
2010-10-25	29.2916667
2010-10-26	27.1666667
2010-10-27	24.1250000
2010-10-28	9.4583333
2010-10-29	23.6666667
2010-10-30	31.1250000
2010-10-31	25.0000000
2010-11-01	27.0833333
2010-11-02	27.5416667
2010-11-03	30.6666667
2010-11-04	26.8333333
2010-11-05	27.0416667
2010-11-06	26.0833333
2010-11-07	24.1250000
2010-11-08	21.8333333
2010-11-09	19.7916667
2010-11-10	26.4583333
2010-11-11	23.4583333
2010-11-12	24.3750000
2010-11-13	16.5000000
2010-11-14	17.4166667
2010-11-15	19.7083333
2010-11-16	26.7083333
2010-11-17	40.8750000
2010-11-18	19.4583333
2010-11-19	22.9583333
2010-11-20	21.2916667
2010-11-21	22.0416667
2010-11-22	23.2500000
2010-11-23	22.7916667
2010-11-24	25.5833333
2010-11-25	22.8333333
2010-11-26	31.7500000
2010-11-27	10.9583333
2010-11-28	19.1666667
2010-11-29	22.5416667
2010-11-30	24.1250000
2010-12-01	30.5416667
2010-12-02	30.2083333
2010-12-03	26.5416667
2010-12-04	15.7083333
2010-12-05	21.6666667
2010-12-06	23.0833333
2010-12-07	32.0416667
2010-12-08	26.2500000
2010-12-09	24.9166667
2010-12-10	32.2083333
2010-12-11	18.7083333
2010-12-12	17.8333333
2010-12-13	29.8750000
2010-12-14	13.0000000
2010-12-15	21.9166667
2010-12-16	22.9166667
2010-12-17	24.6250000
2010-12-18	23.4583333
2010-12-19	22.3750000
2010-12-20	28.4166667
2010-12-21	19.2083333
2010-12-22	17.5833333
2010-12-23	28.1250000
2010-12-24	33.0000000
2010-12-25	47.3750000
2010-12-26	31.5833333
2010-12-27	51.0833333
2010-12-28	40.2500000
2010-12-29	29.3750000
2010-12-30	32.3750000
2010-12-31	28.7916667
2011-01-01	20.0000000
2011-01-02	30.5416667
2011-01-03	25.3333333
2011-01-04	28.2500000
2011-01-05	37.7916667
2011-01-06	50.9166667
2011-01-07	30.7083333
2011-01-08	14.7916667
2011-01-09	39.0000000
2011-01-10	49.0000000
2011-01-11	65.1250000
2011-01-12	69.8333333
2011-01-13	82.8750000
2011-01-14	70.5833333
2011-01-15	57.3750000
2011-01-16	45.0000000
2011-01-17	48.7500000
2011-01-18	42.1250000
2011-01-19	31.2916667
2011-01-20	30.5416667
2011-01-21	37.9583333
2011-01-22	50.2916667
2011-01-23	35.0000000
2011-01-24	30.0000000
2011-01-25	29.6250000
2011-01-26	13.8750000
2011-01-27	18.9583333
2011-01-28	13.9583333
2011-01-29	20.8750000
2011-01-30	14.0833333
2011-01-31	12.5416667
2011-02-01	18.5833333
2011-02-02	10.6666667
2011-02-03	19.7500000
2011-02-04	21.4166667
2011-02-05	18.7083333
2011-02-06	28.8333333
2011-02-07	23.4166667
2011-02-08	23.7500000
2011-02-09	17.2083333
2011-02-10	24.1250000
2011-02-11	19.0833333
2011-02-12	18.3750000
2011-02-13	29.7916667
2011-02-14	34.9583333
2011-02-15	45.4166667
2011-02-16	41.3333333
2011-02-17	33.5833333
2011-02-18	37.0833333
2011-02-19	18.5000000
2011-02-20	19.2500000
2011-02-21	20.9166667
2011-02-22	27.3333333
2011-02-23	31.0416667
2011-02-24	36.4166667
2011-02-25	46.0000000
2011-02-26	43.8750000
2011-02-27	27.9166667
2011-02-28	29.2500000
2011-03-01	23.9583333
2011-03-02	32.5000000
2011-03-03	39.9166667
2011-03-04	83.0000000
2011-03-05	83.9166667
2011-03-06	40.2916667
2011-03-07	13.1250000
2011-03-08	20.6666667
2011-03-09	19.1666667
2011-03-10	22.1666667
2011-03-11	21.2916667
2011-03-12	19.7916667
2011-03-13	12.6250000
2011-03-14	18.5000000
2011-03-15	27.9583333
2011-03-16	30.6666667
2011-03-17	16.2500000
2011-03-18	23.2500000
2011-03-19	28.7916667
2011-03-20	16.2500000
2011-03-21	17.2500000
2011-03-22	19.9583333
2011-03-23	31.0833333
2011-03-24	66.5000000
2011-03-25	72.3333333
2011-03-26	67.2500000
2011-03-27	49.3333333
2011-03-28	50.0416667
2011-03-29	62.7500000
2011-03-30	59.0416667
2011-03-31	46.0416667
2011-04-01	43.8750000
2011-04-02	58.9583333
2011-04-03	46.7083333
2011-04-04	51.3333333
2011-04-05	58.8750000
2011-04-06	80.1250000
2011-04-07	58.4166667
2011-04-08	48.9583333
2011-04-09	20.7500000
2011-04-10	14.9583333
2011-04-11	63.7916667
2011-04-12	74.6250000
2011-04-13	78.8750000
2011-04-14	94.7083333
2011-04-15	71.1250000
2011-04-16	63.2083333
2011-04-17	59.5416667
2011-04-18	49.3750000
2011-04-19	42.1666667
2011-04-20	23.6666667
2011-04-21	19.0000000
2011-04-22	27.5416667
2011-04-23	28.5416667
2011-04-24	21.7916667
2011-04-25	27.8333333
2011-04-26	39.0833333
2011-04-27	38.5416667
2011-04-28	34.7500000
2011-04-29	38.2500000
2011-04-30	35.2083333
2011-05-01	20.9583333
2011-05-02	15.2083333
2011-05-03	20.7500000
2011-05-04	15.2916667
2011-05-05	15.6666667
2011-05-06	23.8750000
2011-05-07	28.1250000
2011-05-08	20.5416667
2011-05-09	30.0000000
2011-05-10	39.8750000
2011-05-11	36.8333333
2011-05-12	12.5000000
2011-05-13	31.0000000
2011-05-14	64.3333333
2011-05-15	105.2916667
2011-05-16	17.3750000
2011-05-17	10.2083333
2011-05-18	25.7500000
2011-05-19	21.5833333
2011-05-20	22.8750000
2011-05-21	12.1250000
2011-05-22	10.5833333
2011-05-23	15.5416667
2011-05-24	15.9583333
2011-05-25	21.0416667
2011-05-26	18.2500000
2011-05-27	12.0000000
2011-05-28	18.1250000
2011-05-29	11.6666667
2011-05-30	9.6250000
2011-05-31	11.4166667
2011-06-01	14.2500000
2011-06-02	14.4166667
2011-06-03	13.7083333
2011-06-04	14.4583333
2011-06-05	14.4166667
2011-06-06	10.3750000
2011-06-07	20.6250000
2011-06-08	20.7500000
2011-06-09	16.1250000
2011-06-10	14.0833333
2011-06-11	14.9166667
2011-06-12	21.8333333
2011-06-13	21.5416667
2011-06-14	17.6666667
2011-06-15	26.9166667
2011-06-16	27.8333333
2011-06-17	18.3750000
2011-06-18	15.6250000
2011-06-19	14.8333333
2011-06-20	18.1250000
2011-06-21	16.4583333
2011-06-22	13.1250000
2011-06-23	17.9166667
2011-06-24	17.3333333
2011-06-25	19.0000000
2011-06-26	19.0416667
2011-06-27	24.0000000
2011-06-28	21.3333333
2011-06-29	13.2083333
2011-06-30	13.0416667
2011-07-01	21.4583333
2011-07-02	22.4166667
2011-07-03	18.8750000
2011-07-04	19.0000000
2011-07-05	16.5416667
2011-07-06	21.6250000
2011-07-07	16.5416667
2011-07-08	20.1666667
2011-07-09	21.0833333
2011-07-10	17.2083333
2011-07-11	20.6250000
2011-07-12	23.7916667
2011-07-13	24.3333333
2011-07-14	19.0000000
2011-07-15	19.0833333
2011-07-16	19.3750000
2011-07-17	16.7500000
2011-07-18	14.5000000
2011-07-19	17.9583333
2011-07-20	20.7916667
2011-07-21	21.7500000
2011-07-22	19.1666667
2011-07-23	19.2083333
2011-07-24	18.5416667
2011-07-25	20.3333333
2011-07-26	25.2916667
2011-07-27	19.0833333
2011-07-28	16.0833333
2011-07-29	20.1666667
2011-07-30	13.4583333
2011-07-31	0.0000000
2011-08-01	8.6666667
2011-08-02	18.5833333
2011-08-03	21.6666667
2011-08-04	24.5416667
2011-08-05	24.0416667
2011-08-06	29.7500000
2011-08-07	27.1666667
2011-08-08	25.2500000
2011-08-09	26.6666667
2011-08-10	31.0000000
2011-08-11	22.5000000
2011-08-12	29.3333333
2011-08-13	23.1666667
2011-08-14	20.3750000
2011-08-15	20.6666667
2011-08-16	21.6666667
2011-08-17	22.1666667
2011-08-18	24.7083333
2011-08-19	24.3333333
2011-08-20	22.4583333
2011-08-21	27.5833333
2011-08-22	23.3333333
2011-08-23	30.8333333
2011-08-24	32.7500000
2011-08-25	34.0833333
2011-08-26	25.3750000
2011-08-27	22.7500000
2011-08-28	24.4166667
2011-08-29	27.7916667
2011-08-30	31.1250000
2011-08-31	25.4583333
2011-09-01	28.5000000
2011-09-02	27.8750000
2011-09-03	22.1666667
2011-09-04	20.9166667
2011-09-05	17.7500000
2011-09-06	30.5000000
2011-09-07	32.5000000
2011-09-08	30.5833333
2011-09-09	31.1666667
2011-09-10	18.7500000
2011-09-11	23.9583333
2011-09-12	27.3333333
2011-09-13	20.9583333
2011-09-14	23.5833333
2011-09-15	25.9583333
2011-09-16	28.9583333
2011-09-17	28.5833333
2011-09-18	29.0416667
2011-09-19	31.2916667
2011-09-20	29.6250000
2011-09-21	31.3333333
2011-09-22	28.0000000
2011-09-23	31.1666667
2011-09-24	27.7083333
2011-09-25	24.9583333
2011-09-26	20.5000000
2011-09-27	19.5416667
2011-09-28	31.0833333
2011-09-29	28.5833333
2011-09-30	27.2083333
2011-10-01	17.5416667
2011-10-02	13.4166667
2011-10-03	22.6666667
2011-10-04	22.6666667
2011-10-05	31.7500000
2011-10-06	26.2916667
2011-10-07	23.8333333
2011-10-08	13.6250000
2011-10-09	13.9583333
2011-10-10	20.5833333
2011-10-11	16.5833333
2011-10-12	16.8333333
2011-10-13	20.1250000
2011-10-14	24.9583333
2011-10-15	24.2083333
2011-10-16	26.0416667
2011-10-17	43.2916667
2011-10-18	30.9583333
2011-10-19	16.5833333
2011-10-20	26.8750000
2011-10-21	17.1666667
2011-10-22	18.3750000
2011-10-23	17.2083333
2011-10-24	22.5000000
2011-10-25	30.2083333
2011-10-26	33.4583333
2011-10-27	28.9166667
2011-10-28	29.4166667
2011-10-29	23.0000000
2011-10-30	13.5000000
2011-10-31	20.0000000
2011-11-01	23.7916667
2011-11-02	28.1250000
2011-11-03	26.7083333
2011-11-04	27.7083333
2011-11-05	22.8333333
2011-11-06	23.8750000
2011-11-07	29.1250000
2011-11-08	21.1666667
2011-11-09	18.9583333
2011-11-10	26.1666667
2011-11-11	19.8333333
2011-11-12	25.1250000
2011-11-13	20.0416667
2011-11-14	23.2500000
2011-11-15	25.4583333
2011-11-16	27.5000000
2011-11-17	24.1250000
2011-11-18	20.7916667
2011-11-19	17.4583333
2011-11-20	15.7083333
2011-11-21	20.7500000
2011-11-22	20.6250000
2011-11-23	20.9583333
2011-11-24	21.6666667
2011-11-25	20.7083333
2011-11-26	20.6666667
2011-11-27	18.8333333
2011-11-28	27.8333333
2011-11-29	23.0833333
2011-11-30	1.0000000
2011-12-01	0.0000000
2011-12-02	0.0000000
2011-12-03	0.0000000
2011-12-04	0.0000000
2011-12-05	16.6250000
2011-12-06	26.8750000
2011-12-07	31.3333333
2011-12-08	28.8333333
2011-12-09	24.3750000
2011-12-10	27.6666667
2011-12-11	28.7916667
2011-12-12	24.5833333
2011-12-13	31.1666667
2011-12-14	15.1666667
2011-12-15	0.0000000
2011-12-16	7.4583333
2011-12-17	36.5416667
2011-12-18	32.2083333
2011-12-19	36.7500000
2011-12-20	30.6250000
2011-12-21	23.5416667
2011-12-22	49.0833333
2011-12-23	62.2916667
2011-12-24	39.2500000
2011-12-25	32.5833333
2011-12-26	33.7500000
2011-12-27	31.7916667
2011-12-28	36.7916667
2011-12-29	37.7083333
2011-12-30	44.5000000
2011-12-31	33.7083333
2012-01-01	23.0000000
