GWADA ;PM 10
01/01/2006;19,542
02/01/2006;20,042
03/01/2006;22,958
04/01/2006;22,542
05/01/2006;29,250
06/01/2006;16,333
07/01/2006;14,292
08/01/2006;15,958
09/01/2006;17,174
10/01/2006;20,250
11/01/2006;24,167
12/01/2006;20,571
13/01/2006;23,292
14/01/2006;19,917
15/01/2006;19,250
16/01/2006;15,292
17/01/2006;23,042
18/01/2006;19,417
19/01/2006;19,167
20/01/2006;17,500
21/01/2006;15,708
22/01/2006;21,333
23/01/2006;28,292
24/01/2006;27,000
25/01/2006;27,792
26/01/2006;29,792
27/01/2006;28,208
28/01/2006;21,083
29/01/2006;18,150
30/01/2006;21,708
31/01/2006;28,750
01/02/2006;17,292
02/02/2006;17,458
03/02/2006;15,792
04/02/2006;19,167
05/02/2006;14,375
06/02/2006;21,565
07/02/2006;12,208
08/02/2006;17,417
09/02/2006;21,125
10/02/2006;20,458
11/02/2006;15,750
12/02/2006;17,583
13/02/2006;19,833
14/02/2006;21,792
15/02/2006;14,125
16/02/2006;18,583
17/02/2006;17,375
18/02/2006;16,792
19/02/2006;20,542
20/02/2006;18,375
21/02/2006;16,667
22/02/2006;17,261
23/02/2006;19,208
24/02/2006;18,458
25/02/2006;17,667
26/02/2006;17,292
27/02/2006;23,792
28/02/2006;21,042
01/03/2006;15,292
02/03/2006;21,625
03/03/2006;18,667
04/03/2006;23,000
05/03/2006;20,583
06/03/2006;22,875
07/03/2006;18,042
08/03/2006;19,167
09/03/2006;29,000
10/03/2006;17,542
11/03/2006;12,958
12/03/2006;9,667
13/03/2006;16,917
14/03/2006;27,167
15/03/2006;62,000
16/03/2006;20,125
17/03/2006;19,208
18/03/2006;23,458
19/03/2006;26,792
20/03/2006;30,667
21/03/2006;60,625
22/03/2006;78,125
23/03/2006;39,292
24/03/2006;24,792
25/03/2006;17,792
26/03/2006;47,792
27/03/2006;62,500
28/03/2006;51,833
29/03/2006;23,917
30/03/2006;38,875
31/03/2006;53,792
01/04/2006;41,917
02/04/2006;32,542
03/04/2006;17,833
04/04/2006;17,292
05/04/2006;13,958
06/04/2006;18,167
07/04/2006;19,792
08/04/2006;13,250
09/04/2006;11,375
10/04/2006;14,417
11/04/2006;16,042
12/04/2006;12,348
13/04/2006;21,044
14/04/2006;21,208
15/04/2006;21,125
16/04/2006;16,958
17/04/2006;15,292
18/04/2006;11,917
19/04/2006;17,500
20/04/2006;41,500
21/04/2006;64,458
22/04/2006;31,917
23/04/2006;17,708
24/04/2006;18,667
25/04/2006;20,083
26/04/2006;18,714
27/04/2006;20,625
28/04/2006;17,708
29/04/2006;15,083
30/04/2006;15,458
01/05/2006;18,500
02/05/2006;21,583
03/05/2006;16,417
04/05/2006;21,091
05/05/2006;22,583
06/05/2006;15,792
07/05/2006;14,917
08/05/2006;12,167
09/05/2006;12,625
10/05/2006;13,083
11/05/2006;16,667
12/05/2006;15,708
13/05/2006;23,125
14/05/2006;30,792
15/05/2006;39,958
16/05/2006;29,375
17/05/2006;37,875
18/05/2006;44,875
19/05/2006;36,333
20/05/2006;13,458
21/05/2006;21,167
22/05/2006;38,083
23/05/2006;35,167
24/05/2006;28,250
25/05/2006;19,250
26/05/2006;16,917
27/05/2006;18,792
28/05/2006;14,667
29/05/2006;15,875
30/05/2006;24,667
31/05/2006;26,208
01/06/2006;27,875
02/06/2006;25,818
03/06/2006;34,696
04/06/2006;69,542
05/06/2006;93,167
06/06/2006;88,042
07/06/2006;60,583
08/06/2006;42,083
09/06/2006;58,714
10/06/2006;72,125
11/06/2006;67,458
12/06/2006;80,875
13/06/2006;40,875
14/06/2006;57,375
15/06/2006;23,292
16/06/2006;31,583
17/06/2006;22,875
18/06/2006;47,542
19/06/2006;25,546
20/06/2006;57,870
21/06/2006;69,000
22/06/2006;58,375
23/06/2006;45,565
24/06/2006;78,591
25/06/2006;45,917
26/06/2006;35,500
27/06/2006;42,875
28/06/2006;17,792
29/06/2006;13,250
30/06/2006;38,609
01/07/2006;28,667
02/07/2006;14,958
03/07/2006;27,750
04/07/2006;76,000
05/07/2006;76,087
06/07/2006;31,458
07/07/2006;21,208
08/07/2006;27,167
09/07/2006;41,364
10/07/2006;61,000
11/07/2006;38,667
12/07/2006;26,542
13/07/2006;35,458
14/07/2006;57,625
15/07/2006;68,500
16/07/2006;55,667
17/07/2006;26,750
18/07/2006;23,750
19/07/2006;54,583
20/07/2006;32,667
21/07/2006;14,750
22/07/2006;27,083
23/07/2006;49,875
24/07/2006;50,250
25/07/2006;47,667
26/07/2006;31,174
27/07/2006;77,682
28/07/2006;56,546
29/07/2006;72,958
30/07/2006;53,750
31/07/2006;42,417
01/08/2006;32,625
02/08/2006;20,417
03/08/2006;26,583
04/08/2006;21,625
05/08/2006;19,583
06/08/2006;20,042
07/08/2006;41,044
08/08/2006;46,542
09/08/2006;35,958
10/08/2006;29,083
11/08/2006;47,083
12/08/2006;27,167
13/08/2006;30,833
14/08/2006;12,652
15/08/2006;18,958
16/08/2006;56,208
17/08/2006;35,667
18/08/2006;17,958
19/08/2006;18,083
20/08/2006;33,542
21/08/2006;29,792
22/08/2006;71,833
23/08/2006;80,167
24/08/2006;63,167
25/08/2006;10,909
29/08/2006;22,917
30/08/2006;24,875
31/08/2006;20,083
01/09/2006;25,917
02/09/2006;15,696
03/09/2006;32,083
04/09/2006;54,000
05/09/2006;56,417
06/09/2006;40,750
07/09/2006;48,917
08/09/2006;44,333
09/09/2006;27,333
10/09/2006;19,167
11/09/2006;18,500
12/09/2006;22,167
13/09/2006;33,042
14/09/2006;22,458
15/09/2006;76,042
16/09/2006;89,792
17/09/2006;65,417
18/09/2006;32,958
19/09/2006;47,833
20/09/2006;21,917
21/09/2006;20,000
22/09/2006;21,083
23/09/2006;22,125
24/09/2006;15,609
25/09/2006;23,667
26/09/2006;24,125
27/09/2006;25,708
28/09/2006;24,750
29/09/2006;37,792
30/09/2006;28,083
01/10/2006;15,667
02/10/2006;16,333
03/10/2006;16,125
04/10/2006;17,333
05/10/2006;21,792
06/10/2006;24,000
07/10/2006;47,333
08/10/2006;46,167
09/10/2006;25,958
10/10/2006;20,833
11/10/2006;14,958
12/10/2006;18,478
17/10/2006;21,000
18/10/2006;17,458
19/10/2006;21,708
20/10/2006;20,250
21/10/2006;17,958
22/10/2006;15,250
23/10/2006;21,333
24/10/2006;18,333
25/10/2006;17,458
26/10/2006;12,958
27/10/2006;27,042
28/10/2006;18,333
29/10/2006;27,875
30/10/2006;19,083
31/10/2006;22,625
01/11/2006;15,083
02/11/2006;13,625
03/11/2006;13,750
04/11/2006;12,542
05/11/2006;15,208
06/11/2006;16,500
07/11/2006;19,500
08/11/2006;19,292
09/11/2006;19,917
10/11/2006;17,958
11/11/2006;17,625
12/11/2006;16,792
13/11/2006;23,375
14/11/2006;18,792
15/11/2006;13,792
16/11/2006;16,125
17/11/2006;15,458
18/11/2006;16,708
19/11/2006;14,083
20/11/2006;15,750
21/11/2006;30,917
22/11/2006;15,417
23/11/2006;15,458
24/11/2006;15,375
25/11/2006;13,125
26/11/2006;9,583
27/11/2006;9,958
28/11/2006;17,917
29/11/2006;14,458
30/11/2006;16,250
01/12/2006;22,833
02/12/2006;27,667
03/12/2006;20,917
04/12/2006;9,000
05/12/2006;16,824
06/12/2006;28,826
07/12/2006;38,600
08/12/2006;32,500
09/12/2006;47,750
10/12/2006;25,083
11/12/2006;21,417
12/12/2006;23,917
13/12/2006;17,792
14/12/2006;21,167
15/12/2006;17,792
16/12/2006;17,958
17/12/2006;11,250
18/12/2006;17,292
19/12/2006;18,958
20/12/2006;29,208
21/12/2006;25,667
22/12/2006;13,917
23/12/2006;16,125
24/12/2006;17,500
25/12/2006;18,542
26/12/2006;15,167
27/12/2006;16,958
28/12/2006;19,833
29/12/2006;16,000
30/12/2006;17,214
31/12/2006;13,875
01/01/2007;14,667
02/01/2007;15,333
03/01/2007;18,417
04/01/2007;22,417
05/01/2007;23,625
06/01/2007;31,375
07/01/2007;19,542
08/01/2007;20,625
09/01/2007;52,958
10/01/2007;33,625
11/01/2007;32,417
12/01/2007;16,958
13/01/2007;16,458
14/01/2007;13,913
15/01/2007;19,583
16/01/2007;29,958
17/01/2007;21,417
18/01/2007;26,292
19/01/2007;28,917
20/01/2007;14,417
21/01/2007;15,304
22/01/2007;19,917
23/01/2007;17,542
24/01/2007;15,250
25/01/2007;21,417
26/01/2007;21,042
27/01/2007;16,958
28/01/2007;13,000
29/01/2007;15,833
30/01/2007;20,750
31/01/2007;17,167
01/02/2007;20,417
02/02/2007;17,375
03/02/2007;19,833
04/02/2007;16,500
05/02/2007;17,292
06/02/2007;18,417
07/02/2007;14,826
08/02/2007;15,000
09/02/2007;18,792
10/02/2007;16,250
11/02/2007;17,750
12/02/2007;15,542
13/02/2007;16,958
14/02/2007;16,333
15/02/2007;18,000
16/02/2007;17,708
17/02/2007;21,333
18/02/2007;18,500
19/02/2007;22,375
20/02/2007;20,125
21/02/2007;13,833
22/02/2007;14,792
23/02/2007;13,542
24/02/2007;22,208
25/02/2007;31,000
26/02/2007;29,625
27/02/2007;26,375
28/02/2007;23,125
01/03/2007;19,542
02/03/2007;19,826
03/03/2007;25,375
04/03/2007;29,417
05/03/2007;28,625
06/03/2007;28,333
07/03/2007;66,083
08/03/2007;56,458
09/03/2007;67,875
10/03/2007;53,833
11/03/2007;30,458
12/03/2007;48,333
13/03/2007;65,750
14/03/2007;35,208
15/03/2007;22,583
16/03/2007;42,583
17/03/2007;107,500
18/03/2007;17,625
19/03/2007;20,958
20/03/2007;31,000
21/03/2007;20,083
22/03/2007;21,458
23/03/2007;19,833
24/03/2007;21,000
25/03/2007;15,750
26/03/2007;17,375
27/03/2007;15,667
28/03/2007;14,333
29/03/2007;20,792
30/03/2007;23,667
31/03/2007;15,958
01/04/2007;16,833
02/04/2007;17,154
03/04/2007;21,385
04/04/2007;16,708
05/04/2007;12,958
06/04/2007;11,375
07/04/2007;14,708
08/04/2007;13,167
09/04/2007;12,500
10/04/2007;12,458
11/04/2007;16,208
12/04/2007;17,292
13/04/2007;13,875
14/04/2007;12,333
15/04/2007;12,458
16/04/2007;20,083
17/04/2007;31,292
18/04/2007;33,500
19/04/2007;44,500
20/04/2007;43,167
21/04/2007;46,292
22/04/2007;45,292
23/04/2007;29,625
24/04/2007;25,208
25/04/2007;19,708
26/04/2007;18,739
27/04/2007;17,583
28/04/2007;18,833
29/04/2007;16,708
30/04/2007;15,042
01/05/2007;15,250
02/05/2007;17,708
03/05/2007;16,500
04/05/2007;19,208
05/05/2007;16,667
06/05/2007;18,500
07/05/2007;23,000
08/05/2007;24,375
09/05/2007;18,542
10/05/2007;15,391
11/05/2007;17,833
12/05/2007;36,500
13/05/2007;52,667
14/05/2007;69,875
15/05/2007;157,167
16/05/2007;72,833
17/05/2007;81,583
18/05/2007;73,000
19/05/2007;40,727
20/05/2007;22,200
21/05/2007;15,267
22/05/2007;14,625
23/05/2007;15,167
24/05/2007;31,000
25/05/2007;31,750
26/05/2007;20,917
27/05/2007;14,750
28/05/2007;15,167
29/05/2007;28,750
30/05/2007;31,292
31/05/2007;43,625
01/06/2007;46,958
02/06/2007;54,083
03/06/2007;37,708
04/06/2007;30,458
05/06/2007;26,292
06/06/2007;20,292
07/06/2007;24,167
08/06/2007;23,625
09/06/2007;14,625
10/06/2007;11,250
11/06/2007;18,250
12/06/2007;21,750
13/06/2007;45,083
14/06/2007;37,792
15/06/2007;55,208
16/06/2007;35,750
17/06/2007;20,375
18/06/2007;26,125
19/06/2007;34,792
20/06/2007;40,583
21/06/2007;46,833
22/06/2007;31,250
23/06/2007;20,292
24/06/2007;27,958
25/06/2007;42,000
26/06/2007;32,750
27/06/2007;17,542
28/06/2007;21,208
29/06/2007;58,583
30/06/2007;63,708
01/07/2007;64,375
02/07/2007;75,478
03/07/2007;16,696
04/07/2007;31,696
05/07/2007;43,087
06/07/2007;57,273
07/07/2007;36,208
08/07/2007;37,652
09/07/2007;45,522
10/07/2007;51,348
11/07/2007;30,696
12/07/2007;49,957
13/07/2007;61,044
14/07/2007;25,957
15/07/2007;18,591
16/07/2007;37,957
17/07/2007;50,522
18/07/2007;26,938
19/07/2007;19,087
20/07/2007;52,174
21/07/2007;51,435
22/07/2007;12,087
23/07/2007;52,957
24/07/2007;56,652
25/07/2007;80,478
26/07/2007;82,696
27/07/2007;70,478
28/07/2007;30,522
29/07/2007;16,652
30/07/2007;18,571
31/07/2007;29,500
02/08/2007;59,571
03/08/2007;60,118
04/08/2007;41,087
05/08/2007;12,304
06/08/2007;27,000
07/08/2007;44,739
08/08/2007;41,261
09/08/2007;39,391
10/08/2007;25,957
11/08/2007;46,125
12/08/2007;24,739
13/08/2007;17,174
14/08/2007;16,739
15/08/2007;15,522
16/08/2007;36,546
23/08/2007;24,462
24/08/2007;20,783
25/08/2007;22,044
26/08/2007;24,913
27/08/2007;14,522
28/08/2007;17,958
29/08/2007;15,261
30/08/2007;32,739
31/08/2007;42,217
01/09/2007;24,696
02/09/2007;18,826
03/09/2007;17,739
04/09/2007;20,348
05/09/2007;26,652
06/09/2007;31,044
07/09/2007;17,609
08/09/2007;18,565
09/09/2007;18,130
10/09/2007;19,368
11/09/2007;52,174
12/09/2007;45,304
13/09/2007;21,000
14/09/2007;21,357
15/09/2007;14,300
16/09/2007;11,714
17/09/2007;20,000
18/09/2007;18,273
19/09/2007;39,933
20/09/2007;24,333
21/09/2007;24,000
22/09/2007;13,348
23/09/2007;13,600
24/09/2007;22,000
25/09/2007;14,111
26/09/2007;22,900
27/09/2007;14,478
28/09/2007;41,000
29/09/2007;32,739
30/09/2007;17,217
01/10/2007;23,391
02/10/2007;22,565
03/10/2007;19,391
04/10/2007;21,261
05/10/2007;12,000
06/10/2007;12,261
07/10/2007;13,522
08/10/2007;12,174
09/10/2007;14,435
10/10/2007;13,870
11/10/2007;49,727
12/10/2007;47,087
13/10/2007;29,652
14/10/2007;34,870
15/10/2007;46,783
16/10/2007;29,000
17/10/2007;16,391
18/10/2007;14,214
19/10/2007;15,583
20/10/2007;13,917
21/10/2007;17,708
22/10/2007;22,958
23/10/2007;11,417
24/10/2007;20,333
25/10/2007;13,500
26/10/2007;9,917
27/10/2007;11,708
28/10/2007;14,500
29/10/2007;19,875
30/10/2007;58,042
31/10/2007;53,542
01/11/2007;22,167
02/11/2007;18,125
03/11/2007;14,917
04/11/2007;14,917
05/11/2007;18,900
06/11/2007;19,957
07/11/2007;12,957
08/11/2007;13,957
09/11/2007;15,174
10/11/2007;12,609
11/11/2007;55,435
12/11/2007;76,000
13/11/2007;67,652
14/11/2007;48,478
15/11/2007;44,565
16/11/2007;39,652
17/11/2007;41,522
18/11/2007;37,174
19/11/2007;34,478
20/11/2007;18,696
21/11/2007;21,913
22/11/2007;14,870
23/11/2007;19,348
24/11/2007;18,522
25/11/2007;17,261
26/11/2007;24,958
27/11/2007;23,217
28/11/2007;20,652
29/11/2007;23,870
30/11/2007;32,652
01/12/2007;47,867
03/12/2007;18,462
04/12/2007;17,609
05/12/2007;19,870
06/12/2007;16,739
07/12/2007;17,957
08/12/2007;20,783
09/12/2007;18,261
10/12/2007;14,044
11/12/2007;21,727
12/12/2007;27,044
13/12/2007;26,000
14/12/2007;24,391
15/12/2007;18,391
16/12/2007;18,348
17/12/2007;21,913
18/12/2007;22,957
19/12/2007;23,609
20/12/2007;21,348
22/12/2007;11,833
23/12/2007;10,826
24/12/2007;17,565
25/12/2007;11,609
26/12/2007;15,739
27/12/2007;20,348
28/12/2007;17,652
29/12/2007;21,044
30/12/2007;17,957
31/12/2007;18,000
01/01/2008;16,435
02/01/2008;15,435
03/01/2008;21,522
04/01/2008;17,130
05/01/2008;24,217
06/01/2008;20,478
07/01/2008;17,087
08/01/2008;21,000
09/01/2008;24,696
10/01/2008;31,174
11/01/2008;21,609
12/01/2008;14,087
13/01/2008;21,783
14/01/2008;31,913
15/01/2008;27,783
16/01/2008;16,174
17/01/2008;18,783
18/01/2008;18,652
19/01/2008;17,870
20/01/2008;13,227
21/01/2008;16,826
22/01/2008;23,217
23/01/2008;24,826
24/01/2008;20,391
25/01/2008;16,652
26/01/2008;17,000
27/01/2008;16,957
28/01/2008;14,913
29/01/2008;25,391
30/01/2008;21,217
31/01/2008;23,739
01/02/2008;26,261
02/02/2008;20,565
03/02/2008;31,133
14/02/2008;25,273
15/02/2008;23,652
16/02/2008;18,957
17/02/2008;17,652
18/02/2008;17,435
19/02/2008;23,826
20/02/2008;18,870
21/02/2008;20,174
22/02/2008;21,261
23/02/2008;18,957
24/02/2008;15,478
25/02/2008;17,522
26/02/2008;16,304
27/02/2008;15,958
28/02/2008;16,565
29/02/2008;21,217
01/03/2008;17,174
02/03/2008;19,565
03/03/2008;18,174
04/03/2008;16,174
05/03/2008;22,087
06/03/2008;23,391
07/03/2008;24,261
08/03/2008;23,174
09/03/2008;18,348
10/03/2008;26,565
11/03/2008;24,348
12/03/2008;15,174
13/03/2008;18,348
14/03/2008;15,522
15/03/2008;12,913
16/03/2008;12,696
17/03/2008;18,792
18/03/2008;15,652
19/03/2008;29,087
20/03/2008;25,652
21/03/2008;21,044
22/03/2008;19,522
23/03/2008;19,826
24/03/2008;17,696
25/03/2008;16,391
26/03/2008;21,864
27/03/2008;21,565
28/03/2008;20,000
29/03/2008;20,522
30/03/2008;16,913
31/03/2008;16,435
01/04/2008;16,217
02/04/2008;21,000
03/04/2008;16,304
04/04/2008;22,435
05/04/2008;21,478
06/04/2008;17,478
07/04/2008;20,304
08/04/2008;16,652
09/04/2008;17,955
10/04/2008;18,174
11/04/2008;19,304
12/04/2008;17,217
13/04/2008;14,348
14/04/2008;20,391
15/04/2008;16,087
16/04/2008;22,826
17/04/2008;22,870
18/04/2008;19,087
19/04/2008;19,000
20/04/2008;13,870
21/04/2008;33,391
22/04/2008;48,913
23/04/2008;48,130
24/04/2008;44,609
25/04/2008;43,957
26/04/2008;47,261
27/04/2008;46,130
28/04/2008;31,130
29/04/2008;28,870
30/04/2008;21,609
01/05/2008;15,522
02/05/2008;16,087
03/05/2008;15,739
04/05/2008;12,130
05/05/2008;21,667
06/05/2008;59,455
07/05/2008;113,087
08/05/2008;114,870
09/05/2008;105,609
10/05/2008;39,000
11/05/2008;29,609
12/05/2008;25,304
13/05/2008;30,391
14/05/2008;21,000
15/05/2008;22,087
16/05/2008;18,826
17/05/2008;20,391
18/05/2008;25,870
19/05/2008;28,087
20/05/2008;15,174
21/05/2008;18,783
22/05/2008;17,000
23/05/2008;18,739
24/05/2008;16,391
25/05/2008;13,696
26/05/2008;21,261
27/05/2008;26,609
28/05/2008;37,391
29/05/2008;26,913
30/05/2008;17,870
31/05/2008;17,348
01/06/2008;16,696
02/06/2008;20,435
03/06/2008;19,739
04/06/2008;18,652
05/06/2008;17,435
06/06/2008;19,130
07/06/2008;28,348
08/06/2008;42,087
09/06/2008;33,044
10/06/2008;28,522
11/06/2008;29,391
12/06/2008;40,870
13/06/2008;27,478
14/06/2008;41,478
15/06/2008;58,217
16/06/2008;62,130
17/06/2008;39,826
18/06/2008;37,044
19/06/2008;47,044
20/06/2008;39,929
21/06/2008;36,739
22/06/2008;37,957
23/06/2008;37,870
24/06/2008;51,565
25/06/2008;30,478
26/06/2008;23,826
27/06/2008;37,391
28/06/2008;44,826
29/06/2008;42,652
30/06/2008;32,913
01/07/2008;27,478
02/07/2008;44,348
03/07/2008;34,174
04/07/2008;19,727
05/07/2008;23,522
06/07/2008;41,783
07/07/2008;28,304
08/07/2008;22,435
09/07/2008;16,609
10/07/2008;49,522
11/07/2008;51,864
12/07/2008;25,550
13/07/2008;20,652
14/07/2008;37,913
15/07/2008;34,125
16/07/2008;36,565
17/07/2008;17,913
18/07/2008;28,000
19/07/2008;40,261
20/07/2008;35,522
21/07/2008;35,696
22/07/2008;30,609
23/07/2008;18,304
24/07/2008;16,522
25/07/2008;25,913
26/07/2008;27,000
27/07/2008;21,478
28/07/2008;22,826
29/07/2008;28,696
30/07/2008;28,391
31/07/2008;15,348
01/08/2008;24,913
02/08/2008;36,565
03/08/2008;46,304
04/08/2008;36,696
05/08/2008;31,652
06/08/2008;60,913
07/08/2008;23,000
08/08/2008;19,609
09/08/2008;34,261
10/08/2008;51,000
11/08/2008;43,000
12/08/2008;33,217
13/08/2008;52,087
14/08/2008;25,348
15/08/2008;48,565
16/08/2008;49,826
17/08/2008;32,826
18/08/2008;20,522
19/08/2008;18,739
20/08/2008;27,000
21/08/2008;41,391
22/08/2008;36,652
23/08/2008;28,391
24/08/2008;21,783
25/08/2008;18,044
26/08/2008;15,870
27/08/2008;23,783
28/08/2008;22,348
29/08/2008;22,957
30/08/2008;51,783
31/08/2008;47,000
01/09/2008;15,913
02/09/2008;20,261
03/09/2008;22,174
04/09/2008;15,174
05/09/2008;14,125
06/09/2008;74,000
08/09/2008;13,636
09/09/2008;17,870
10/09/2008;21,478
11/09/2008;12,696
12/09/2008;17,522
13/09/2008;19,000
14/09/2008;18,304
15/09/2008;23,682
16/09/2008;23,696
17/09/2008;19,565
18/09/2008;13,652
19/09/2008;14,391
20/09/2008;10,130
21/09/2008;11,957
22/09/2008;16,652
23/09/2008;16,478
24/09/2008;13,522
25/09/2008;17,696
26/09/2008;12,870
27/09/2008;12,044
28/09/2008;15,044
29/09/2008;17,087
30/09/2008;13,348
01/10/2008;13,087
02/10/2008;13,348
03/10/2008;22,522
04/10/2008;24,652
05/10/2008;17,174
06/10/2008;19,391
07/10/2008;23,826
08/10/2008;31,783
09/10/2008;17,261
10/10/2008;16,696
11/10/2008;11,435
12/10/2008;15,100
13/10/2008;40,048
14/10/2008;45,435
15/10/2008;22,174
16/10/2008;18,174
17/10/2008;16,000
18/10/2008;19,087
19/10/2008;27,435
20/10/2008;54,522
21/10/2008;46,435
22/10/2008;25,261
23/10/2008;26,478
24/10/2008;23,739
25/10/2008;14,913
26/10/2008;12,826
27/10/2008;15,000
28/10/2008;14,870
29/10/2008;19,217
30/10/2008;19,652
31/10/2008;15,304
01/11/2008;20,348
02/11/2008;17,565
03/11/2008;19,130
04/11/2008;15,522
05/11/2008;11,391
06/11/2008;16,435
07/11/2008;19,217
08/11/2008;23,130
09/11/2008;17,783
10/11/2008;24,478
11/11/2008;17,304
12/11/2008;16,957
13/11/2008;17,087
14/11/2008;36,000
15/11/2008;31,478
16/11/2008;19,565
17/11/2008;21,000
18/11/2008;20,087
19/11/2008;18,913
20/11/2008;21,739
21/11/2008;16,522
22/11/2008;18,261
23/11/2008;17,870
24/11/2008;19,174
25/11/2008;20,435
26/11/2008;24,391
27/11/2008;29,913
28/11/2008;21,130
29/11/2008;25,348
30/11/2008;22,870
01/12/2008;24,044
02/12/2008;21,739
03/12/2008;18,478
04/12/2008;21,348
05/12/2008;25,174
06/12/2008;16,304
07/12/2008;15,348
08/12/2008;14,304
09/12/2008;14,609
10/12/2008;12,870
11/12/2008;15,870
12/12/2008;17,130
13/12/2008;19,304
14/12/2008;16,955
15/12/2008;21,333
16/12/2008;15,857
17/12/2008;28,826
18/12/2008;20,870
19/12/2008;24,478
20/12/2008;19,826
21/12/2008;14,435
22/12/2008;17,261
23/12/2008;17,304
24/12/2008;21,087
25/12/2008;21,957
26/12/2008;23,391
27/12/2008;20,174
28/12/2008;19,217
29/12/2008;16,130
30/12/2008;21,522
31/12/2008;19,609
01/01/2009;16,565
02/01/2009;17,652
03/01/2009;16,217
04/01/2009;17,174
05/01/2009;20,261
06/01/2009;19,913
07/01/2009;14,913
08/01/2009;17,435
09/01/2009;20,174
10/01/2009;16,826
11/01/2009;17,913
12/01/2009;20,870
13/01/2009;22,783
14/01/2009;22,391
15/01/2009;23,125
16/01/2009;13,375
17/01/2009;14,000
18/01/2009;22,792
19/01/2009;18,217
20/01/2009;14,044
21/01/2009;20,565
22/01/2009;21,524
23/01/2009;18,546
24/01/2009;14,130
25/01/2009;15,696
26/01/2009;17,000
27/01/2009;16,130
28/01/2009;18,304
29/01/2009;19,522
30/01/2009;17,826
31/01/2009;16,130
01/02/2009;12,957
02/02/2009;15,217
03/02/2009;18,957
04/02/2009;24,750
05/02/2009;17,000
06/02/2009;16,167
07/02/2009;17,875
08/02/2009;15,739
09/02/2009;18,087
10/02/2009;14,696
11/02/2009;12,739
12/02/2009;20,087
13/02/2009;19,783
14/02/2009;13,087
15/02/2009;19,478
16/02/2009;29,957
17/02/2009;45,652
18/02/2009;17,435
19/02/2009;18,478
20/02/2009;18,913
21/02/2009;23,783
22/02/2009;21,826
23/02/2009;21,958
24/02/2009;23,000
25/02/2009;19,217
26/02/2009;17,044
27/02/2009;17,696
28/02/2009;17,826
01/03/2009;13,565
02/03/2009;12,696
03/03/2009;14,783
04/03/2009;16,739
05/03/2009;21,261
06/03/2009;21,333
07/03/2009;19,864
08/03/2009;28,087
09/03/2009;29,957
10/03/2009;33,304
11/03/2009;25,733
12/03/2009;22,546
13/03/2009;21,652
14/03/2009;23,087
15/03/2009;14,130
16/03/2009;15,000
17/03/2009;21,304
18/03/2009;19,696
19/03/2009;16,000
20/03/2009;16,833
21/03/2009;18,000
22/03/2009;18,917
23/03/2009;20,667
24/03/2009;16,375
25/03/2009;13,292
26/03/2009;19,042
27/03/2009;25,042
28/03/2009;22,875
29/03/2009;17,875
30/03/2009;19,042
31/03/2009;16,417
01/04/2009;22,700
02/04/2009;12,875
03/04/2009;12,292
04/04/2009;11,044
05/04/2009;12,125
06/04/2009;13,375
07/04/2009;14,542
08/04/2009;18,583
09/04/2009;12,417
10/04/2009;14,333
11/04/2009;16,583
12/04/2009;16,333
13/04/2009;16,625
14/04/2009;14,458
15/04/2009;17,792
16/04/2009;17,792
17/04/2009;18,708
18/04/2009;16,625
19/04/2009;11,217
20/04/2009;12,958
21/04/2009;18,083
22/04/2009;19,727
23/04/2009;24,571
24/04/2009;11,643
25/04/2009;16,333
26/04/2009;16,042
27/04/2009;15,792
28/04/2009;18,250
29/04/2009;19,792
30/04/2009;18,875
01/05/2009;14,417
02/05/2009;24,208
03/05/2009;17,000
04/05/2009;21,542
05/05/2009;18,125
06/05/2009;24,792
07/05/2009;25,208
08/05/2009;32,083
09/05/2009;40,750
10/05/2009;21,917
11/05/2009;15,750
12/05/2009;17,292
13/05/2009;17,417
14/05/2009;16,167
15/05/2009;21,750
16/05/2009;19,292
17/05/2009;14,625
18/05/2009;31,542
19/05/2009;40,500
20/05/2009;30,500
21/05/2009;23,250
22/05/2009;32,542
23/05/2009;33,458
24/05/2009;22,333
25/05/2009;25,625
26/05/2009;40,083
27/05/2009;46,583
28/05/2009;45,083
29/05/2009;24,217
30/05/2009;12,636
31/05/2009;18,600
01/06/2009;34,111
02/06/2009;21,571
03/06/2009;26,375
04/06/2009;14,174
05/06/2009;16,792
06/06/2009;22,917
07/06/2009;48,417
08/06/2009;64,042
09/06/2009;29,958
10/06/2009;19,000
11/06/2009;14,542
12/06/2009;25,583
13/06/2009;42,833
14/06/2009;27,636
15/06/2009;21,400
16/06/2009;14,786
17/06/2009;15,917
18/06/2009;16,458
19/06/2009;17,792
20/06/2009;15,417
21/06/2009;13,227
22/06/2009;13,913
23/06/2009;16,500
24/06/2009;27,958
25/06/2009;123,750
26/06/2009;112,458
27/06/2009;78,750
28/06/2009;83,667
29/06/2009;54,917
30/06/2009;19,250
01/07/2009;52,292
02/07/2009;48,542
03/07/2009;50,750
04/07/2009;35,708
05/07/2009;65,000
06/07/2009;49,750
07/07/2009;26,708
08/07/2009;20,750
09/07/2009;44,500
10/07/2009;41,417
11/07/2009;33,583
12/07/2009;14,750
13/07/2009;38,917
14/07/2009;39,667
15/07/2009;55,958
16/07/2009;20,708
17/07/2009;27,750
18/07/2009;22,167
19/07/2009;37,750
20/07/2009;35,625
21/07/2009;28,292
22/07/2009;39,708
23/07/2009;52,833
24/07/2009;35,417
25/07/2009;19,000
26/07/2009;22,375
27/07/2009;51,292
28/07/2009;61,292
29/07/2009;25,167
30/07/2009;23,875
31/07/2009;32,533
01/08/2009;31,458
02/08/2009;26,458
03/08/2009;43,750
04/08/2009;50,667
05/08/2009;53,792
06/08/2009;83,708
07/08/2009;63,625
08/08/2009;37,708
09/08/2009;32,083
10/08/2009;41,875
11/08/2009;25,708
12/08/2009;19,500
13/08/2009;27,583
14/08/2009;25,000
15/08/2009;25,417
16/08/2009;23,667
17/08/2009;26,417
18/08/2009;40,625
19/08/2009;28,125
20/08/2009;33,042
21/08/2009;23,292
22/08/2009;27,875
23/08/2009;23,875
24/08/2009;20,875
25/08/2009;23,125
26/08/2009;57,000
27/08/2009;32,542
28/08/2009;18,500
29/08/2009;19,542
30/08/2009;28,167
31/08/2009;42,833
01/09/2009;23,417
02/09/2009;15,458
03/09/2009;14,708
04/09/2009;14,905
05/09/2009;13,000
06/09/2009;28,917
07/09/2009;18,875
08/09/2009;16,478
09/09/2009;23,083
10/09/2009;21,167
11/09/2009;22,542
12/09/2009;32,333
13/09/2009;26,636
14/09/2009;25,333
15/09/2009;26,375
16/09/2009;32,667
17/09/2009;18,958
18/09/2009;16,708
19/09/2009;25,208
20/09/2009;21,500
21/09/2009;18,870
22/09/2009;17,125
23/09/2009;16,125
24/09/2009;19,083
25/09/2009;12,375
26/09/2009;14,083
27/09/2009;64,083
28/09/2009;94,458
29/09/2009;25,625
30/09/2009;14,500
01/10/2009;15,667
02/10/2009;13,625
03/10/2009;23,792
04/10/2009;11,750
05/10/2009;69,292
06/10/2009;68,208
07/10/2009;44,208
08/10/2009;18,042
09/10/2009;34,042
10/10/2009;50,833
11/10/2009;48,000
12/10/2009;52,167
13/10/2009;19,708
14/10/2009;24,667
15/10/2009;19,875
16/10/2009;18,875
17/10/2009;29,522
18/10/2009;18,458
19/10/2009;16,833
20/10/2009;19,792
21/10/2009;19,583
22/10/2009;17,750
23/10/2009;16,708
24/10/2009;13,375
25/10/2009;13,542
26/10/2009;19,000
27/10/2009;19,708
28/10/2009;17,167
29/10/2009;17,292
30/10/2009;17,167
31/10/2009;12,500
01/11/2009;11,292
02/11/2009;12,125
03/11/2009;18,750
04/11/2009;28,167
05/11/2009;35,583
06/11/2009;20,375
07/11/2009;22,792
08/11/2009;16,417
09/11/2009;22,583
10/11/2009;28,875
11/11/2009;14,542
12/11/2009;17,500
13/11/2009;18,652
14/11/2009;26,708
15/11/2009;24,917
16/11/2009;16,875
17/11/2009;17,125
18/11/2009;17,542
19/11/2009;15,667
20/11/2009;16,333
21/11/2009;21,375
22/11/2009;19,417
23/11/2009;18,150
24/11/2009;18,583
25/11/2009;21,375
26/11/2009;33,792
27/11/2009;38,042
28/11/2009;33,542
29/11/2009;17,875
30/11/2009;20,417
01/12/2009;23,625
02/12/2009;18,042
03/12/2009;18,583
04/12/2009;18,600
05/12/2009;18,250
06/12/2009;15,208
07/12/2009;28,864
08/12/2009;21,417
09/12/2009;16,250
10/12/2009;16,542
11/12/2009;20,792
12/12/2009;18,583
13/12/2009;18,417
14/12/2009;15,167
15/12/2009;18,292
16/12/2009;10,583
17/12/2009;18,042
18/12/2009;13,217
19/12/2009;11,708
20/12/2009;11,500
21/12/2009;18,417
22/12/2009;27,542
23/12/2009;20,583
24/12/2009;20,292
25/12/2009;21,500
26/12/2009;22,875
27/12/2009;23,958
28/12/2009;20,667
29/12/2009;28,125
30/12/2009;33,208
31/12/2009;19,000
01/01/2010;16,042
02/01/2010;20,417
03/01/2010;12,250
04/01/2010;16,833
05/01/2010;28,125
06/01/2010;35,875
07/01/2010;33,125
08/01/2010;21,583
09/01/2010;14,208
10/01/2010;14,792
11/01/2010;15,708
12/01/2010;14,083
13/01/2010;17,750
14/01/2010;21,375
15/01/2010;16,958
16/01/2010;13,458
17/01/2010;15,167
18/01/2010;16,417
19/01/2010;16,875
20/01/2010;16,750
21/01/2010;13,875
22/01/2010;12,625
23/01/2010;20,333
24/01/2010;24,500
25/01/2010;14,000
26/01/2010;17,292
27/01/2010;18,958
28/01/2010;17,958
29/01/2010;16,000
30/01/2010;20,500
31/01/2010;23,667
01/02/2010;15,000
02/02/2010;19,929
03/02/2010;20,125
04/02/2010;20,500
05/02/2010;27,500
06/02/2010;14,458
07/02/2010;14,917
08/02/2010;19,542
17/02/2010;20,625
18/02/2010;23,458
19/02/2010;20,583
20/02/2010;16,042
21/02/2010;16,208
22/02/2010;20,083
23/02/2010;20,917
24/02/2010;22,684
25/02/2010;28,208
26/02/2010;38,208
27/02/2010;28,583
28/02/2010;19,348
01/03/2010;40,526
02/03/2010;51,958
03/03/2010;50,458
04/03/2010;51,167
05/03/2010;38,667
06/03/2010;43,083
07/03/2010;40,875
08/03/2010;21,958
09/03/2010;27,667
10/03/2010;55,375
11/03/2010;52,958
12/03/2010;17,750
13/03/2010;28,833
14/03/2010;24,167
15/03/2010;45,125
16/03/2010;55,083
17/03/2010;70,000
18/03/2010;61,167
19/03/2010;61,417
20/03/2010;31,083
21/03/2010;28,458
22/03/2010;28,083
23/03/2010;27,708
24/03/2010;21,500
25/03/2010;18,542
26/03/2010;15,875
27/03/2010;13,000
28/03/2010;10,652
29/03/2010;16,583
30/03/2010;26,417
31/03/2010;70,792
01/04/2010;52,125
09/04/2010;18,167
10/04/2010;21,167
11/04/2010;19,583
12/04/2010;16,318
13/04/2010;18,250
14/04/2010;20,583
15/04/2010;29,542
16/04/2010;14,792
17/04/2010;16,333
18/04/2010;16,083
19/04/2010;21,250
20/04/2010;19,458
21/04/2010;14,583
22/04/2010;15,333
23/04/2010;14,125
24/04/2010;13,292
25/04/2010;14,000
26/04/2010;35,958
27/04/2010;73,125
28/04/2010;94,208
29/04/2010;50,083
30/04/2010;19,833
01/05/2010;16,565
02/05/2010;17,583
03/05/2010;18,417
04/05/2010;19,458
05/05/2010;21,375
06/05/2010;15,917
07/05/2010;22,773
08/05/2010;19,750
09/05/2010;21,917
10/05/2010;18,526
11/05/2010;13,333
12/05/2010;16,833
13/05/2010;16,958
14/05/2010;21,750
15/05/2010;19,583
16/05/2010;19,250
17/05/2010;18,958
18/05/2010;24,583
19/05/2010;22,958
20/05/2010;29,333
21/05/2010;23,917
22/05/2010;30,917
23/05/2010;34,250
24/05/2010;51,333
25/05/2010;67,250
26/05/2010;76,750
27/05/2010;85,458
28/05/2010;44,958
29/05/2010;26,042
30/05/2010;30,042
31/05/2010;81,500
01/06/2010;104,375
02/06/2010;97,958
03/06/2010;103,333
04/06/2010;30,042
05/06/2010;18,167
06/06/2010;31,833
07/06/2010;41,500
08/06/2010;51,625
09/06/2010;58,500
10/06/2010;54,417
11/06/2010;20,458
12/06/2010;21,500
13/06/2010;32,333
14/06/2010;11,208
15/06/2010;14,458
16/06/2010;22,130
17/06/2010;25,958
18/06/2010;14,000
19/06/2010;22,417
20/06/2010;19,208
21/06/2010;26,333
22/06/2010;34,708
23/06/2010;33,417
24/06/2010;34,333
25/06/2010;19,667
26/06/2010;14,417
27/06/2010;27,458
28/06/2010;49,833
29/06/2010;19,917
30/06/2010;33,917
01/07/2010;63,000
02/07/2010;60,917
03/07/2010;44,708
04/07/2010;26,250
05/07/2010;33,792
06/07/2010;71,792
07/07/2010;70,000
08/07/2010;37,542
09/07/2010;33,667
10/07/2010;44,083
11/07/2010;20,000
12/07/2010;24,917
13/07/2010;42,250
14/07/2010;55,217
15/07/2010;38,000
16/07/2010;36,792
17/07/2010;37,708
18/07/2010;25,083
19/07/2010;18,917
20/07/2010;16,417
21/07/2010;19,208
22/07/2010;34,875
23/07/2010;31,500
24/07/2010;32,000
25/07/2010;54,417
26/07/2010;30,125
27/07/2010;19,292
28/07/2010;22,083
29/07/2010;42,333
30/07/2010;38,667
31/07/2010;27,167
01/08/2010;22,739
02/08/2010;23,167
03/08/2010;29,750
04/08/2010;24,833
05/08/2010;21,917
06/08/2010;46,458
07/08/2010;23,000
08/08/2010;4,000
09/08/2010;9,214
10/08/2010;10,125
11/08/2010;12,917
12/08/2010;21,875
13/08/2010;26,125
14/08/2010;19,708
15/08/2010;14,667
16/08/2010;14,542
17/08/2010;42,583
18/08/2010;90,042
19/08/2010;59,000
20/08/2010;29,375
21/08/2010;22,125
22/08/2010;20,792
23/08/2010;43,042
24/08/2010;78,958
25/08/2010;14,750
26/08/2010;37,583
27/08/2010;31,125
28/08/2010;21,958
29/08/2010;26,200
01/09/2010;23,364
02/09/2010;53,208
03/09/2010;54,500
04/09/2010;29,208
05/09/2010;19,750
06/09/2010;18,750
07/09/2010;19,250
08/09/2010;18,458
09/09/2010;21,625
10/09/2010;16,875
11/09/2010;12,458
12/09/2010;13,542
13/09/2010;20,958
14/09/2010;25,792
15/09/2010;26,208
16/09/2010;22,667
17/09/2010;24,875
18/09/2010;19,875
19/09/2010;15,000
20/09/2010;29,917
21/09/2010;79,500
22/09/2010;30,125
23/09/2010;21,083
24/09/2010;19,292
25/09/2010;12,958
26/09/2010;15,522
27/09/2010;11,750
28/09/2010;15,833
29/09/2010;17,167
30/09/2010;14,625
01/10/2010;23,625
02/10/2010;14,500
03/10/2010;14,333
04/10/2010;13,083
05/10/2010;17,042
06/10/2010;22,957
07/10/2010;21,958
08/10/2010;19,875
09/10/2010;31,750
10/10/2010;15,667
11/10/2010;21,583
12/10/2010;25,875
13/10/2010;23,500
14/10/2010;19,250
15/10/2010;17,333
16/10/2010;17,583
17/10/2010;17,833
18/10/2010;17,958
19/10/2010;12,417
20/10/2010;16,792
21/10/2010;15,000
22/10/2010;20,923
25/10/2010;13,231
26/10/2010;16,708
27/10/2010;18,208
28/10/2010;14,000
29/10/2010;16,708
30/10/2010;20,833
31/10/2010;17,792
01/11/2010;18,000
02/11/2010;34,167
03/11/2010;41,208
04/11/2010;22,083
05/11/2010;24,167
06/11/2010;19,500
07/11/2010;15,083
08/11/2010;14,250
09/11/2010;16,083
10/11/2010;11,042
11/11/2010;13,292
12/11/2010;15,375
13/11/2010;17,625
14/11/2010;18,250
15/11/2010;17,708
16/11/2010;16,958
17/11/2010;14,375
18/11/2010;12,083
19/11/2010;15,167
20/11/2010;16,250
21/11/2010;15,000
22/11/2010;15,417
23/11/2010;16,333
24/11/2010;20,292
25/11/2010;16,667
26/11/2010;16,000
27/11/2010;14,833
28/11/2010;14,542
29/11/2010;15,458
30/11/2010;16,333
01/12/2010;23,083
02/12/2010;19,000
03/12/2010;20,333
04/12/2010;20,083
05/12/2010;14,000
06/12/2010;13,458
07/12/2010;11,292
08/12/2010;14,417
09/12/2010;21,333
10/12/2010;21,458
11/12/2010;21,625
12/12/2010;15,458
13/12/2010;20,417
14/12/2010;17,458
15/12/2010;20,042
16/12/2010;14,917
17/12/2010;16,667
18/12/2010;13,750
19/12/2010;16,917
20/12/2010;13,500
21/12/2010;17,292
22/12/2010;21,500
23/12/2010;16,667
24/12/2010;23,917
25/12/2010;7,833
26/12/2010;8,625
27/12/2010;13,083
28/12/2010;11,792
29/12/2010;12,750
30/12/2010;8,875
31/12/2010;12,917
01/01/2011;13,583
02/01/2011;16,083
03/01/2011;9,167
04/01/2011;8,417
05/01/2011;14,042
06/01/2011;16,417
07/01/2011;28,542
08/01/2011;18,708
09/01/2011;21,750
10/01/2011;22,542
11/01/2011;20,875
12/01/2011;25,542
13/01/2011;37,833
14/01/2011;26,125
15/01/2011;15,542
16/01/2011;17,750
17/01/2011;18,708
18/01/2011;20,500
19/01/2011;13,500
20/01/2011;15,417
21/01/2011;18,750
22/01/2011;16,333
23/01/2011;17,792
24/01/2011;13,042
25/01/2011;15,250
26/01/2011;15,625
27/01/2011;15,708
28/01/2011;17,333
29/01/2011;16,875
30/01/2011;11,375
31/01/2011;11,458
01/02/2011;13,250
02/02/2011;13,208
03/02/2011;12,875
04/02/2011;12,333
05/02/2011;15,524
06/02/2011;13,250
07/02/2011;19,292
08/02/2011;18,217
09/02/2011;22,917
10/02/2011;21,833
11/02/2011;21,208
12/02/2011;20,667
13/02/2011;13,458
14/02/2011;15,000
15/02/2011;19,458
16/02/2011;16,375
17/02/2011;15,792
18/02/2011;19,083
19/02/2011;21,167
20/02/2011;17,167
21/02/2011;17,625
22/02/2011;21,083
23/02/2011;24,292
24/02/2011;18,792
25/02/2011;19,333
26/02/2011;21,958
27/02/2011;18,125
28/02/2011;18,875
01/03/2011;17,708
02/03/2011;10,708
03/03/2011;13,292
04/03/2011;21,417
05/03/2011;35,042
06/03/2011;22,042
07/03/2011;17,125
08/03/2011;10,208
09/03/2011;12,833
10/03/2011;15,708
11/03/2011;19,542
12/03/2011;12,208
13/03/2011;11,583
14/03/2011;15,500
15/03/2011;15,917
16/03/2011;12,208
17/03/2011;14,250
18/03/2011;22,875
19/03/2011;13,875
20/03/2011;10,083
21/03/2011;16,208
22/03/2011;17,250
23/03/2011;19,042
24/03/2011;14,250
25/03/2011;16,000
26/03/2011;18,708
27/03/2011;13,167
28/03/2011;18,208
29/03/2011;18,542
30/03/2011;25,458
31/03/2011;15,875
01/04/2011;19,333
02/04/2011;20,304
05/04/2011;29,667
06/04/2011;27,917
07/04/2011;19,750
08/04/2011;19,792
09/04/2011;18,167
10/04/2011;21,200
11/04/2011;18,667
12/04/2011;13,125
13/04/2011;12,458
14/04/2011;21,333
15/04/2011;19,917
16/04/2011;17,250
17/04/2011;12,042
18/04/2011;17,708
19/04/2011;16,500
20/04/2011;20,292
21/04/2011;15,500
22/04/2011;17,250
23/04/2011;15,250
24/04/2011;12,542
25/04/2011;18,208
26/04/2011;21,333
27/04/2011;13,583
28/04/2011;24,000
29/04/2011;21,292
30/04/2011;20,667
01/05/2011;16,565
02/05/2011;14,833
03/05/2011;15,833
04/05/2011;14,200
05/05/2011;6,900
06/05/2011;17,083
07/05/2011;14,583
08/05/2011;8,208
09/05/2011;19,833
10/05/2011;37,292
11/05/2011;60,125
12/05/2011;47,750
13/05/2011;33,750
14/05/2011;29,625
15/05/2011;36,083
16/05/2011;19,292
17/05/2011;14,667
18/05/2011;16,542
19/05/2011;16,833
20/05/2011;18,583
21/05/2011;12,875
22/05/2011;22,000
23/05/2011;34,458
24/05/2011;35,391
25/05/2011;41,364
26/05/2011;86,958
27/05/2011;70,292
28/05/2011;81,167
29/05/2011;42,917
30/05/2011;61,458
31/05/2011;56,708
01/06/2011;60,917
02/06/2011;46,625
03/06/2011;48,125
04/06/2011;37,167
05/06/2011;31,583
06/06/2011;17,625
07/06/2011;34,708
08/06/2011;31,000
09/06/2011;28,000
10/06/2011;39,292
11/06/2011;38,417
12/06/2011;27,958
13/06/2011;17,417
14/06/2011;26,133
15/06/2011;34,500
16/06/2011;29,333
17/06/2011;19,625
18/06/2011;19,417
19/06/2011;23,792
20/06/2011;37,833
21/06/2011;56,667
22/06/2011;47,750
23/06/2011;44,667
24/06/2011;43,667
25/06/2011;29,833
26/06/2011;27,875
27/06/2011;49,375
28/06/2011;56,292
29/06/2011;48,208
30/06/2011;32,958
01/07/2011;50,250
02/07/2011;28,875
03/07/2011;35,750
04/07/2011;25,958
05/07/2011;31,542
06/07/2011;38,167
07/07/2011;20,773
08/07/2011;34,417
09/07/2011;43,875
10/07/2011;21,917
11/07/2011;15,750
12/07/2011;23,833
13/07/2011;36,667
14/07/2011;51,333
15/07/2011;20,769
16/07/2011;18,375
17/07/2011;31,292
18/07/2011;15,625
19/07/2011;26,208
20/07/2011;35,833
21/07/2011;38,542
22/07/2011;17,875
23/07/2011;12,375
24/07/2011;18,000
25/07/2011;17,542
26/07/2011;14,083
27/07/2011;14,833
28/07/2011;19,050
29/07/2011;21,667
30/07/2011;16,208
31/07/2011;19,292
01/08/2011;37,000
02/08/2011;17,077
03/08/2011;32,000
04/08/2011;68,458
05/08/2011;27,000
06/08/2011;23,765
08/08/2011;13,786
09/08/2011;19,000
10/08/2011;10,125
11/08/2011;38,500
12/08/2011;71,750
13/08/2011;55,125
14/08/2011;63,083
15/08/2011;44,364
17/08/2011;34,455
18/08/2011;28,583
19/08/2011;34,208
20/08/2011;23,478
21/08/2011;14,957
22/08/2011;23,458
23/08/2011;33,615
24/08/2011;22,083
25/08/2011;40,292
26/08/2011;36,375
27/08/2011;20,042
28/08/2011;18,000
29/08/2011;23,125
26/09/2011;13,286
27/09/2011;11,792
28/09/2011;11,833
29/09/2011;14,375
30/09/2011;17,500
01/10/2011;15,261
02/10/2011;16,708
03/10/2011;33,167
04/10/2011;69,174
05/10/2011;48,083
06/10/2011;27,458
07/10/2011;21,250
08/10/2011;17,000
09/10/2011;14,792
10/10/2011;18,625
11/10/2011;37,238
12/10/2011;37,333
13/10/2011;68,208
14/10/2011;65,818
15/10/2011;25,042
16/10/2011;28,333
17/10/2011;51,750
18/10/2011;29,750
19/10/2011;31,083
20/10/2011;23,292
21/10/2011;24,208
22/10/2011;33,375
23/10/2011;37,000
24/10/2011;17,957
25/10/2011;12,143
26/10/2011;20,042
27/10/2011;15,381
28/10/2011;18,278
29/10/2011;14,042
30/10/2011;12,833
31/10/2011;17,375
01/11/2011;11,500
02/11/2011;46,667
03/11/2011;89,250
04/11/2011;58,417
05/11/2011;22,625
06/11/2011;12,917
07/11/2011;21,708
08/11/2011;43,792
09/11/2011;37,333
10/11/2011;26,792
11/11/2011;26,125
12/11/2011;24,333
13/11/2011;17,833
14/11/2011;20,429
15/11/2011;17,792
16/11/2011;19,375
17/11/2011;16,958
18/11/2011;15,917
19/11/2011;17,208
20/11/2011;15,292
21/11/2011;26,375
22/11/2011;21,542
23/11/2011;15,083
24/11/2011;16,083
25/11/2011;15,667
26/11/2011;20,875
27/11/2011;13,542
28/11/2011;8,750
29/11/2011;12,708
30/11/2011;20,182
01/12/2011;20,500
02/12/2011;17,083
03/12/2011;14,000
04/12/2011;12,417
05/12/2011;17,417
06/12/2011;27,667
07/12/2011;17,958
08/12/2011;19,417
09/12/2011;24,333
10/12/2011;19,958
11/12/2011;14,958
12/12/2011;20,000
13/12/2011;15,667
14/12/2011;24,542
15/12/2011;15,375
16/12/2011;20,625
17/12/2011;19,083
18/12/2011;18,125
19/12/2011;22,875
20/12/2011;17,833
21/12/2011;18,000
22/12/2011;19,792
23/12/2011;19,042
24/12/2011;17,542
25/12/2011;13,875
26/12/2011;15,792
27/12/2011;17,417
28/12/2011;16,958
29/12/2011;17,250
30/12/2011;21,375
31/12/2011;20,542
01/01/2012;18,708
02/01/2012;20,792
03/01/2012;23,708
04/01/2012;18,208
05/01/2012;17,375
06/01/2012;19,708
07/01/2012;15,750
08/01/2012;14,167
09/01/2012;15,083
10/01/2012;16,818
11/01/2012;14,750
12/01/2012;17,917
13/01/2012;20,083
14/01/2012;19,042
15/01/2012;19,250
16/01/2012;17,458
17/01/2012;14,042
18/01/2012;18,375
19/01/2012;26,042
20/01/2012;21,917
21/01/2012;18,042
22/01/2012;14,833
23/01/2012;16,792
24/01/2012;15,833
25/01/2012;17,000
26/01/2012;14,500
27/01/2012;14,917
28/01/2012;17,250
29/01/2012;17,875
30/01/2012;19,250
31/01/2012;16,458
01/02/2012;17,250
02/02/2012;20,583
03/02/2012;20,708
04/02/2012;18,042
05/02/2012;17,458
06/02/2012;21,167
07/02/2012;20,917
08/02/2012;20,500
09/02/2012;17,458
10/02/2012;61,792
11/02/2012;29,458
12/02/2012;16,792
13/02/2012;15,708
14/02/2012;15,708
15/02/2012;22,292
16/02/2012;21,917
17/02/2012;23,625
18/02/2012;16,250
19/02/2012;15,333
20/02/2012;18,375
21/02/2012;13,500
22/02/2012;11,958
23/02/2012;17,167
24/02/2012;17,792
25/02/2012;18,042
26/02/2012;21,667
27/02/2012;19,667
28/02/2012;18,583
29/02/2012;20,292
01/03/2012;17,458
02/03/2012;19,625
03/03/2012;15,333
04/03/2012;17,875
05/03/2012;19,667
06/03/2012;28,750
07/03/2012;54,167
08/03/2012;24,250
09/03/2012;22,250
10/03/2012;21,333
11/03/2012;20,375
12/03/2012;16,792
13/03/2012;16,875
14/03/2012;16,208
15/03/2012;18,000
16/03/2012;34,292
17/03/2012;43,125
18/03/2012;34,542
19/03/2012;40,000
20/03/2012;36,500
21/03/2012;27,478
22/03/2012;25,708
23/03/2012;22,667
24/03/2012;34,417
25/03/2012;70,000
26/03/2012;68,375
27/03/2012;58,000
28/03/2012;81,208
29/03/2012;60,333
30/03/2012;25,708
31/03/2012;18,667
01/04/2012;18,083
02/04/2012;11,458
03/04/2012;14,333
04/04/2012;13,870
05/04/2012;13,875
06/04/2012;14,333
07/04/2012;15,250
08/04/2012;13,792
09/04/2012;17,125
10/04/2012;15,375
11/04/2012;17,208
12/04/2012;18,417
13/04/2012;17,125
14/04/2012;14,250
15/04/2012;12,708
16/04/2012;20,167
17/04/2012;19,167
18/04/2012;16,208
19/04/2012;9,833
20/04/2012;10,708
21/04/2012;12,625
22/04/2012;12,333
23/04/2012;17,250
24/04/2012;14,143
25/04/2012;17,500
26/04/2012;14,292
27/04/2012;15,042
28/04/2012;14,667
29/04/2012;16,375
30/04/2012;18,542
01/05/2012;15,792
02/05/2012;18,833
03/05/2012;24,875
04/05/2012;14,000
05/05/2012;14,333
06/05/2012;9,917
07/05/2012;8,000
08/05/2012;14,792
09/05/2012;16,913
10/05/2012;56,308
11/05/2012;72,917
12/05/2012;81,542
13/05/2012;48,917
14/05/2012;22,083
15/05/2012;15,542
16/05/2012;18,417
17/05/2012;14,500
18/05/2012;38,125
19/05/2012;24,333
20/05/2012;31,292
21/05/2012;38,000
22/05/2012;44,208
23/05/2012;48,083
24/05/2012;29,708
25/05/2012;20,875
26/05/2012;16,875
27/05/2012;12,167
28/05/2012;29,125
29/05/2012;44,792
30/05/2012;82,542
31/05/2012;57,333
01/06/2012;71,917
02/06/2012;82,458
03/06/2012;64,208
04/06/2012;71,625
05/06/2012;29,292
06/06/2012;31,750
07/06/2012;46,636
08/06/2012;39,875
09/06/2012;24,750
10/06/2012;36,583
11/06/2012;46,750
12/06/2012;61,125
13/06/2012;44,500
14/06/2012;44,542
15/06/2012;38,565
16/06/2012;57,542
17/06/2012;51,750
18/06/2012;39,917
19/06/2012;25,333
21/06/2012;56,857
22/06/2012;54,542
23/06/2012;21,000
24/06/2012;20,583
25/06/2012;29,542
26/06/2012;56,083
27/06/2012;67,667
28/06/2012;35,208
29/06/2012;30,792
30/06/2012;30,833
01/07/2012;74,417
02/07/2012;92,208
03/07/2012;60,333
04/07/2012;52,583
05/07/2012;63,042
06/07/2012;51,208
07/07/2012;20,250
08/07/2012;12,208
09/07/2012;39,667
10/07/2012;69,417
11/07/2012;45,417
12/07/2012;21,417
13/07/2012;13,125
14/07/2012;51,500
15/07/2012;40,750
16/07/2012;48,542
17/07/2012;24,292
18/07/2012;13,083
19/07/2012;36,750
20/07/2012;61,067
23/07/2012;43,083
24/07/2012;60,333
25/07/2012;52,708
26/07/2012;50,208
27/07/2012;34,875
28/07/2012;22,833
29/07/2012;44,208
30/07/2012;15,708
31/07/2012;28,167
01/08/2012;34,708
02/08/2012;32,125
03/08/2012;21,375
04/08/2012;38,750
05/08/2012;37,917
06/08/2012;30,250
07/08/2012;34,208
08/08/2012;43,458
09/08/2012;42,958
10/08/2012;61,042
11/08/2012;60,125
12/08/2012;19,917
13/08/2012;21,792
14/08/2012;21,875
15/08/2012;16,750
16/08/2012;35,958
17/08/2012;62,833
18/08/2012;71,708
19/08/2012;64,667
20/08/2012;48,292
21/08/2012;56,333
22/08/2012;31,154
23/08/2012;17,214
24/08/2012;36,750
25/08/2012;52,833
26/08/2012;34,792
27/08/2012;37,625
28/08/2012;58,708
29/08/2012;36,042
30/08/2012;27,000
31/08/2012;28,130
01/09/2012;30,375
02/09/2012;25,792
03/09/2012;21,042
04/09/2012;27,750
05/09/2012;44,125
06/09/2012;44,875
07/09/2012;47,500
08/09/2012;42,708
09/09/2012;18,875
10/09/2012;19,958
11/09/2012;22,458
12/09/2012;14,125
13/09/2012;13,333
14/09/2012;13,833
15/09/2012;12,542
16/09/2012;13,917
17/09/2012;19,143
18/09/2012;12,364
19/09/2012;11,375
20/09/2012;35,083
21/09/2012;47,417
22/09/2012;45,458
23/09/2012;48,458
24/09/2012;31,292
25/09/2012;17,042
26/09/2012;23,333
27/09/2012;17,783
28/09/2012;14,792
29/09/2012;14,792
30/09/2012;13,583
01/10/2012;18,500
02/10/2012;16,375
03/10/2012;17,708
04/10/2012;17,125
05/10/2012;16,000
06/10/2012;20,625
07/10/2012;19,125
08/10/2012;18,042
09/10/2012;16,042
10/10/2012;20,375
11/10/2012;30,875
12/10/2012;15,083
13/10/2012;18,958
14/10/2012;17,667
15/10/2012;19,833
16/10/2012;37,958
17/10/2012;21,542
18/10/2012;19,250
19/10/2012;22,136
20/10/2012;26,333
21/10/2012;19,042
22/10/2012;18,708
23/10/2012;17,391
24/10/2012;13,750
25/10/2012;15,708
26/10/2012;15,455
27/10/2012;13,125
28/10/2012;15,542
29/10/2012;17,583
30/10/2012;16,500
31/10/2012;15,667
01/11/2012;18,333
02/11/2012;18,083
03/11/2012;12,952
04/11/2012;11,227
05/11/2012;9,435
06/11/2012;11,667
07/11/2012;14,083
08/11/2012;14,042
09/11/2012;14,500
10/11/2012;17,792
11/11/2012;13,375
12/11/2012;17,250
13/11/2012;16,875
14/11/2012;18,833
15/11/2012;16,917
16/11/2012;11,500
17/11/2012;13,792
18/11/2012;15,208
19/11/2012;15,684
20/11/2012;14,400
01/12/2012;21,895
02/12/2012;11,750
03/12/2012;13,000
08/12/2012;14,846
09/12/2012;14,727
10/12/2012;24,250
21/02/2013;19,50769231
22/02/2013;15,80833333
23/02/2013;11,14166667
24/02/2013;15,15909091
25/02/2013;16,25
26/02/2013;14,83333333
27/02/2013;13,77083333
28/02/2013;15,5625
01/03/2013;15,08333333
02/03/2013;14,59583333
03/03/2013;14,82083333
04/03/2013;17,00416667
05/03/2013;21,925
06/03/2013;19,625
07/03/2013;22,7875
08/03/2013;27,1125
09/03/2013;18,6625
10/03/2013;17,99166667
11/03/2013;23,62916667
12/03/2013;21,29583333
13/03/2013;18,95833333
14/03/2013;17,61666667
15/03/2013;19,1
16/03/2013;19,425
17/03/2013;12,7
18/03/2013;12,62608696
19/03/2013;12,36521739
20/03/2013;14,7125
21/03/2013;16,125
22/03/2013;28,67083333
23/03/2013;28,61666667
24/03/2013;20,03333333
25/03/2013;9,27826087
26/03/2013;15,13684211
27/03/2013;17,175
28/03/2013;18,4375
29/03/2013;17,11666667
30/03/2013;11,20833333
31/03/2013;14,79583333
01/04/2013;18,7625
02/04/2013;25,75833333
03/04/2013;20,90434783
04/04/2013;14,56521739
05/04/2013;14,00952381
06/04/2013;12,74583333
07/04/2013;14,14166667
08/04/2013;15,89583333
09/04/2013;13,90833333
10/04/2013;15,70833333
11/04/2013;13,53333333
12/04/2013;11,375
13/04/2013;16,05833333
14/04/2013;13,8
15/04/2013;20,38181818
16/04/2013;8,775
17/04/2013;12,175
18/04/2013;11,29166667
19/04/2013;11,4
20/04/2013;11,89583333
21/04/2013;20,3125
22/04/2013;20,73529412
23/04/2013;15,95
24/04/2013;13,11666667
25/04/2013;13,64583333
26/04/2013;9,934782609
27/04/2013;11,49166667
28/04/2013;13,20416667
29/04/2013;14,07083333
30/04/2013;9,791666667
01/05/2013;8,4
02/05/2013;10,59166667
03/05/2013;23,71666667
04/05/2013;22,57083333
05/05/2013;30,2625
06/05/2013;38,74583333
07/05/2013;38,60666667
10/05/2013;20,1
11/05/2013;18,77083333
12/05/2013;12,86666667
13/05/2013;12,37916667
14/05/2013;16,69166667
15/05/2013;17,53333333
16/05/2013;19,35416667
17/05/2013;14,2
18/05/2013;22,30833333
19/05/2013;30,57083333
20/05/2013;28,32083333
21/05/2013;17,65833333
22/05/2013;16,30833333
23/05/2013;18,60833333
24/05/2013;23,625
25/05/2013;21,2125
26/05/2013;16,58636364
27/05/2013;36,2125
28/05/2013;41,8875
29/05/2013;37,5375
30/05/2013;46,19583333
31/05/2013;32,6875
01/06/2013;28,97083333
02/06/2013;30,36666667
03/06/2013;34,17083333
04/06/2013;44,00833333
05/06/2013;36,02083333
06/06/2013;22,04166667
07/06/2013;14,49166667
08/06/2013;18,9375
09/06/2013;25,19166667
10/06/2013;26,25833333
11/06/2013;44,2
12/06/2013;40,0625
13/06/2013;31,3625
14/06/2013;61,65
15/06/2013;54,5
16/06/2013;43,16666667
17/06/2013;33,89583333
18/06/2013;51,09166667
19/06/2013;34,4
20/06/2013;41,74583333
21/06/2013;14,27083333
22/06/2013;21,39583333
23/06/2013;38,85833333
24/06/2013;32,48333333
25/06/2013;16,05
26/06/2013;35,84166667
27/06/2013;41,42083333
28/06/2013;44,025
29/06/2013;18,30833333
30/06/2013;37,31666667
01/07/2013;50,40833333
02/07/2013;17,87083333
03/07/2013;18,97083333
04/07/2013;49,8
05/07/2013;36,875
06/07/2013;21,48333333
07/07/2013;9,108333333
08/07/2013;23,2875
09/07/2013;32,24166667
10/07/2013;43,85833333
11/07/2013;51,32916667
12/07/2013;29,84583333
13/07/2013;20,90416667
14/07/2013;12,32083333
15/07/2013;20,3625
16/07/2013;36,1625
17/07/2013;19
18/07/2013;42,03478261
19/07/2013;58,50416667
20/07/2013;35,58333333
21/07/2013;13,09583333
22/07/2013;24,92083333
23/07/2013;53,025
24/07/2013;60,2625
25/07/2013;43,09166667
26/07/2013;20,30416667
27/07/2013;18,76666667
28/07/2013;25,9
29/07/2013;21,82083333
30/07/2013;20,31666667
31/07/2013;11,8125
01/08/2013;12,69583333
02/08/2013;37,25416667
03/08/2013;51,14583333
04/08/2013;31,5125
05/08/2013;18,40416667
06/08/2013;15,05416667
07/08/2013;16,83333333
08/08/2013;20,1
09/08/2013;25,34583333
10/08/2013;32,22083333
11/08/2013;37,375
12/08/2013;46,63333333
13/08/2013;29,45416667
14/08/2013;49,65
15/08/2013;27,98333333
16/08/2013;13,87916667
17/08/2013;16,82083333
18/08/2013;22,075
19/08/2013;25,5375
20/08/2013;25,5125
21/08/2013;24,39166667
22/08/2013;16,25416667
23/08/2013;37,6
24/08/2013;31,90416667
25/08/2013;15,04166667
26/08/2013;19,23333333
27/08/2013;21,975
28/08/2013;33,29583333
29/08/2013;23,15416667
30/08/2013;32,375
31/08/2013;17,375
01/09/2013;23,33333333
02/09/2013;25,53478261
03/09/2013;7,665217391
04/09/2013;13,14583333
05/09/2013;14,27916667
06/09/2013;16,62083333
07/09/2013;21,86666667
08/09/2013;61,3875
09/09/2013;48,9625
10/09/2013;11,77083333
11/09/2013;11,91304348
12/09/2013;18,27916667
13/09/2013;15,83913043
14/09/2013;14,4625
15/09/2013;13,84583333
16/09/2013;12,5
17/09/2013;14,15
18/09/2013;40,8875
19/09/2013;59,43333333
20/09/2013;53,90833333
21/09/2013;58,7375
22/09/2013;37,47916667
23/09/2013;17,13913043
24/09/2013;19,03333333
25/09/2013;10,98333333
26/09/2013;12,91666667
27/09/2013;20,91666667
28/09/2013;24,27083333
29/09/2013;14,6125
30/09/2013;65,70416667
01/10/2013;42,4875
02/10/2013;12,325
03/10/2013;15,8
04/10/2013;11,0875
05/10/2013;8,7125
06/10/2013;11,13636364
07/10/2013;13,05652174
08/10/2013;20,77916667
09/10/2013;38,17083333
10/10/2013;12,175
11/10/2013;14,03333333
12/10/2013;12,9
13/10/2013;51,92083333
14/10/2013;36,17916667
15/10/2013;16,03333333
16/10/2013;16,33333333
17/10/2013;14,75
18/10/2013;16,275
19/10/2013;11,16521739
20/10/2013;9,85
21/10/2013;36,4875
22/10/2013;51,0625
23/10/2013;35,90833333
24/10/2013;29,57916667
25/10/2013;38,80416667
26/10/2013;27,02083333
27/10/2013;20,15833333
28/10/2013;21,8125
29/10/2013;44,79166667
30/10/2013;21,16521739
31/10/2013;18,9625
01/11/2013;17,4
02/11/2013;14,62916667
03/11/2013;14,95
04/11/2013;17,95652174
05/11/2013;16,00833333
06/11/2013;18,76086957
07/11/2013;14,9047619
08/11/2013;20,39166667
09/11/2013;17,74583333
10/11/2013;39,175
11/11/2013;40,98333333
12/11/2013;26,05416667
13/11/2013;23,625
14/11/2013;19,7
15/11/2013;18,475
16/11/2013;18,00833333
17/11/2013;19,05416667
18/11/2013;23,02083333
19/11/2013;22,89583333
20/11/2013;18,70833333
21/11/2013;18,39583333
22/11/2013;24,35416667
23/11/2013;25,62916667
24/11/2013;20,11666667
25/11/2013;24,22083333
26/11/2013;23,74583333
27/11/2013;25,87083333
28/11/2013;27,15833333
29/11/2013;30,175
30/11/2013;22,50833333
01/12/2013;18,00416667
02/12/2013;20,98571429
03/12/2013;23,22857143
04/12/2013;19,15833333
05/12/2013;22,64583333
06/12/2013;21,7375
07/12/2013;22,1
08/12/2013;20,25833333
09/12/2013;30,30909091
10/12/2013;30,45384615
11/12/2013;25,225
12/12/2013;31,5125
13/12/2013;28,02083333
14/12/2013;28,67083333
15/12/2013;29,13333333
16/12/2013;30,54166667
17/12/2013;32,17916667
18/12/2013;26,25833333
19/12/2013;27,5125
20/12/2013;29,95833333
21/12/2013;30,50416667
22/12/2013;25,9125
23/12/2013;27,225
24/12/2013;26,92083333
25/12/2013;24,44583333
26/12/2013;39,15
27/12/2013;29,7875
28/12/2013;28,26666667
29/12/2013;24,05833333
30/12/2013;26,7625
31/12/2013;23,8125
01/01/14;21,963
02/01/14;25,600
03/01/14;23,442
04/01/14;32,396
05/01/14;33,854
06/01/14;26,904
07/01/14;30,038
08/01/14;26,258
09/01/14;27,442
10/01/14;30,575
11/01/14;25,413
12/01/14;23,542
13/01/14;22,721
14/01/14;22,483
15/01/14;20,454
16/01/14;22,642
17/01/14;20,613
18/01/14;43,413
19/01/14;49,650
20/01/14;34,433
21/01/14;27,917
22/01/14;24,767
23/01/14;15,778
25/01/14;16,708
26/01/14;15,758
27/01/14;20,088
28/01/14;20,096
30/01/14;17,204
31/01/14;17,683
01/02/14;16,658
02/02/14;19,167
03/02/14;19,908
06/02/14;15,354
07/02/14;17,417
08/02/14;17,888
09/02/14;22,163
10/02/14;20,325
11/02/14;17,795
12/02/14;21,929
13/02/14;23,496
14/02/14;23,554
15/02/14;23,104
16/02/14;20,792
17/02/14;16,367
18/02/14;16,520
10/12/14;18,664
11/12/14;18,567
12/12/14;30,138
13/12/14;24,470
14/12/14;21,544
15/12/14;19,727
28/12/14;18,533
31/12/14;19,621
01/01/2015;20,774
02/01/2015;25,846
05/01/2015;28,200
06/01/2015;18,492
07/01/2015;25,504
08/01/2015;23,009
09/01/2015;20,346
10/01/2015;34,776
11/01/2015;16,574
12/01/2015;13,558
13/01/2015;12,557
14/01/2015;10,830
15/01/2015;7,114
16/01/2015;13,863
17/01/2015;16,888
18/01/2015;3,300
19/01/2015;19,227
20/01/2015;19,471
21/01/2015;14,495
22/01/2015;18,465
23/01/2015;18,867
24/01/2015;14,438
25/01/2015;21,913
26/01/2015;24,354
27/01/2015;26,296
28/01/2015;17,158
31/01/2015;21,850
01/02/2015;20,025
02/02/2015;13,729
03/02/2015;28,250
04/02/2015;14,213
05/02/2015;12,000
10/02/2015;28,943
11/02/2015;23,918
12/02/2015;18,788
13/02/2015;30,029
14/02/2015;19,900
15/02/2015;20,608
16/02/2015;20,629
17/02/2015;18,496
18/02/2015;17,638
19/02/2015;27,288
20/02/2015;21,146
21/02/2015;19,004
22/02/2015;17,658
23/02/2015;17,504
24/02/2015;24,416
25/02/2015;20,742
26/02/2015;20,300
27/02/2015;22,538
28/02/2015;22,029
01/03/2015;23,221
02/03/2015;61,538
03/03/2015;47,867
04/03/2015;28,329
05/03/2015;21,063
06/03/2015;25,650
07/03/2015;22,483
08/03/2015;17,226
09/03/2015;31,146
10/03/2015;24,875
11/03/2015;23,321
12/03/2015;53,817
13/03/2015;98,363
14/03/2015;42,358
15/03/2015;38,863
16/03/2015;48,779
17/03/2015;35,967
18/03/2015;32,992
19/03/2015;34,183
20/03/2015;24,479
21/03/2015;19,867
22/03/2015;22,617
23/03/2015;24,500
24/03/2015;27,238
25/03/2015;21,083
26/03/2015;25,346
27/03/2015;28,371
28/03/2015;29,054
29/03/2015;27,829
30/03/2015;26,004
31/03/2015;24,433
01/04/2015;22,733
02/04/2015;19,500
03/04/2015;23,042
04/04/2015;30,029
05/04/2015;34,348
06/04/2015;42,638
07/04/2015;30,979
08/04/2015;34,846
09/04/2015;34,050
10/04/2015;34,988
11/04/2015;37,958
12/04/2015;40,954
13/04/2015;48,708
14/04/2015;44,275
15/04/2015;39,567
17/04/2015;28,600
18/04/2015;46,774
19/04/2015;54,171
20/04/2015;25,182
21/04/2015;19,350
22/04/2015;21,752
08/05/2015;64,352
09/05/2015;45,763
10/05/2015;48,550
11/05/2015;48,163
12/05/2015;36,579
13/05/2015;31,388
14/05/2015;42,875
15/05/2015;72,492
16/05/2015;65,738
17/05/2015;58,446
18/05/2015;39,392
19/05/2015;50,513
20/05/2015;58,233
21/05/2015;86,021
22/05/2015;87,879
23/05/2015;76,963
24/05/2015;42,825
25/05/2015;52,529
26/05/2015;40,704
27/05/2015;29,521
28/05/2015;25,983
29/05/2015;39,125
30/05/2015;56,842
31/05/2015;50,167
01/06/2015;27,933
02/06/2015;23,542
03/06/2015;29,908
04/06/2015;40,900
05/06/2015;48,633
06/06/2015;56,371
07/06/2015;53,621
08/06/2015;33,657
09/06/2015;24,842
10/06/2015;23,888
11/06/2015;36,939
12/06/2015;48,896
13/06/2015;54,283
14/06/2015;45,736
15/06/2015;49,567
16/06/2015;46,900
17/06/2015;66,083
18/06/2015;68,458
19/06/2015;45,238
20/06/2015;35,971
21/06/2015;31,188
22/06/2015;18,387
23/06/2015;98,867
24/06/2015;83,033
25/06/2015;33,892
26/06/2015;53,636
27/06/2015;65,660
28/06/2015;62,878
29/06/2015;55,900
01/07/2015;45,125
02/07/2015;53,304
03/07/2015;68,073
04/07/2015;77,688
05/07/2015;44,760
06/07/2015;51,906
07/07/2015;43,635
08/07/2015;38,385
09/07/2015;23,250
10/07/2015;23,250
11/07/2015;46,219
12/07/2015;49,969
13/07/2015;28,228
14/07/2015;46,988
15/07/2015;50,010
16/07/2015;53,104
17/07/2015;74,469
18/07/2015;74,594
19/07/2015;41,167
20/07/2015;53,853
21/07/2015;54,598
22/07/2015;51,473
23/07/2015;64,656
24/07/2015;39,207
25/07/2015;61,145
26/07/2015;54,823
27/07/2015;46,432
28/07/2015;54,545
29/07/2015;63,896
30/07/2015;67,906
31/07/2015;57,229
01/08/2015;42,903
02/08/2015;46,353
03/08/2015;43,627
04/08/2015;21,598
05/08/2015;17,260
06/08/2015;15,458
07/08/2015;18,538
10/08/2015;11,950
11/08/2015;19,889
12/08/2015;18,278
13/08/2015;24,177
14/08/2015;22,844
15/08/2015;38,698
16/08/2015;24,510
17/08/2015;16,917
18/08/2015;16,927
19/08/2015;35,188
20/08/2015;65,677
21/08/2015;49,281
22/08/2015;26,833
23/08/2015;26,115
24/08/2015;19,177
25/08/2015;50,073
26/08/2015;43,783
28/08/2015;40,650
29/08/2015;24,385
30/08/2015;39,365
31/08/2015;38,896
01/09/2015;27,427
02/09/2015;50,969
03/09/2015;48,458
04/09/2015;22,828
05/09/2015;28,000
06/09/2015;37,271
07/09/2015;40,969
08/09/2015;31,677
09/09/2015;53,698
10/09/2015;42,323
11/09/2015;21,288
12/09/2015;31,271
13/09/2015;52,990
14/09/2015;38,333
15/09/2015;58,049
16/09/2015;66,375
17/09/2015;47,177
18/09/2015;42,438
19/09/2015;34,652
22/09/2015;18,694
23/09/2015;14,656
24/09/2015;12,042
25/09/2015;11,875
26/09/2015;11,865
27/09/2015;13,281
28/09/2015;20,333
29/09/2015;15,604
30/09/2015;13,208
01/10/2015;13,042
02/10/2015;15,865
03/10/2015;18,198
04/10/2015;16,469
05/10/2015;11,448
06/10/2015;16,802
07/10/2015;14,260
08/10/2015;26,135
09/10/2015;65,156
10/10/2015;34,802
11/10/2015;21,292
12/10/2015;16,219
13/10/2015;22,865
14/10/2015;14,938
15/10/2015;20,333
16/10/2015;20,781
17/10/2015;14,500
18/10/2015;17,948
19/10/2015;21,990
20/10/2015;22,198
21/10/2015;18,438
22/10/2015;19,292
23/10/2015;18,656
24/10/2015;15,583
25/10/2015;14,424
26/10/2015;18,198
27/10/2015;17,229
28/10/2015;23,958
29/10/2015;16,385
30/10/2015;16,042
31/10/2015;18,813
01/11/2015;23,469
02/11/2015;14,948
03/11/2015;18,365
04/11/2015;18,385
05/11/2015;20,000
06/11/2015;19,698
07/11/2015;14,469
08/11/2015;25,431
09/11/2015;33,196
10/11/2015;28,250
12/11/2015;19,962
13/11/2015;15,417
14/11/2015;14,552
15/11/2015;14,146
16/11/2015;28,292
17/11/2015;28,406
18/11/2015;37,792
19/11/2015;25,146
20/11/2015;22,010
21/11/2015;18,573
22/11/2015;14,292
23/11/2015;18,792
24/11/2015;25,792
25/11/2015;38,656
26/11/2015;29,865
27/11/2015;17,983
28/11/2015;20,271
29/11/2015;23,000
30/11/2015;21,792
01/12/2015;19,240
02/12/2015;20,156
03/12/2015;20,094
04/12/2015;20,146
05/12/2015;19,313
06/12/2015;14,688
07/12/2015;17,073
08/12/2015;16,281
09/12/2015;14,848
10/12/2015;19,865
11/12/2015;34,292
12/12/2015;30,385
13/12/2015;19,156
14/12/2015;17,750
15/12/2015;16,635
16/12/2015;20,167
17/12/2015;15,125
18/12/2015;18,271
19/12/2015;28,240
20/12/2015;25,490
21/12/2015;24,323
22/12/2015;21,844
23/12/2015;17,646
24/12/2015;15,385
25/12/2015;14,292
26/12/2015;16,719
27/12/2015;14,021
28/12/2015;13,323
29/12/2015;13,272
30/12/2015;12,283
31/12/2015;15,240
01/01/2016;21,600
02/01/2016;20,100
03/01/2016;18,600
04/01/2016;22,800
05/01/2016;14,200
07/01/2016;16,300
08/01/2016;20,500
09/01/2016;20,200
10/01/2016;16,500
11/01/2016;18,800
12/01/2016;12,100
13/01/2016;17,800
14/01/2016;17,000
15/01/2016;13,100
16/01/2016;12,900
17/01/2016;13,400
18/01/2016;13,600
19/01/2016;14,700
20/01/2016;17,000
21/01/2016;28,800
22/01/2016;28,900
23/01/2016;26,800
24/01/2016;15,000
25/01/2016;22,300
26/01/2016;34,000
27/01/2016;34,300
28/01/2016;18,300
29/01/2016;14,300
30/01/2016;23,600
31/01/2016;49,200
01/02/2016;32,600
02/02/2016;38,000
03/02/2016;34,600
05/02/2016;20,200
06/02/2016;43,200
07/02/2016;42,500
08/02/2016;31,700
09/02/2016;18,400
10/02/2016;17,300
11/02/2016;26,600
12/02/2016;34,700
13/02/2016;45,300
14/02/2016;25,300
15/02/2016;38,400
16/02/2016;30,100
17/02/2016;25,600
18/02/2016;19,700
19/02/2016;25,200
20/02/2016;19,100
21/02/2016;18,000
22/02/2016;22,000
23/02/2016;20,500
24/02/2016;19,600
25/02/2016;17,100
26/02/2016;17,900
27/02/2016;17,100
28/02/2016;30,000
29/02/2016;33,600
01/03/2016;31,500
02/03/2016;33,200
03/03/2016;11,400
04/03/2016;13,900
05/03/2016;16,800
06/03/2016;15,300
07/03/2016;36,200
08/03/2016;26,500
09/03/2016;18,000
10/03/2016;22,200
11/03/2016;18,400
12/03/2016;19,700
13/03/2016;13,900
14/03/2016;13,100
15/03/2016;14,100
16/03/2016;11,100
17/03/2016;17,800
18/03/2016;19,400
19/03/2016;16,900
20/03/2016;19,100
21/03/2016;22,700
22/03/2016;22,500
23/03/2016;22,200
24/03/2016;17,600
25/03/2016;14,300
26/03/2016;20,200
27/03/2016;18,500
28/03/2016;21,600
29/03/2016;17,800
30/03/2016;18,100
31/03/2016;16,800
01/04/2016;33,400
02/04/2016;21,400
03/04/2016;21,600
04/04/2016;20,700
05/04/2016;13,600
06/04/2016;12,700
07/04/2016;18,100
08/04/2016;16,900
09/04/2016;17,800
10/04/2016;12,500
11/04/2016;15,000
12/04/2016;10,900
13/04/2016;14,700
14/04/2016;17,400
15/04/2016;17,400
16/04/2016;16,500
17/04/2016;13,100
18/04/2016;17,700
19/04/2016;13,900
20/04/2016;9,300
21/04/2016;16,800
22/04/2016;53,100
23/04/2016;81,600
24/04/2016;85,700
25/04/2016;52,100
26/04/2016;53,100
27/04/2016;51,900
28/04/2016;54,300
29/04/2016;47,400
30/04/2016;42,500
01/05/2016;42,400
02/05/2016;33,100
03/05/2016;21,900
04/05/2016;18,500
05/05/2016;13,600
06/05/2016;26,200
07/05/2016;49,000
08/05/2016;28,800
09/05/2016;20,000
10/05/2016;15,500
11/05/2016;13,300
12/05/2016;13,700
16/05/2016;17,800
17/05/2016;24,400
18/05/2016;22,600
19/05/2016;23,600
20/05/2016;28,900
22/05/2016;55,600
23/05/2016;68,200
24/05/2016;52,700
25/05/2016;26,900
26/05/2016;28,000
27/05/2016;38,000
28/05/2016;32,200
29/05/2016;30,900
30/05/2016;35,700
31/05/2016;47,600
02/06/2016;81,800
03/06/2016;61,300
04/06/2016;39,800
07/06/2016;38,500
08/06/2016;47,500
09/06/2016;38,700
10/06/2016;24,100
11/06/2016;21,800
12/06/2016;22,300
13/06/2016;29,900
14/06/2016;30,100
15/06/2016;21,000
16/06/2016;10,200
17/06/2016;17,500
18/06/2016;21,500
19/06/2016;18,300
20/06/2016;21,900
21/06/2016;14,400
22/06/2016;18,300
23/06/2016;26,700
24/06/2016;44,800
25/06/2016;39,300
26/06/2016;19,800
27/06/2016;10,300
28/06/2016;32,200
29/06/2016;33,400
30/06/2016;28,400
01/07/2016;28,900
02/07/2016;33,600
03/07/2016;27,100
04/07/2016;21,100
05/07/2016;40,000
06/07/2016;30,700
07/07/2016;22,400
08/07/2016;15,100
09/07/2016;16,400
10/07/2016;46,000
11/07/2016;34,600
12/07/2016;17,600
13/07/2016;20,200
14/07/2016;18,800
15/07/2016;22,000
16/07/2016;29,300
17/07/2016;17,800
18/07/2016;10,800
19/07/2016;17,800
20/07/2016;24,800
21/07/2016;40,300
22/07/2016;32,200
23/07/2016;14,900
24/07/2016;10,000
25/07/2016;13,900
26/07/2016;51,400
27/07/2016;48,900
28/07/2016;36,500
29/07/2016;26,800
30/07/2016;22,700
31/07/2016;12,100
01/08/2016;43,300
02/08/2016;33,200
03/08/2016;17,900
04/08/2016;14,400
05/08/2016;22,900
06/08/2016;18,000
07/08/2016;17,700
08/08/2016;21,000
09/08/2016;30,300
10/08/2016;17,100
11/08/2016;16,700
12/08/2016;12,500
13/08/2016;16,800
14/08/2016;28,800
15/08/2016;25,300
16/08/2016;24,000
17/08/2016;16,100
18/08/2016;39,500
19/08/2016;28,600
20/08/2016;27,100
21/08/2016;29,300
22/08/2016;14,800
23/08/2016;11,200
24/08/2016;10,100
25/08/2016;20,200
26/08/2016;20,300
27/08/2016;21,100
28/08/2016;15,700
29/08/2016;35,700
30/08/2016;26,900
31/08/2016;10,900
01/09/2016;10,300
02/09/2016;42,300
03/09/2016;60,500
04/09/2016;35,800
05/09/2016;13,300
06/09/2016;56,000
07/09/2016;22,100
08/09/2016;15,300
09/09/2016;14,000
10/09/2016;37,800
11/09/2016;16,400
12/09/2016;21,700
13/09/2016;24,400
14/09/2016;19,100
15/09/2016;13,300
16/09/2016;10,000
17/09/2016;8,100
18/09/2016;7,600
19/09/2016;18,200
20/09/2016;18,400
21/09/2016;9,700
22/09/2016;14,200
23/09/2016;14,400
24/09/2016;16,000
25/09/2016;11,800
26/09/2016;11,200
27/09/2016;31,600
28/09/2016;21,600
29/09/2016;49,300
30/09/2016;29,600
01/10/2016;12,900
02/10/2016;10,300
03/10/2016;14,500
04/10/2016;21,800
05/10/2016;19,600
06/10/2016;15,600
08/10/2016;12,800
09/10/2016;27,000
10/10/2016;15,000
11/10/2016;21,900
12/10/2016;33,400
13/10/2016;28,700
14/10/2016;17,000
15/10/2016;17,900
16/10/2016;11,900
17/10/2016;11,900
18/10/2016;15,200
19/10/2016;12,800
20/10/2016;13,300
21/10/2016;13,600
22/10/2016;15,800
25/10/2016;15,700
26/10/2016;10,500
27/10/2016;16,600
28/10/2016;12,900
29/10/2016;9,900
30/10/2016;9,000
31/10/2016;11,100
01/11/2016;9,500
02/11/2016;7,100
03/11/2016;12,300
04/11/2016;20,700
05/11/2016;15,300
06/11/2016;11,700
07/11/2016;23,600
08/11/2016;26,600
09/11/2016;10,800
10/11/2016;23,000
11/11/2016;18,900
12/11/2016;13,700
13/11/2016;12,000
14/11/2016;24,700
15/11/2016;13,900
16/11/2016;14,100
17/11/2016;14,600
18/11/2016;19,300
19/11/2016;14,100
20/11/2016;10,500
21/11/2016;12,200
22/11/2016;12,800
23/11/2016;14,200
24/11/2016;14,500
25/11/2016;17,900
26/11/2016;14,900
27/11/2016;15,000
28/11/2016;8,500
29/11/2016;13,100
30/11/2016;12,400
01/12/2016;10,400
02/12/2016;12,200
03/12/2016;13,000
04/12/2016;8,300
05/12/2016;13,500
06/12/2016;15,200
07/12/2016;15,600
08/12/2016;21,500
09/12/2016;35,700
10/12/2016;24,600
11/12/2016;14,300
12/12/2016;19,100
13/12/2016;22,700
14/12/2016;27,200
15/12/2016;24,700
16/12/2016;19,700
17/12/2016;22,800
18/12/2016;22,800
19/12/2016;21,200
20/12/2016;22,200
21/12/2016;22,200
22/12/2016;15,600
23/12/2016;20,300
24/12/2016;21,300
25/12/2016;17,800
26/12/2016;16,200
27/12/2016;18,900
28/12/2016;22,700
29/12/2016;17,800
30/12/2016;17,900
31/12/2016;18,700