Martinique;PM10
01/01/2006;22,1
02/01/2006;14,4
03/01/2006;13,9
04/01/2006;14,8
05/01/2006;10,3
06/01/2006;13,7
07/01/2006;11
08/01/2006;16,6
09/01/2006;7,4
10/01/2006;25,4
11/01/2006;25,9
12/01/2006;20,6
13/01/2006;20,7
14/01/2006;15,6
15/01/2006;12,3
16/01/2006;16
17/01/2006;12,8
18/01/2006;16,5
19/01/2006;14,6
20/01/2006;12,8
21/01/2006;26,7
22/01/2006;27,6
23/01/2006;24,3
24/01/2006;25,8
25/01/2006;27,8
26/01/2006;20,6
27/01/2006;13,9
28/01/2006;9,5
29/01/2006;8,1
30/01/2006;18
31/01/2006;16
01/02/2006;15,1
02/02/2006;13
03/02/2006;14,1
04/02/2006;13,9
05/02/2006;14,4
06/02/2006;18
07/02/2006;10,6
08/02/2006;18,2
09/02/2006;15,6
10/02/2006;13
11/02/2006;17,4
12/02/2006;15,4
13/02/2006;21
14/02/2006;14,2
15/02/2006;17
16/02/2006;14,5
17/02/2006;13
18/02/2006;12,5
19/02/2006;10,1
20/02/2006;16,8
21/02/2006;19,2
22/02/2006;16,5
23/02/2006;14
24/02/2006;12,8
25/02/2006;10,7
26/02/2006;10
27/02/2006;12,4
28/02/2006;17,2
01/03/2006;19,4
02/03/2006;14,1
03/03/2006;20,7
04/03/2006;27,8
05/03/2006;15,7
06/03/2006;14,7
07/03/2006;15,5
08/03/2006;18,4
09/03/2006;12
10/03/2006;12,3
11/03/2006;15,3
12/03/2006;10,4
13/03/2006;19,7
14/03/2006;56,2
15/03/2006;47,6
16/03/2006;15,6
17/03/2006;22,1
18/03/2006;22
19/03/2006;44,8
20/03/2006;95,6
21/03/2006;130
22/03/2006;92
23/03/2006;20,4
24/03/2006;10,4
25/03/2006;32,7
26/03/2006;52,1
27/03/2006;63,5
28/03/2006;18,8
29/03/2006;19,5
30/03/2006;57,7
31/03/2006;45,1
01/04/2006;39,4
02/04/2006;11,8
03/04/2006;13,7
04/04/2006;17,3
05/04/2006;17,6
06/04/2006;33,9
07/04/2006;35,5
08/04/2006;11,9
09/04/2006;8,8
10/04/2006;12,9
11/04/2006;14,2
12/04/2006;21,3
13/04/2006;22,3
14/04/2006;18
15/04/2006;17,6
16/04/2006;15,1
17/04/2006;10,6
18/04/2006;12,8
19/04/2006;25,5
20/04/2006;79,2
21/04/2006;52,9
22/04/2006;18,1
23/04/2006;13
24/04/2006;17,4
25/04/2006;18,7
26/04/2006;14,8
27/04/2006;17,3
28/04/2006;14,6
29/04/2006;16,4
30/04/2006;18,3
01/05/2006;13,3
02/05/2006;18
03/05/2006;16,3
04/05/2006;15,4
05/05/2006;
06/05/2006;17
07/05/2006;12,6
08/05/2006;13
09/05/2006;13
10/05/2006;14,3
11/05/2006;18,1
12/05/2006;20,5
13/05/2006;30,9
14/05/2006;44,8
15/05/2006;31,7
16/05/2006;33,7
17/05/2006;44,3
18/05/2006;42,5
19/05/2006;22,9
20/05/2006;16,3
21/05/2006;31
22/05/2006;36,3
23/05/2006;30
24/05/2006;21,6
25/05/2006;16
26/05/2006;26
27/05/2006;18,2
28/05/2006;16,2
29/05/2006;17,6
30/05/2006;31,4
31/05/2006;26,4
01/06/2006;27,4
02/06/2006;26,1
03/06/2006;55,6
04/06/2006;86,4
05/06/2006;81,9
06/06/2006;54,7
07/06/2006;39,2
08/06/2006;47,5
09/06/2006;54,5
10/06/2006;71,6
11/06/2006;79,2
12/06/2006;39
13/06/2006;69,6
14/06/2006;28,4
15/06/2006;24,5
16/06/2006;11,7
17/06/2006;19,6
18/06/2006;17,5
19/06/2006;50
20/06/2006;88,7
21/06/2006;71
22/06/2006;32
23/06/2006;93,8
24/06/2006;47,9
25/06/2006;17,9
26/06/2006;41,2
27/06/2006;31,5
28/06/2006;16
29/06/2006;12
30/06/2006;32,1
01/07/2006;22,1
02/07/2006;14,2
03/07/2006;49,9
04/07/2006;66,9
05/07/2006;77
06/07/2006;21,7
07/07/2006;20,1
08/07/2006;15,2
09/07/2006;51,5
10/07/2006;72,7
11/07/2006;32
12/07/2006;30,4
13/07/2006;65,9
14/07/2006;89,9
15/07/2006;59,3
16/07/2006;33,5
17/07/2006;20,7
18/07/2006;55,4
19/07/2006;66,6
20/07/2006;16,7
21/07/2006;14,9
22/07/2006;28,5
23/07/2006;72,7
24/07/2006;48,8
25/07/2006;43,1
26/07/2006;12
27/07/2006;78,9
28/07/2006;37,8
29/07/2006;73,4
30/07/2006;53,4
31/07/2006;25,2
01/08/2006;14,8
02/08/2006;13,3
03/08/2006;25,1
04/08/2006;11,2
05/08/2006;18,6
06/08/2006;10,9
07/08/2006;25,2
08/08/2006;15,2
09/08/2006;21
10/08/2006;17,4
11/08/2006;60,2
12/08/2006;31,1
13/08/2006;
14/08/2006;9,4
15/08/2006;42,5
16/08/2006;110,4
17/08/2006;21
18/08/2006;32,6
19/08/2006;18,8
20/08/2006;50
21/08/2006;31,6
22/08/2006;69
23/08/2006;96,2
24/08/2006;5
25/08/2006;38,4
26/08/2006;14,5
27/08/2006;11,3
28/08/2006;13,4
29/08/2006;22,2
30/08/2006;24,9
31/08/2006;15
01/09/2006;21,1
02/09/2006;13,1
03/09/2006;14,5
04/09/2006;59,3
05/09/2006;33,8
06/09/2006;46,9
07/09/2006;36,7
08/09/2006;13,9
09/09/2006;15
10/09/2006;9,7
11/09/2006;16,4
12/09/2006;43
13/09/2006;16,9
14/09/2006;51,5
15/09/2006;69,2
16/09/2006;75
17/09/2006;55
18/09/2006;43,5
19/09/2006;36,1
20/09/2006;28,6
21/09/2006;27
22/09/2006;11,1
23/09/2006;11,8
24/09/2006;7,6
25/09/2006;20,9
26/09/2006;12,5
27/09/2006;18,9
28/09/2006;14,7
29/09/2006;25,9
30/09/2006;8,5
01/10/2006;12,6
02/10/2006;7,2
03/10/2006;12,5
04/10/2006;15,6
05/10/2006;28,2
06/10/2006;10,4
07/10/2006;50,9
08/10/2006;32,6
09/10/2006;18,9
10/10/2006;51,8
11/10/2006;12,4
12/10/2006;37,9
13/10/2006;39,5
14/10/2006;8,5
15/10/2006;12,7
16/10/2006;10
17/10/2006;14,7
18/10/2006;15,7
19/10/2006;13,8
20/10/2006;4
21/10/2006;15,5
22/10/2006;21,5
23/10/2006;17,7
24/10/2006;11
25/10/2006;14,2
26/10/2006;8,2
27/10/2006;21,2
28/10/2006;44,3
29/10/2006;15,9
30/10/2006;18,5
31/10/2006;19,5
01/11/2006;12,2
02/11/2006;12,2
03/11/2006;42,3
04/11/2006;12,7
05/11/2006;11,6
06/11/2006;11,5
07/11/2006;12,7
08/11/2006;7,7
09/11/2006;8,3
10/11/2006;10,5
11/11/2006;11,8
12/11/2006;6,6
13/11/2006;7,1
14/11/2006;6,6
15/11/2006;8,3
16/11/2006;8,2
17/11/2006;13,3
18/11/2006;11,1
19/11/2006;8,8
20/11/2006;21,6
21/11/2006;15,8
22/11/2006;10,6
23/11/2006;20,4
24/11/2006;13,8
25/11/2006;11,6
26/11/2006;9,8
27/11/2006;13,6
28/11/2006;7,4
29/11/2006;15,7
30/11/2006;18,2
01/12/2006;16,1
02/12/2006;18,6
03/12/2006;13,4
04/12/2006;13,4
05/12/2006;22,8
06/12/2006;25,9
07/12/2006;37,6
08/12/2006;48,1
09/12/2006;38,5
10/12/2006;24,9
11/12/2006;15,9
12/12/2006;7,6
13/12/2006;9,7
14/12/2006;12,3
15/12/2006;13,2
16/12/2006;8,6
17/12/2006;8,2
18/12/2006;13,1
19/12/2006;14,8
20/12/2006;15,6
21/12/2006;15,6
22/12/2006;
23/12/2006;
24/12/2006;
25/12/2006;
26/12/2006;
27/12/2006;
28/12/2006;
29/12/2006;14,8
30/12/2006;10,7
01/01/2007;33,9
02/01/2007;19,1
03/01/2007;15,4
04/01/2007;20,4
05/01/2007;41,4
06/01/2007;21,1
07/01/2007;12
08/01/2007;35,5
09/01/2007;24,3
10/01/2007;34,3
11/01/2007;14,5
12/01/2007;13,6
13/01/2007;14
14/01/2007;17,4
15/01/2007;19,3
16/01/2007;14,7
17/01/2007;8,7
18/01/2007;37,3
19/01/2007;22
20/01/2007;14,7
21/01/2007;8,2
22/01/2007;9,1
23/01/2007;9,7
24/01/2007;6,7
25/01/2007;8,2
26/01/2007;11
27/01/2007;7,9
28/01/2007;13,7
29/01/2007;13,4
30/01/2007;13,8
31/01/2007;10,4
01/02/2007;7,2
02/02/2007;17,9
03/02/2007;19,4
04/02/2007;17,5
05/02/2007;15,4
06/02/2007;15,5
07/02/2007;13,2
08/02/2007;11,4
09/02/2007;
10/02/2007;
11/02/2007;
12/02/2007;13,1
13/02/2007;10,5
14/02/2007;
15/02/2007;20
16/02/2007;17,7
17/02/2007;15,8
18/02/2007;17
19/02/2007;9,5
20/02/2007;20,3
21/02/2007;18,7
22/02/2007;8,3
23/02/2007;12,7
24/02/2007;34,5
25/02/2007;30,1
26/02/2007;34,3
27/02/2007;23,9
28/02/2007;17
01/03/2007;26,2
02/03/2007;19
03/03/2007;17,6
04/03/2007;22,1
05/03/2007;26,5
06/03/2007;61,6
07/03/2007;57,9
08/03/2007;50,1
09/03/2007;62,4
10/03/2007;53,7
11/03/2007;35,2
12/03/2007;61,7
13/03/2007;37
14/03/2007;20,9
15/03/2007;19,8
16/03/2007;200,2
17/03/2007;51,6
18/03/2007;12,5
19/03/2007;16,9
20/03/2007;29,2
21/03/2007;12,7
22/03/2007;24,1
23/03/2007;16,6
24/03/2007;19,7
25/03/2007;16,8
26/03/2007;7,5
27/03/2007;15,4
28/03/2007;14,9
29/03/2007;9,8
30/03/2007;23,8
31/03/2007;16,6
01/04/2007;17,7
02/04/2007;15,8
03/04/2007;8,5
04/04/2007;9,4
05/04/2007;22,3
06/04/2007;17,4
07/04/2007;16,6
08/04/2007;17,5
09/04/2007;14,3
10/04/2007;14,8
11/04/2007;19,3
12/04/2007;14,5
13/04/2007;12,1
14/04/2007;13,4
15/04/2007;29
16/04/2007;38
17/04/2007;43,1
18/04/2007;56,6
19/04/2007;54,6
20/04/2007;46,5
21/04/2007;56,7
22/04/2007;42,8
23/04/2007;26,5
24/04/2007;
25/04/2007;16,3
26/04/2007;13,8
27/04/2007;17,4
28/04/2007;17,2
29/04/2007;16,8
30/04/2007;15,4
01/05/2007;24
02/05/2007;23
03/05/2007;15
04/05/2007;23,4
05/05/2007;19,6
06/05/2007;25,9
07/05/2007;32,8
08/05/2007;25,1
09/05/2007;14,1
10/05/2007;22
11/05/2007;31,6
12/05/2007;29,9
13/05/2007;68,1
14/05/2007;149,4
15/05/2007;104,8
16/05/2007;70,3
17/05/2007;76,2
18/05/2007;82,2
19/05/2007;40
20/05/2007;17,1
21/05/2007;15,5
22/05/2007;10,7
23/05/2007;32,8
24/05/2007;33,1
25/05/2007;32,1
26/05/2007;23,2
27/05/2007;
28/05/2007;21,9
29/05/2007;28,5
30/05/2007;45,4
31/05/2007;46,6
01/06/2007;42,1
02/06/2007;41,8
03/06/2007;42,5
04/06/2007;24,9
05/06/2007;18
06/06/2007;18,9
07/06/2007;21,3
08/06/2007;16,2
09/06/2007;14,8
10/06/2007;27,9
11/06/2007;22,1
12/06/2007;29,7
13/06/2007;46
14/06/2007;52,5
15/06/2007;40,9
16/06/2007;9
17/06/2007;9,5
18/06/2007;52
19/06/2007;17,7
20/06/2007;54,6
21/06/2007;30
22/06/2007;20,5
23/06/2007;16,3
24/06/2007;27,1
25/06/2007;58,7
26/06/2007;20,3
27/06/2007;15,6
28/06/2007;61
29/06/2007;31,2
30/06/2007;50,8
01/07/2007;77,9
02/07/2007;25,1
03/07/2007;24
04/07/2007;15,7
05/07/2007;63
06/07/2007;44,4
07/07/2007;22,6
08/07/2007;37,2
09/07/2007;31,7
10/07/2007;37,4
11/07/2007;27
12/07/2007;62,6
13/07/2007;44,3
14/07/2007;30,5
15/07/2007;10,9
16/07/2007;54,9
17/07/2007;41,5
18/07/2007;14,5
19/07/2007;14,9
20/07/2007;52,8
21/07/2007;13,5
22/07/2007;26,3
23/07/2007;55,7
24/07/2007;35,9
25/07/2007;60,1
26/07/2007;73,7
27/07/2007;30,7
28/07/2007;17,6
29/07/2007;11,7
30/07/2007;39
31/07/2007;28,2
01/08/2007;14,4
02/08/2007;70
03/08/2007;52,4
04/08/2007;12,6
05/08/2007;21,9
06/08/2007;24,7
07/08/2007;48
08/08/2007;78,7
09/08/2007;15
10/08/2007;52,8
11/08/2007;22,4
12/08/2007;14,2
13/08/2007;12,8
14/08/2007;17,4
15/08/2007;18,2
16/08/2007;
17/08/2007;
18/08/2007;
19/08/2007;
20/08/2007;
21/08/2007;18,5
22/08/2007;24,2
23/08/2007;44,6
24/08/2007;41
25/08/2007;40,4
26/08/2007;33,7
27/08/2007;15
28/08/2007;16,2
29/08/2007;25,1
30/08/2007;35,1
31/08/2007;16,6
01/09/2007;15,5
02/09/2007;8,5
03/09/2007;16,9
04/09/2007;16,2
05/09/2007;21,1
06/09/2007;24,5
07/09/2007;15,4
08/09/2007;15,5
09/09/2007;22,1
10/09/2007;41,4
11/09/2007;54,2
12/09/2007;21,9
13/09/2007;25,1
14/09/2007;15,8
15/09/2007;11,7
16/09/2007;11,7
17/09/2007;15,9
18/09/2007;16,3
19/09/2007;40,7
20/09/2007;18,9
21/09/2007;12,1
22/09/2007;15,5
23/09/2007;75,7
24/09/2007;24,7
25/09/2007;13,4
26/09/2007;19,3
27/09/2007;45
28/09/2007;32,4
29/09/2007;10,5
30/09/2007;27,8
01/10/2007;13,1
02/10/2007;10,3
03/10/2007;18,4
04/10/2007;13,6
05/10/2007;14,6
06/10/2007;13,1
07/10/2007;11,1
08/10/2007;8,5
09/10/2007;9,9
10/10/2007;27,6
11/10/2007;55,5
12/10/2007;32,9
13/10/2007;35,4
14/10/2007;44,1
15/10/2007;34,8
16/10/2007;29,5
17/10/2007;15,7
18/10/2007;13,4
19/10/2007;11,5
20/10/2007;11,9
21/10/2007;16,6
22/10/2007;13,4
23/10/2007;13,5
24/10/2007;15,3
25/10/2007;14,9
26/10/2007;10,8
27/10/2007;21
28/10/2007;14,2
29/10/2007;7,4
30/10/2007;37,9
31/10/2007;20,1
01/11/2007;14,4
02/11/2007;15,8
03/11/2007;13,6
04/11/2007;13,8
05/11/2007;5,4
06/11/2007;8,7
07/11/2007;10
08/11/2007;12,4
09/11/2007;8,8
10/11/2007;10,5
11/11/2007;71,6
12/11/2007;60,8
13/11/2007;44,4
14/11/2007;40,7
15/11/2007;41,7
16/11/2007;43,4
17/11/2007;8,8
18/11/2007;45,8
19/11/2007;20,9
20/11/2007;16
21/11/2007;9,2
22/11/2007;10
23/11/2007;13,3
24/11/2007;12,9
25/11/2007;18,8
26/11/2007;33,6
27/11/2007;14,6
28/11/2007;8,5
29/11/2007;14,5
30/11/2007;14
01/12/2007;20,5
02/12/2007;10
03/12/2007;9,6
04/12/2007;11,8
05/12/2007;10
06/12/2007;12,4
07/12/2007;13,7
08/12/2007;39,1
09/12/2007;11,3
10/12/2007;12,9
11/12/2007;31,6
12/12/2007;20,4
13/12/2007;17
14/12/2007;10,3
15/12/2007;18,4
16/12/2007;19,5
17/12/2007;21,7
18/12/2007;27,4
19/12/2007;22,7
20/12/2007;17,9
21/12/2007;16,2
22/12/2007;19,4
23/12/2007;16,2
24/12/2007;13,1
25/12/2007;9,8
26/12/2007;17,1
27/12/2007;24,3
28/12/2007;18,4
29/12/2007;13,4
30/12/2007;11
31/12/2007;12,4
01/01/2008;17,3
02/01/2008;18,2
03/01/2008;14
04/01/2008;11
05/01/2008;25,7
06/01/2008;14,6
07/01/2008;14,9
08/01/2008;15,7
09/01/2008;11,1
10/01/2008;11,2
11/01/2008;7,2
12/01/2008;31,8
13/01/2008;36
14/01/2008;18,1
15/01/2008;11,5
16/01/2008;17,4
17/01/2008;15,2
18/01/2008;12,5
19/01/2008;15,5
20/01/2008;16,4
21/01/2008;17,1
22/01/2008;4,7
23/01/2008;21,6
24/01/2008;16
25/01/2008;16,3
26/01/2008;13,3
27/01/2008;20
28/01/2008;10,3
29/01/2008;12,4
30/01/2008;19,2
31/01/2008;11,8
01/02/2008;10,5
02/02/2008;18
03/02/2008;43,8
04/02/2008;25,3
05/02/2008;37,7
06/02/2008;14,3
07/02/2008;21,8
08/02/2008;24,7
09/02/2008;17,9
10/02/2008;18,8
11/02/2008;17,4
12/02/2008;21,5
13/02/2008;25,1
14/02/2008;28
15/02/2008;24,9
16/02/2008;17,6
17/02/2008;17,1
18/02/2008;16,1
19/02/2008;17,8
20/02/2008;12,8
21/02/2008;16,9
22/02/2008;13,8
23/02/2008;15,3
24/02/2008;4
25/02/2008;13,4
26/02/2008;9,9
27/02/2008;15,7
28/02/2008;16,1
29/02/2008;11,6
01/03/2008;19,4
02/03/2008;3,8
03/03/2008;16,5
04/03/2008;14,8
05/03/2008;21,4
06/03/2008;24,6
07/03/2008;28,1
08/03/2008;16,5
09/03/2008;12,2
10/03/2008;14,5
11/03/2008;14,7
12/03/2008;17,1
13/03/2008;18
14/03/2008;14,9
15/03/2008;9,6
16/03/2008;13,8
17/03/2008;8,3
18/03/2008;8,9
19/03/2008;12,9
20/03/2008;22,4
21/03/2008;17,7
22/03/2008;17,7
23/03/2008;18,3
24/03/2008;19,3
25/03/2008;21,2
26/03/2008;19,4
27/03/2008;19,4
28/03/2008;16,6
29/03/2008;24,1
30/03/2008;12,5
31/03/2008;15,2
01/04/2008;18,8
02/04/2008;16,7
03/04/2008;6,2
04/04/2008;17,4
05/04/2008;17,5
06/04/2008;16,7
07/04/2008;13,4
08/04/2008;15,5
09/04/2008;15,4
10/04/2008;13
11/04/2008;16,8
12/04/2008;19,2
13/04/2008;20,7
14/04/2008;24,1
15/04/2008;12,8
16/04/2008;23,4
17/04/2008;19,1
18/04/2008;21,6
19/04/2008;
20/04/2008;27,7
21/04/2008;42,9
22/04/2008;43,1
23/04/2008;49,4
24/04/2008;26,9
25/04/2008;51
26/04/2008;57
27/04/2008;37,7
28/04/2008;22,2
29/04/2008;18,3
30/04/2008;17,6
01/05/2008;14,8
02/05/2008;15,1
03/05/2008;16
04/05/2008;5,7
05/05/2008;35,8
06/05/2008;96,6
07/05/2008;107,7
08/05/2008;104,4
09/05/2008;64,4
10/05/2008;20,8
11/05/2008;21,9
12/05/2008;15,6
13/05/2008;
14/05/2008;20,4
15/05/2008;17,2
16/05/2008;18,2
17/05/2008;
18/05/2008;
19/05/2008;18,2
20/05/2008;8,5
21/05/2008;24,5
22/05/2008;18,6
23/05/2008;17,5
24/05/2008;16,3
25/05/2008;17,4
26/05/2008;34,8
27/05/2008;18,7
28/05/2008;38
29/05/2008;23,6
30/05/2008;16,5
31/05/2008;18,8
01/06/2008;13,4
02/06/2008;23,9
03/06/2008;27
04/06/2008;19,9
05/06/2008;19,1
06/06/2008;28,4
07/06/2008;47,6
08/06/2008;37,5
09/06/2008;25,1
10/06/2008;32,3
11/06/2008;56,8
12/06/2008;40,3
13/06/2008;37,2
14/06/2008;62
15/06/2008;72,9
16/06/2008;39,5
17/06/2008;26,1
18/06/2008;43,5
19/06/2008;15,7
20/06/2008;43,5
21/06/2008;18,2
22/06/2008;44,8
23/06/2008;44,1
24/06/2008;42
25/06/2008;28,7
26/06/2008;20,5
27/06/2008;48
28/06/2008;43
29/06/2008;39
30/06/2008;27,2
01/07/2008;35,3
02/07/2008;11,7
03/07/2008;36,2
04/07/2008;20,3
05/07/2008;37,8
06/07/2008;39,1
07/07/2008;8,8
08/07/2008;25,3
09/07/2008;33,1
10/07/2008;45,9
11/07/2008;39
12/07/2008;22,1
13/07/2008;24,9
14/07/2008;49,4
15/07/2008;20,6
16/07/2008;11,4
17/07/2008;17,1
18/07/2008;23,2
19/07/2008;55,5
20/07/2008;34,8
21/07/2008;45
22/07/2008;14,1
23/07/2008;22,4
24/07/2008;23,7
25/07/2008;25,1
26/07/2008;26,4
27/07/2008;21,1
28/07/2008;23,6
29/07/2008;29,4
30/07/2008;15,2
31/07/2008;19
01/08/2008;22,8
02/08/2008;52,9
03/08/2008;52,7
04/08/2008;22,1
05/08/2008;58,2
06/08/2008;51,6
07/08/2008;19,1
08/08/2008;33,8
09/08/2008;31,1
10/08/2008;45,1
11/08/2008;25,2
12/08/2008;27,9
13/08/2008;49,1
14/08/2008;28,4
15/08/2008;62,1
16/08/2008;36,4
17/08/2008;22,8
18/08/2008;20,5
19/08/2008;20,4
20/08/2008;45,3
21/08/2008;43,1
22/08/2008;10,6
23/08/2008;20,9
24/08/2008;21,6
25/08/2008;20,2
26/08/2008;42,4
27/08/2008;
28/08/2008;24,1
29/08/2008;35,6
30/08/2008;69
31/08/2008;51
01/09/2008;24,8
02/09/2008;38,6
03/09/2008;25,8
04/09/2008;20,1
05/09/2008;20,3
06/09/2008;61,5
07/09/2008;21,1
08/09/2008;13,1
09/09/2008;12,4
10/09/2008;30,2
11/09/2008;16
12/09/2008;18,1
13/09/2008;25,8
14/09/2008;23,6
15/09/2008;13,1
16/09/2008;17,7
17/09/2008;14,2
18/09/2008;16,4
19/09/2008;13,3
20/09/2008;19,8
21/09/2008;13,8
22/09/2008;17,7
23/09/2008;21,2
24/09/2008;18,4
25/09/2008;10
26/09/2008;11,5
27/09/2008;15,6
28/09/2008;5,9
29/09/2008;17,8
30/09/2008;9,5
01/10/2008;13,6
02/10/2008;12,9
03/10/2008;31,9
04/10/2008;22,6
05/10/2008;14
06/10/2008;19,2
07/10/2008;22,8
08/10/2008;22,1
09/10/2008;21,4
10/10/2008;10,2
11/10/2008;11,1
12/10/2008;25,1
13/10/2008;84,4
14/10/2008;18,3
15/10/2008;27,6
16/10/2008;25,5
17/10/2008;25,2
18/10/2008;11,2
19/10/2008;44,2
20/10/2008;39,5
21/10/2008;31,3
22/10/2008;18,2
23/10/2008;16,5
24/10/2008;16,4
25/10/2008;15
26/10/2008;13,9
27/10/2008;14,7
28/10/2008;17,7
29/10/2008;40,5
30/10/2008;24,4
31/10/2008;15,3
01/11/2008;20,1
02/11/2008;12,9
03/11/2008;8,9
04/11/2008;18
05/11/2008;12,3
06/11/2008;11,2
07/11/2008;9
08/11/2008;12,4
09/11/2008;12,3
10/11/2008;13,3
11/11/2008;11,8
12/11/2008;12,2
13/11/2008;29,2
14/11/2008;33,7
15/11/2008;34,5
16/11/2008;18,4
17/11/2008;15,8
18/11/2008;9,6
19/11/2008;12,4
20/11/2008;18,8
21/11/2008;18,9
22/11/2008;13,4
23/11/2008;14,2
24/11/2008;11
25/11/2008;10,9
26/11/2008;8,2
27/11/2008;13,1
28/11/2008;13,4
29/11/2008;14,1
30/11/2008;3,7
01/12/2008;23
02/12/2008;19,4
03/12/2008;23,1
04/12/2008;17,7
05/12/2008;17,2
06/12/2008;10,6
07/12/2008;8,9
08/12/2008;10,4
09/12/2008;14,5
10/12/2008;13,5
11/12/2008;20,4
12/12/2008;25,9
13/12/2008;14
14/12/2008;13,4
15/12/2008;15,8
16/12/2008;16,1
17/12/2008;15,9
18/12/2008;13,4
19/12/2008;9,8
20/12/2008;14,1
21/12/2008;8,6
22/12/2008;19
23/12/2008;21,1
24/12/2008;23,8
25/12/2008;27,8
26/12/2008;20,6
27/12/2008;12,6
28/12/2008;17,7
29/12/2008;15,7
30/12/2008;16
31/12/2008;13,5
01/01/2009;14,2
02/01/2009;17,7
03/01/2009;22,7
04/01/2009;18,1
05/01/2009;32,7
06/01/2009;20,9
07/01/2009;15,4
08/01/2009;18,8
09/01/2009;20,5
10/01/2009;23,3
11/01/2009;18,7
12/01/2009;18,8
13/01/2009;22,3
14/01/2009;18
15/01/2009;17,7
16/01/2009;12,1
17/01/2009;21,8
18/01/2009;15,6
19/01/2009;15
20/01/2009;12,8
21/01/2009;14,3
22/01/2009;18,2
23/01/2009;16,2
24/01/2009;18
25/01/2009;10,6
26/01/2009;11,8
27/01/2009;14,9
28/01/2009;17
29/01/2009;12,5
30/01/2009;20,4
31/01/2009;18,9
01/02/2009;10,2
02/02/2009;21,4
03/02/2009;9,1
04/02/2009;21,8
05/02/2009;18,5
06/02/2009;21,5
07/02/2009;14,2
08/02/2009;16,4
09/02/2009;19,6
10/02/2009;11,5
11/02/2009;15,8
12/02/2009;19,4
13/02/2009;13,7
14/02/2009;14,3
15/02/2009;23,3
16/02/2009;31
17/02/2009;25,8
18/02/2009;9,9
19/02/2009;18,4
20/02/2009;21,3
21/02/2009;21,7
22/02/2009;15
23/02/2009;22,4
24/02/2009;17
25/02/2009;18
26/02/2009;12,5
27/02/2009;16,4
28/02/2009;14,2
01/03/2009;8,1
02/03/2009;9,4
03/03/2009;20,1
04/03/2009;15,7
05/03/2009;11,2
06/03/2009;9,4
07/03/2009;11,1
08/03/2009;31,4
09/03/2009;22,7
10/03/2009;22,1
11/03/2009;18,3
12/03/2009;26,6
13/03/2009;31,7
14/03/2009;17,4
15/03/2009;16,6
16/03/2009;11,5
17/03/2009;15,5
18/03/2009;20,6
19/03/2009;15,2
20/03/2009;18
21/03/2009;20,1
22/03/2009;12,9
23/03/2009;10,5
24/03/2009;9,8
25/03/2009;8,8
26/03/2009;18,3
27/03/2009;19,6
28/03/2009;21,9
29/03/2009;16
30/03/2009;13,2
31/03/2009;17,4
01/04/2009;11,7
02/04/2009;11,6
03/04/2009;13,1
04/04/2009;11,4
05/04/2009;11,3
06/04/2009;13,7
07/04/2009;15,8
08/04/2009;9,4
09/04/2009;16,3
10/04/2009;15,7
11/04/2009;13
12/04/2009;12,5
13/04/2009;10,9
14/04/2009;20,4
15/04/2009;13,2
16/04/2009;20,2
17/04/2009;16,8
18/04/2009;15,9
19/04/2009;9,8
20/04/2009;14,1
21/04/2009;15,3
22/04/2009;16,2
23/04/2009;18,9
24/04/2009;16,1
25/04/2009;18,5
26/04/2009;14,4
27/04/2009;19,1
28/04/2009;20,3
29/04/2009;23,1
30/04/2009;11,8
01/05/2009;26
02/05/2009;25,7
03/05/2009;26,8
04/05/2009;25,5
05/05/2009;12,4
06/05/2009;21,6
07/05/2009;39,4
08/05/2009;54,8
09/05/2009;52,1
10/05/2009;36,3
11/05/2009;23,5
12/05/2009;45,6
13/05/2009;29,8
14/05/2009;34
15/05/2009;19,8
16/05/2009;23,4
17/05/2009;43,5
18/05/2009;49,8
19/05/2009;35,4
20/05/2009;24,4
21/05/2009;29,5
22/05/2009;36,7
23/05/2009;28,6
24/05/2009;26,7
25/05/2009;35,7
26/05/2009;42,2
27/05/2009;42,6
28/05/2009;49,7
29/05/2009;28,1
30/05/2009;20,6
31/05/2009;24
01/06/2009;30
02/06/2009;54,8
03/06/2009;
04/06/2009;23,7
05/06/2009;17,3
06/06/2009;36,2
07/06/2009;52,1
08/06/2009;51,6
09/06/2009;22
10/06/2009;14,9
11/06/2009;18,8
12/06/2009;44,4
13/06/2009;33,1
14/06/2009;13,8
15/06/2009;22
16/06/2009;22,6
17/06/2009;15,9
18/06/2009;15,1
19/06/2009;14,2
20/06/2009;13,9
21/06/2009;13,7
22/06/2009;24,6
23/06/2009;19,8
24/06/2009;57,9
25/06/2009;120,4
26/06/2009;120,5
27/06/2009;68,1
28/06/2009;75,8
29/06/2009;20,5
30/06/2009;63
01/07/2009;43,1
02/07/2009;82
03/07/2009;60,7
04/07/2009;45,5
05/07/2009;26,4
06/07/2009;37,6
07/07/2009;21,8
08/07/2009;59,6
09/07/2009;38,7
10/07/2009;55,1
11/07/2009;20,3
12/07/2009;19
13/07/2009;38,3
14/07/2009;67,1
15/07/2009;45,8
16/07/2009;20,1
17/07/2009;15,1
18/07/2009;27,7
19/07/2009;45,8
20/07/2009;43,3
21/07/2009;14,2
22/07/2009;54,2
23/07/2009;59,9
24/07/2009;26,6
25/07/2009;33,4
26/07/2009;22,3
27/07/2009;55,3
28/07/2009;30,2
29/07/2009;34,4
30/07/2009;37,2
31/07/2009;25,6
01/08/2009;32,8
02/08/2009;23,9
03/08/2009;
04/08/2009;
05/08/2009;
06/08/2009;
07/08/2009;
08/08/2009;
09/08/2009;
10/08/2009;31,3
11/08/2009;11,3
12/08/2009;12,6
13/08/2009;22,8
14/08/2009;26,7
15/08/2009;27,8
16/08/2009;14,7
17/08/2009;33,5
18/08/2009;45,4
19/08/2009;27,2
20/08/2009;22,1
21/08/2009;37,2
22/08/2009;24,7
23/08/2009;27,8
24/08/2009;25,2
25/08/2009;16,1
26/08/2009;54,2
27/08/2009;21,4
28/08/2009;
29/08/2009;
30/08/2009;
31/08/2009;16,9
01/09/2009;16,6
02/09/2009;35
03/09/2009;18,3
04/09/2009;13,9
05/09/2009;25,6
06/09/2009;17
07/09/2009;19,6
08/09/2009;16,8
09/09/2009;25,7
10/09/2009;26,3
11/09/2009;43,5
12/09/2009;36,7
13/09/2009;22
14/09/2009;10,1
15/09/2009;35,6
16/09/2009;31
17/09/2009;11,2
18/09/2009;8,9
19/09/2009;16,6
20/09/2009;16,2
21/09/2009;11,4
22/09/2009;16
23/09/2009;15,3
24/09/2009;12,2
25/09/2009;13,1
26/09/2009;24,8
27/09/2009;88,2
28/09/2009;74,9
29/09/2009;16,1
30/09/2009;15,5
01/10/2009;17,9
02/10/2009;12
03/10/2009;21,3
04/10/2009;12,9
05/10/2009;81,6
06/10/2009;35,8
07/10/2009;18,7
08/10/2009;24,5
09/10/2009;54,9
10/10/2009;49
11/10/2009;52
12/10/2009;47,7
13/10/2009;51,4
14/10/2009;33,6
15/10/2009;21,9
16/10/2009;36,1
17/10/2009;40,9
18/10/2009;11,4
19/10/2009;14,1
20/10/2009;12,9
21/10/2009;10,8
22/10/2009;28,7
23/10/2009;17,9
24/10/2009;16,6
25/10/2009;18,7
26/10/2009;15,7
27/10/2009;23
28/10/2009;16,7
29/10/2009;11,4
30/10/2009;30,3
31/10/2009;25,7
01/11/2009;14,1
02/11/2009;17,2
03/11/2009;26,1
04/11/2009;55,7
05/11/2009;27,2
06/11/2009;18,4
07/11/2009;15,6
08/11/2009;15,6
09/11/2009;22,2
10/11/2009;13,1
11/11/2009;17
12/11/2009;24,3
13/11/2009;20,4
14/11/2009;26,6
15/11/2009;18
16/11/2009;17,4
17/11/2009;16,8
18/11/2009;13
19/11/2009;10,6
20/11/2009;16,4
21/11/2009;23,3
22/11/2009;22
23/11/2009;15,4
24/11/2009;21
25/11/2009;28,1
26/11/2009;47,6
27/11/2009;34,1
28/11/2009;12,5
29/11/2009;12,2
30/11/2009;23,6
01/12/2009;
02/12/2009;19
03/12/2009;19,8
04/12/2009;19,5
05/12/2009;20
06/12/2009;13,6
07/12/2009;31,2
08/12/2009;15,5
09/12/2009;17,6
10/12/2009;19
11/12/2009;13,3
12/12/2009;14,4
13/12/2009;16,7
14/12/2009;22
15/12/2009;15,7
16/12/2009;5,5
17/12/2009;12,7
18/12/2009;11,3
19/12/2009;12,5
20/12/2009;11,6
21/12/2009;11,1
22/12/2009;13,9
23/12/2009;24,2
24/12/2009;23,3
25/12/2009;21,6
26/12/2009;21,4
27/12/2009;17,2
28/12/2009;
29/12/2009;16,3
30/12/2009;17,6
31/12/2009;14,2
01/01/2010;25
02/01/2010;7,6
03/01/2010;12
04/01/2010;15,2
05/01/2010;24,9
06/01/2010;30,7
07/01/2010;39,4
08/01/2010;17,6
09/01/2010;10,8
10/01/2010;13,5
11/01/2010;13,2
12/01/2010;8,9
13/01/2010;19,7
14/01/2010;15,3
15/01/2010;12,8
16/01/2010;12
17/01/2010;14,1
18/01/2010;5,1
19/01/2010;12,2
20/01/2010;11,3
21/01/2010;18,6
22/01/2010;20
23/01/2010;20,4
24/01/2010;20,9
25/01/2010;19,5
26/01/2010;17,6
27/01/2010;4,6
28/01/2010;10,6
29/01/2010;9,6
30/01/2010;10,9
31/01/2010;16,4
01/02/2010;18,7
02/02/2010;6,5
03/02/2010;18,3
04/02/2010;17,8
05/02/2010;9,6
06/02/2010;9,1
07/02/2010;12
08/02/2010;12
09/02/2010;29
10/02/2010;36,7
11/02/2010;38,4
12/02/2010;33,2
13/02/2010;37,1
14/02/2010;21,6
15/02/2010;22,2
16/02/2010;19,6
17/02/2010;22,1
18/02/2010;14,4
19/02/2010;17,2
20/02/2010;15,4
21/02/2010;32,4
22/02/2010;19
23/02/2010;11,9
24/02/2010;23,6
25/02/2010;20,5
26/02/2010;34,8
27/02/2010;24,9
28/02/2010;23,5
01/03/2010;27,7
02/03/2010;49,7
03/03/2010;49,5
04/03/2010;49,2
05/03/2010;48,6
06/03/2010;45,8
07/03/2010;41,7
08/03/2010;29,9
09/03/2010;33,4
10/03/2010;45,7
11/03/2010;67,9
12/03/2010;47,3
13/03/2010;36
14/03/2010;18,3
15/03/2010;43,5
16/03/2010;39,9
17/03/2010;67,1
18/03/2010;74,5
19/03/2010;60,2
20/03/2010;28,6
21/03/2010;26,9
22/03/2010;34,7
23/03/2010;30,1
24/03/2010;27,4
25/03/2010;13,8
26/03/2010;18,6
27/03/2010;13,4
28/03/2010;13,3
29/03/2010;13,7
30/03/2010;14,1
31/03/2010;102,9
01/04/2010;91,2
02/04/2010;96,6
03/04/2010;119,9
04/04/2010;79,2
05/04/2010;24,4
06/04/2010;19,6
07/04/2010;18,1
08/04/2010;13,4
09/04/2010;18,9
10/04/2010;11,2
11/04/2010;17,6
12/04/2010;14,6
13/04/2010;8,2
14/04/2010;39,7
15/04/2010;23,8
16/04/2010;26,1
17/04/2010;14
18/04/2010;16,1
19/04/2010;18,6
20/04/2010;23,1
21/04/2010;15,9
22/04/2010;16,9
23/04/2010;11
24/04/2010;11,9
25/04/2010;11,4
26/04/2010;29,8
27/04/2010;79,9
28/04/2010;116,6
29/04/2010;110,7
30/04/2010;22,6
01/05/2010;18,4
02/05/2010;20,3
03/05/2010;13,5
04/05/2010;18,9
05/05/2010;16,8
06/05/2010;18,9
07/05/2010;14,3
08/05/2010;18,6
09/05/2010;25,5
10/05/2010;20,7
11/05/2010;6,4
12/05/2010;14,1
13/05/2010;17,2
14/05/2010;6,8
15/05/2010;23,6
16/05/2010;19,5
17/05/2010;29,9
18/05/2010;26,3
19/05/2010;23,3
20/05/2010;17,6
21/05/2010;27,5
22/05/2010;22,8
23/05/2010;61,6
24/05/2010;45
25/05/2010;78,5
26/05/2010;56,9
27/05/2010;78,4
28/05/2010;52,1
29/05/2010;48,5
30/05/2010;36,9
31/05/2010;51
01/06/2010;114,2
02/06/2010;112,6
03/06/2010;105,7
04/06/2010;116,5
05/06/2010;42,9
06/06/2010;21,3
07/06/2010;30,6
08/06/2010;41,4
09/06/2010;75,3
10/06/2010;52,6
11/06/2010;59,7
12/06/2010;10,6
13/06/2010;46,1
14/06/2010;18
15/06/2010;27,9
16/06/2010;14,5
17/06/2010;33,9
18/06/2010;15,1
19/06/2010;11,9
20/06/2010;16,3
21/06/2010;19,5
22/06/2010;51,2
23/06/2010;46,7
24/06/2010;64,3
25/06/2010;20
26/06/2010;26
27/06/2010;21
28/06/2010;62
29/06/2010;28
30/06/2010;8
01/07/2010;58
02/07/2010;53
03/07/2010;55
04/07/2010;32
05/07/2010;9
06/07/2010;74
07/07/2010;74
08/07/2010;50
09/07/2010;31
10/07/2010;32
11/07/2010;21
12/07/2010;21
13/07/2010;33
14/07/2010;21
15/07/2010;54
16/07/2010;53
17/07/2010;13
18/07/2010;29
19/07/2010;37
20/07/2010;22
21/07/2010;12
22/07/2010;12
23/07/2010;52
24/07/2010;16
25/07/2010;58
26/07/2010;37
27/07/2010;19
28/07/2010;16
29/07/2010;16
30/07/2010;27
31/07/2010;21
01/08/2010;27
02/08/2010;12
03/08/2010;15
04/08/2010;20
05/08/2010;22
06/08/2010;18
07/08/2010;17
08/08/2010;16
09/08/2010;16
10/08/2010;15
11/08/2010;14
12/08/2010;23
13/08/2010;22
14/08/2010;21
15/08/2010;15
16/08/2010;19
17/08/2010;10
18/08/2010;68
19/08/2010;78
20/08/2010;31
21/08/2010;21
22/08/2010;21
23/08/2010;26
24/08/2010;98
25/08/2010;87
26/08/2010;99
27/08/2010;24
28/08/2010;16
29/08/2010;44
30/08/2010;25
31/08/2010;34
01/09/2010;34
02/09/2010;22
03/09/2010;49
04/09/2010;27
05/09/2010;21
06/09/2010;24
07/09/2010;17
08/09/2010;22
09/09/2010;20
10/09/2010;
11/09/2010;13
12/09/2010;14
13/09/2010;9
14/09/2010;17
15/09/2010;17
16/09/2010;25
17/09/2010;23
18/09/2010;12
19/09/2010;24
20/09/2010;23
21/09/2010;27
22/09/2010;62
23/09/2010;16
24/09/2010;18
25/09/2010;23
26/09/2010;12
27/09/2010;14
28/09/2010;8
29/09/2010;12
30/09/2010;14
01/10/2010;15
02/10/2010;26
03/10/2010;16
04/10/2010;12
05/10/2010;14
06/10/2010;23
07/10/2010;27
08/10/2010;29
09/10/2010;25
10/10/2010;21
11/10/2010;23
12/10/2010;31
13/10/2010;38
14/10/2010;11
15/10/2010;29
16/10/2010;13
17/10/2010;15
18/10/2010;14
19/10/2010;14
20/10/2010;15
21/10/2010;11
22/10/2010;16
23/10/2010;19
24/10/2010;18
25/10/2010;22
26/10/2010;12
27/10/2010;17
28/10/2010;18
29/10/2010;13
30/10/2010;16
31/10/2010;17
01/11/2010;18
02/11/2010;
03/11/2010;54
04/11/2010;18
05/11/2010;10
06/11/2010;19
07/11/2010;12
08/11/2010;18
09/11/2010;22
10/11/2010;17
11/11/2010;12
12/11/2010;16
13/11/2010;19
14/11/2010;22
15/11/2010;17
16/11/2010;12
17/11/2010;15
18/11/2010;13
19/11/2010;15
20/11/2010;14
21/11/2010;16
22/11/2010;16
23/11/2010;19
24/11/2010;24
25/11/2010;21
26/11/2010;19
27/11/2010;18
28/11/2010;18
29/11/2010;20
30/11/2010;23
01/12/2010;18
02/12/2010;14
03/12/2010;16
04/12/2010;15
05/12/2010;16
06/12/2010;13
07/12/2010;19
08/12/2010;19
09/12/2010;17
10/12/2010;21
11/12/2010;23
12/12/2010;19
13/12/2010;11
14/12/2010;17
15/12/2010;16
16/12/2010;14
17/12/2010;15
18/12/2010;17
19/12/2010;15
20/12/2010;18
21/12/2010;21
22/12/2010;13
23/12/2010;12
24/12/2010;20
25/12/2010;12
26/12/2010;11
27/12/2010;24
28/12/2010;28
29/12/2010;14
30/12/2010;17
31/12/2010;21
01/01/2011;13
02/01/2011;22
03/01/2011;16
04/01/2011;16
05/01/2011;23
06/01/2011;21
07/01/2011;25
08/01/2011;18
09/01/2011;32
10/01/2011;26
11/01/2011;25
12/01/2011;48
13/01/2011;38
14/01/2011;34
15/01/2011;30
16/01/2011;24
17/01/2011;39
18/01/2011;28
19/01/2011;16
20/01/2011;30
21/01/2011;26
22/01/2011;8
23/01/2011;19
24/01/2011;18
25/01/2011;22
26/01/2011;20
27/01/2011;25
28/01/2011;24
29/01/2011;23
30/01/2011;17
31/01/2011;21
01/02/2011;18
02/02/2011;17
03/02/2011;
04/02/2011;22
05/02/2011;19
06/02/2011;24
07/02/2011;30
08/02/2011;31
09/02/2011;18
10/02/2011;33
11/02/2011;31
12/02/2011;31
13/02/2011;26
14/02/2011;24
15/02/2011;26
16/02/2011;24
17/02/2011;19
18/02/2011;21
19/02/2011;23
20/02/2011;20
21/02/2011;20
22/02/2011;28
23/02/2011;25
24/02/2011;22
25/02/2011;29
26/02/2011;31
27/02/2011;28
28/02/2011;26
01/03/2011;18
02/03/2011;36
03/03/2011;24
04/03/2011;46
05/03/2011;43
06/03/2011;25
07/03/2011;20
08/03/2011;14
09/03/2011;14
10/03/2011;23
11/03/2011;15
12/03/2011;20
13/03/2011;18
14/03/2011;18
15/03/2011;18
16/03/2011;20
17/03/2011;15
18/03/2011;21
19/03/2011;19
20/03/2011;15
21/03/2011;16
22/03/2011;17
23/03/2011;21
24/03/2011;22
25/03/2011;49
26/03/2011;16
27/03/2011;25
28/03/2011;27
29/03/2011;
30/03/2011;
31/03/2011;22
01/04/2011;29
02/04/2011;38
03/04/2011;35
04/04/2011;20
05/04/2011;31
06/04/2011;38
07/04/2011;19
08/04/2011;20
09/04/2011;21
10/04/2011;22
11/04/2011;13
12/04/2011;20
13/04/2011;26
14/04/2011;31
15/04/2011;46
16/04/2011;26
17/04/2011;20
18/04/2011;18
19/04/2011;16
20/04/2011;15
21/04/2011;28
22/04/2011;23
23/04/2011;11
24/04/2011;17
25/04/2011;20
26/04/2011;25
27/04/2011;22
28/04/2011;17
29/04/2011;19
30/04/2011;22
01/05/2011;21
02/05/2011;26
03/05/2011;24
04/05/2011;19
05/05/2011;14
06/05/2011;20
07/05/2011;18
08/05/2011;27
09/05/2011;36
10/05/2011;53
11/05/2011;65
12/05/2011;40
13/05/2011;53
14/05/2011;47
15/05/2011;33
16/05/2011;24
17/05/2011;19
18/05/2011;26
19/05/2011;28
20/05/2011;30
21/05/2011;28
22/05/2011;47
23/05/2011;46
24/05/2011;
25/05/2011;117
26/05/2011;68
27/05/2011;107
28/05/2011;35
29/05/2011;51
30/05/2011;80
31/05/2011;65
01/06/2011;54
02/06/2011;39
03/06/2011;44
04/06/2011;64
05/06/2011;37
06/06/2011;54
07/06/2011;54
08/06/2011;20
09/06/2011;55
10/06/2011;47
11/06/2011;34
12/06/2011;23
13/06/2011;21
14/06/2011;25
15/06/2011;41
16/06/2011;32
17/06/2011;31
18/06/2011;27
19/06/2011;30
20/06/2011;59
21/06/2011;61
22/06/2011;54
23/06/2011;51
24/06/2011;50
25/06/2011;39
26/06/2011;17
27/06/2011;70
28/06/2011;62
29/06/2011;68
30/06/2011;13
01/07/2011;53
02/07/2011;37
03/07/2011;33
04/07/2011;35
05/07/2011;52
06/07/2011;14
07/07/2011;31
08/07/2011;58
09/07/2011;43
10/07/2011;26
11/07/2011;32
12/07/2011;31
13/07/2011;59
14/07/2011;55
15/07/2011;31
16/07/2011;20
17/07/2011;29
18/07/2011;40
19/07/2011;40
20/07/2011;53
21/07/2011;36
22/07/2011;23
23/07/2011;26
24/07/2011;31
25/07/2011;17
26/07/2011;25
27/07/2011;15
28/07/2011;42
29/07/2011;34
30/07/2011;26
31/07/2011;39
01/08/2011;19
02/08/2011;24
03/08/2011;58
04/08/2011;74
05/08/2011;25
06/08/2011;25
07/08/2011;32
08/08/2011;32
09/08/2011;24
10/08/2011;21
11/08/2011;71
12/08/2011;61
13/08/2011;87
14/08/2011;36
15/08/2011;17
16/08/2011;11
17/08/2011;37
18/08/2011;21
19/08/2011;31
20/08/2011;24
21/08/2011;28
22/08/2011;17
23/08/2011;23
24/08/2011;27
25/08/2011;45
26/08/2011;23
27/08/2011;18
28/08/2011;18
29/08/2011;18
30/08/2011;16
31/08/2011;14
01/09/2011;14
02/09/2011;
03/09/2011;20
04/09/2011;
05/09/2011;11
06/09/2011;15
07/09/2011;8
08/09/2011;47
09/09/2011;4
10/09/2011;17
11/09/2011;11
12/09/2011;24
13/09/2011;12
14/09/2011;43
15/09/2011;18
16/09/2011;12
17/09/2011;7
18/09/2011;4
19/09/2011;6
20/09/2011;12
21/09/2011;26
22/09/2011;44
23/09/2011;32
24/09/2011;13
25/09/2011;12
26/09/2011;16
27/09/2011;19
28/09/2011;
29/09/2011;17
30/09/2011;17
01/10/2011;8
02/10/2011;22
03/10/2011;20
04/10/2011;44
05/10/2011;26
06/10/2011;14
07/10/2011;12
08/10/2011;7
09/10/2011;12
10/10/2011;17
11/10/2011;15
12/10/2011;38
13/10/2011;60
14/10/2011;52
15/10/2011;39
16/10/2011;22
17/10/2011;36
18/10/2011;20
19/10/2011;60
20/10/2011;17
21/10/2011;31
22/10/2011;22
23/10/2011;3
24/10/2011;7
25/10/2011;8
26/10/2011;19
27/10/2011;12
28/10/2011;11
29/10/2011;8
30/10/2011;10
01/11/2011;17
02/11/2011;89
03/11/2011;84
04/11/2011;23
05/11/2011;17
06/11/2011;6
07/11/2011;41
08/11/2011;41
09/11/2011;20
10/11/2011;
11/11/2011;
12/11/2011;
13/11/2011;
14/11/2011;
15/11/2011;
16/11/2011;12
17/11/2011;11
18/11/2011;7
19/11/2011;7
20/11/2011;9
21/11/2011;9
22/11/2011;5
23/11/2011;7
24/11/2011;13
25/11/2011;20
26/11/2011;15
27/11/2011;11
28/11/2011;9
29/11/2011;17
30/11/2011;14
01/12/2011;9
02/12/2011;15
03/12/2011;12
04/12/2011;8
05/12/2011;12
06/12/2011;20
07/12/2011;15
08/12/2011;13
09/12/2011;13
10/12/2011;14
11/12/2011;13
12/12/2011;20
13/12/2011;15
14/12/2011;20
15/12/2011;11
16/12/2011;12
17/12/2011;10
18/12/2011;8
19/12/2011;7
20/12/2011;9
21/12/2011;13
22/12/2011;14
23/12/2011;15
24/12/2011;7
25/12/2011;16
26/12/2011;7
27/12/2011;11
28/12/2011;8
29/12/2011;16
30/12/2011;23
31/12/2011;21
01/01/2012;17
02/01/2012;15
03/01/2012;18
04/01/2012;12
05/01/2012;11
06/01/2012;14
07/01/2012;11
08/01/2012;8
09/01/2012;11
10/01/2012;8
11/01/2012;5
12/01/2012;9
13/01/2012;16
14/01/2012;17
15/01/2012;9
16/01/2012;9
17/01/2012;10
18/01/2012;11
19/01/2012;10
20/01/2012;14
21/01/2012;12
22/01/2012;11
23/01/2012;6
24/01/2012;7
25/01/2012;6
26/01/2012;4
27/01/2012;8
28/01/2012;11
29/01/2012;12
30/01/2012;12
31/01/2012;15
01/02/2012;12
02/02/2012;14
03/02/2012;16
04/02/2012;11
05/02/2012;15
06/02/2012;11
07/02/2012;14
08/02/2012;16
09/02/2012;15
10/02/2012;
11/02/2012;
12/02/2012;
13/02/2012;
14/02/2012;8
15/02/2012;19
16/02/2012;14
17/02/2012;8
18/02/2012;6
19/02/2012;6
20/02/2012;6
21/02/2012;11
22/02/2012;11
23/02/2012;17
24/02/2012;7
25/02/2012;17
26/02/2012;18
27/02/2012;11
28/02/2012;22
29/02/2012;18
01/03/2012;8
02/03/2012;13
03/03/2012;16
04/03/2012;17
05/03/2012;26
06/03/2012;51
07/03/2012;54
08/03/2012;20
09/03/2012;22
10/03/2012;24
11/03/2012;15
12/03/2012;21
13/03/2012;18
14/03/2012;18
15/03/2012;19
16/03/2012;41
17/03/2012;49
18/03/2012;34
19/03/2012;33
20/03/2012;31
21/03/2012;25
22/03/2012;24
23/03/2012;
24/03/2012;110
25/03/2012;12
26/03/2012;55
27/03/2012;69
28/03/2012;90
29/03/2012;70
30/03/2012;35
31/03/2012;19
01/04/2012;15
02/04/2012;19
03/04/2012;15
04/04/2012;13
05/04/2012;15
06/04/2012;21
07/04/2012;16
08/04/2012;19
09/04/2012;15
10/04/2012;15
11/04/2012;24
12/04/2012;21
13/04/2012;21
14/04/2012;16
15/04/2012;14
16/04/2012;10
17/04/2012;11
18/04/2012;12
19/04/2012;12
20/04/2012;9
21/04/2012;19
22/04/2012;22
23/04/2012;17
24/04/2012;16
25/04/2012;16
26/04/2012;17
27/04/2012;14
28/04/2012;15
29/04/2012;18
30/04/2012;12
01/05/2012;25
02/05/2012;27
03/05/2012;21
04/05/2012;25
05/05/2012;30
06/05/2012;12
07/05/2012;41
08/05/2012;20
09/05/2012;11
10/05/2012;27
11/05/2012;100
12/05/2012;93
13/05/2012;36
14/05/2012;20
15/05/2012;21
16/05/2012;19
17/05/2012;18
18/05/2012;48
19/05/2012;34
20/05/2012;52
21/05/2012;34
22/05/2012;50
23/05/2012;47
24/05/2012;20
25/05/2012;26
26/05/2012;18
27/05/2012;37
28/05/2012;68
29/05/2012;70
30/05/2012;32
31/05/2012;78
01/06/2012;108
02/06/2012;65
03/06/2012;71
04/06/2012;36
05/06/2012;23
06/06/2012;50
07/06/2012;35
08/06/2012;28
09/06/2012;24
10/06/2012;11
11/06/2012;59
12/06/2012;37
13/06/2012;35
14/06/2012;28
15/06/2012;57
16/06/2012;50
17/06/2012;43
18/06/2012;21
19/06/2012;58
20/06/2012;45
21/06/2012;68
22/06/2012;35
23/06/2012;33
24/06/2012;19
25/06/2012;28
26/06/2012;81
27/06/2012;49
28/06/2012;35
29/06/2012;33
30/06/2012;32
01/07/2012;75
02/07/2012;69
03/07/2012;16
04/07/2012;49
05/07/2012;77
06/07/2012;36
07/07/2012;14
08/07/2012;13
09/07/2012;71
10/07/2012;38
11/07/2012;31
12/07/2012;16
13/07/2012;17
14/07/2012;69
15/07/2012;45
16/07/2012;50
17/07/2012;21
18/07/2012;21
19/07/2012;37
20/07/2012;33
21/07/2012;30
22/07/2012;46
23/07/2012;56
24/07/2012;58
25/07/2012;52
26/07/2012;41
27/07/2012;28
28/07/2012;13
29/07/2012;20
30/07/2012;32
31/07/2012;68
01/08/2012;35
02/08/2012;
03/08/2012;14
04/08/2012;26
05/08/2012;35
06/08/2012;15
07/08/2012;47
08/08/2012;40
09/08/2012;33
10/08/2012;73
11/08/2012;13
12/08/2012;16
13/08/2012;19
14/08/2012;14
15/08/2012;15
16/08/2012;47
17/08/2012;41
18/08/2012;82
19/08/2012;28
20/08/2012;42
21/08/2012;62
22/08/2012;32
23/08/2012;21
24/08/2012;58
25/08/2012;46
26/08/2012;26
27/08/2012;45
28/08/2012;54
29/08/2012;48
30/08/2012;25
31/08/2012;31
01/09/2012;30
02/09/2012;30
03/09/2012;20
04/09/2012;46
05/09/2012;44
06/09/2012;39
07/09/2012;40
08/09/2012;34
09/09/2012;29
10/09/2012;33
11/09/2012;13
12/09/2012;15
13/09/2012;18
14/09/2012;20
15/09/2012;16
16/09/2012;22
17/09/2012;15
18/09/2012;19
19/09/2012;20
20/09/2012;64
21/09/2012;24
22/09/2012;59
23/09/2012;36
24/09/2012;22
25/09/2012;14
26/09/2012;19
27/09/2012;11
28/09/2012;26
29/09/2012;19
30/09/2012;15
01/10/2012;24
02/10/2012;16
03/10/2012;16
04/10/2012;23
05/10/2012;
06/10/2012;
07/10/2012;
08/10/2012;
09/10/2012;14
10/10/2012;17
11/10/2012;15
12/10/2012;10
13/10/2012;22
14/10/2012;17
15/10/2012;27
16/10/2012;40
17/10/2012;12
18/10/2012;16
19/10/2012;24
20/10/2012;16
21/10/2012;11
22/10/2012;7
23/10/2012;9
24/10/2012;9
25/10/2012;14
26/10/2012;15
27/10/2012;13
28/10/2012;18
29/10/2012;9
30/10/2012;6
31/10/2012;15
01/11/2012;16
02/11/2012;16
03/11/2012;10
04/11/2012;7
05/11/2012;9
06/11/2012;10
07/11/2012;6
08/11/2012;11
09/11/2012;10
10/11/2012;10
11/11/2012;9
12/11/2012;16
13/11/2012;13
14/11/2012;12
15/11/2012;10
16/11/2012;7
17/11/2012;17
18/11/2012;13
19/11/2012;11
20/11/2012;
21/11/2012;10
22/11/2012;8
23/11/2012;11
24/11/2012;29
25/11/2012;19
26/11/2012;22
27/11/2012;24
28/11/2012;15
29/11/2012;24
30/11/2012;15
01/12/2012;19
02/12/2012;8
03/12/2012;2
04/12/2012;4
05/12/2012;16
06/12/2012;13
07/12/2012;16
08/12/2012;19
09/12/2012;21
10/12/2012;19
11/12/2012;10
12/12/2012;
13/12/2012;23
14/12/2012;15
15/12/2012;16
16/12/2012;20
17/12/2012;
18/12/2012;23
19/12/2012;
20/12/2012;8
21/12/2012;8
22/12/2012;
23/12/2012;13
24/12/2012;11
25/12/2012;24
26/12/2012;29
27/12/2012;14
28/12/2012;7
29/12/2012;10
30/12/2012;10
31/12/2012;9
01/01/2013;8
02/01/2013;9
03/01/2013;14
04/01/2013;
05/01/2013;
06/01/2013;
07/01/2013;12
08/01/2013;
09/01/2013;4
10/01/2013;24
11/01/2013;15
12/01/2013;17
13/01/2013;19
14/01/2013;18
15/01/2013;18
16/01/2013;14
17/01/2013;21
18/01/2013;21
19/01/2013;21
20/01/2013;20
21/01/2013;28
22/01/2013;38
23/01/2013;36
24/01/2013;22
25/01/2013;18
26/01/2013;27
27/01/2013;26
28/01/2013;24
29/01/2013;24
30/01/2013;18
31/01/2013;24
01/02/2013;19
02/02/2013;23
03/02/2013;17
04/02/2013;17
05/02/2013;20
06/02/2013;20
07/02/2013;34
08/02/2013;12
09/02/2013;26
10/02/2013;19
11/02/2013;24
12/02/2013;45
13/02/2013;21
14/02/2013;25
15/02/2013;28
16/02/2013;34
17/02/2013;37
18/02/2013;41
19/02/2013;31
20/02/2013;32
21/02/2013;14
22/02/2013;20
23/02/2013;16
24/02/2013;21
25/02/2013;20
26/02/2013;
27/02/2013;20
28/02/2013;23
01/03/2013;17
02/03/2013;22
03/03/2013;21
04/03/2013;27
05/03/2013;22
06/03/2013;23
07/03/2013;26
08/03/2013;28
09/03/2013;20
10/03/2013;24
11/03/2013;26
12/03/2013;24
13/03/2013;18
14/03/2013;18
15/03/2013;20
16/03/2013;16
17/03/2013;18
18/03/2013;17
19/03/2013;20
20/03/2013;19
21/03/2013;35
22/03/2013;38
23/03/2013;26
24/03/2013;20
25/03/2013;19
26/03/2013;17
27/03/2013;22
28/03/2013;34
29/03/2013;37
30/03/2013;25
31/03/2013;19
01/04/2013;31
02/04/2013;37
03/04/2013;25
04/04/2013;25
05/04/2013;26
06/04/2013;27
07/04/2013;23
08/04/2013;19
09/04/2013;25
10/04/2013;18
11/04/2013;24
12/04/2013;19
13/04/2013;22
14/04/2013;22
15/04/2013;18
16/04/2013;13
17/04/2013;18
18/04/2013;24
19/04/2013;26
20/04/2013;24
21/04/2013;17
22/04/2013;19
23/04/2013;20
24/04/2013;21
25/04/2013;12
26/04/2013;19
27/04/2013;14
28/04/2013;13
29/04/2013;15
30/04/2013;10
01/05/2013;15
02/05/2013;34
03/05/2013;35
04/05/2013;54
05/05/2013;52
06/05/2013;43
07/05/2013;30
08/05/2013;31
09/05/2013;24
10/05/2013;22
11/05/2013;19
12/05/2013;34
13/05/2013;20
14/05/2013;21
15/05/2013;31
16/05/2013;33
17/05/2013;43
18/05/2013;42
19/05/2013;45
20/05/2013;23
21/05/2013;38
22/05/2013;24
23/05/2013;18
24/05/2013;28
25/05/2013;26
26/05/2013;28
27/05/2013;41
28/05/2013;46
29/05/2013;71
30/05/2013;41
31/05/2013;43
01/06/2013;38
02/06/2013;37
03/06/2013;63
04/06/2013;25
05/06/2013;32
06/06/2013;22
07/06/2013;17
08/06/2013;38
09/06/2013;36
10/06/2013;63
11/06/2013;64
12/06/2013;32
13/06/2013;86
14/06/2013;55
15/06/2013;59
16/06/2013;44
17/06/2013;55
18/06/2013;36
19/06/2013;70
20/06/2013;30
21/06/2013;21
22/06/2013;61
23/06/2013;53
24/06/2013;42
25/06/2013;48
26/06/2013;51
27/06/2013;61
28/06/2013;50
29/06/2013;20
30/06/2013;19
01/07/2013;53
02/07/2013;17
03/07/2013;30
04/07/2013;63
05/07/2013;20
06/07/2013;30
07/07/2013;18
08/07/2013;60
09/07/2013;21
10/07/2013;77
11/07/2013;
12/07/2013;28
13/07/2013;34
14/07/2013;24
15/07/2013;28
16/07/2013;59
17/07/2013;25
18/07/2013;70
19/07/2013;
20/07/2013;
21/07/2013;
22/07/2013;
23/07/2013;67
24/07/2013;67
25/07/2013;32
26/07/2013;24
27/07/2013;27
28/07/2013;33
29/07/2013;26
30/07/2013;27
31/07/2013;18
01/08/2013;30
02/08/2013;62
03/08/2013;40
04/08/2013;44
05/08/2013;27
06/08/2013;27
07/08/2013;21
08/08/2013;30
09/08/2013;43
10/08/2013;30
11/08/2013;59
12/08/2013;43
13/08/2013;57
14/08/2013;56
15/08/2013;23
16/08/2013;32
17/08/2013;30
18/08/2013;29
19/08/2013;18
20/08/2013;38
21/08/2013;30
22/08/2013;37
23/08/2013;58
24/08/2013;21
25/08/2013;21
26/08/2013;28
27/08/2013;37
28/08/2013;20
29/08/2013;27
30/08/2013;65
31/08/2013;21
01/09/2013;19
02/09/2013;5
03/09/2013;16
04/09/2013;15
05/09/2013;10
06/09/2013;16
07/09/2013;31
08/09/2013;70
09/09/2013;13
10/09/2013;8
11/09/2013;11
12/09/2013;
13/09/2013;16
14/09/2013;18
15/09/2013;12
16/09/2013;21
17/09/2013;20
18/09/2013;54
19/09/2013;40
20/09/2013;38
21/09/2013;50
22/09/2013;10
23/09/2013;46
24/09/2013;15
25/09/2013;13
26/09/2013;9
27/09/2013;28
28/09/2013;29
29/09/2013;30
30/09/2013;66
01/10/2013;57
02/10/2013;23
03/10/2013;10
04/10/2013;10
05/10/2013;15
06/10/2013;9
07/10/2013;22
08/10/2013;60
09/10/2013;11
10/10/2013;10
11/10/2013;14
12/10/2013;17
13/10/2013;52
14/10/2013;
15/10/2013;13
16/10/2013;
17/10/2013;19
18/10/2013;12
19/10/2013;10
20/10/2013;9
21/10/2013;54
22/10/2013;14
23/10/2013;21
24/10/2013;26
25/10/2013;27
26/10/2013;27
27/10/2013;26
28/10/2013;26
29/10/2013;47
30/10/2013;10
31/10/2013;22
01/11/2013;15
02/11/2013;14
03/11/2013;18
04/11/2013;12
05/11/2013;9
06/11/2013;11
07/11/2013;
08/11/2013;11
09/11/2013;26
10/11/2013;49
11/11/2013;24
12/11/2013;13
13/11/2013;17
14/11/2013;15
15/11/2013;18
16/11/2013;17
17/11/2013;15
18/11/2013;16
19/11/2013;13
20/11/2013;11
21/11/2013;10
22/11/2013;24
23/11/2013;10
24/11/2013;14
25/11/2013;16
26/11/2013;18
27/11/2013;14
28/11/2013;20
29/11/2013;13
30/11/2013;14
01/12/2013;14
02/12/2013;12
03/12/2013;13
04/12/2013;11
05/12/2013;10
06/12/2013;16
07/12/2013;12
08/12/2013;12
09/12/2013;24
10/12/2013;22
11/12/2013;23
12/12/2013;18
13/12/2013;19
14/12/2013;22
15/12/2013;24
16/12/2013;32
17/12/2013;18
18/12/2013;22
19/12/2013;22
20/12/2013;19
21/12/2013;39
22/12/2013;19
23/12/2013;22
24/12/2013;6
25/12/2013;26
26/12/2013;31
27/12/2013;28
28/12/2013;13
29/12/2013;24
30/12/2013;24
31/12/2013;24
01/01/2014;19
02/01/2014;22
03/01/2014;19
04/01/2014;33
05/01/2014;35
06/01/2014;24
07/01/2014;23
08/01/2014;21
09/01/2014;9
10/01/2014;15
11/01/2014;21
12/01/2014;20
13/01/2014;21
14/01/2014;17
15/01/2014;11
16/01/2014;14
17/01/2014;17
18/01/2014;59
19/01/2014;32
20/01/2014;22
21/01/2014;14
22/01/2014;18
23/01/2014;16
24/01/2014;19
25/01/2014;23
26/01/2014;16
27/01/2014;29
28/01/2014;19
29/01/2014;19
30/01/2014;23
31/01/2014;17
01/02/2014;25
02/02/2014;19
03/02/2014;17
04/02/2014;15
05/02/2014;16
06/02/2014;18
07/02/2014;16
08/02/2014;21
09/02/2014;28
10/02/2014;19
11/02/2014;23
12/02/2014;31
13/02/2014;33
14/02/2014;32
15/02/2014;33
16/02/2014;17
17/02/2014;19
18/02/2014;21
19/02/2014;19
20/02/2014;21
21/02/2014;23
22/02/2014;21
23/02/2014;17
24/02/2014;16
25/02/2014;11
26/02/2014;20
27/02/2014;19
28/02/2014;19
01/03/2014;23
02/03/2014;27
03/03/2014;28
04/03/2014;35
05/03/2014;46
06/03/2014;34
07/03/2014;18
08/03/2014;16
09/03/2014;17
10/03/2014;14
11/03/2014;11
12/03/2014;14
13/03/2014;14
14/03/2014;13
15/03/2014;18
16/03/2014;16
17/03/2014;15
18/03/2014;21
19/03/2014;21
20/03/2014;34
21/03/2014;
22/03/2014;
23/03/2014;
24/03/2014;
25/03/2014;20
26/03/2014;23
27/03/2014;19
28/03/2014;26
29/03/2014;26
30/03/2014;19
31/03/2014;38
01/04/2014;40
02/04/2014;26
03/04/2014;21
04/04/2014;17
05/04/2014;19
06/04/2014;20
07/04/2014;21
08/04/2014;25
09/04/2014;26
10/04/2014;23
11/04/2014;21
12/04/2014;17
13/04/2014;17
14/04/2014;11
15/04/2014;18
16/04/2014;19
17/04/2014;23
18/04/2014;17
19/04/2014;23
20/04/2014;25
21/04/2014;43
22/04/2014;50
23/04/2014;60
24/04/2014;47
25/04/2014;47
26/04/2014;36
27/04/2014;24
28/04/2014;19
29/04/2014;36
30/04/2014;43
01/05/2014;36
02/05/2014;27
03/05/2014;36
04/05/2014;33
05/05/2014;35
06/05/2014;43
07/05/2014;22
08/05/2014;17
09/05/2014;15
10/05/2014;19
11/05/2014;20
12/05/2014;23
13/05/2014;27
14/05/2014;26
15/05/2014;25
16/05/2014;26
17/05/2014;23
18/05/2014;47
19/05/2014;28
20/05/2014;68
21/05/2014;26
22/05/2014;26
23/05/2014;24
24/05/2014;26
25/05/2014;24
26/05/2014;28
27/05/2014;29
28/05/2014;
29/05/2014;
30/05/2014;
31/05/2014;
01/06/2014;
02/06/2014;
03/06/2014;63
04/06/2014;25
05/06/2014;69
06/06/2014;106
07/06/2014;53
08/06/2014;71
09/06/2014;38
10/06/2014;40
11/06/2014;50
12/06/2014;47
13/06/2014;37
14/06/2014;65
15/06/2014;73
16/06/2014;82
17/06/2014;26
18/06/2014;33
19/06/2014;23
20/06/2014;53
21/06/2014;39
22/06/2014;28
23/06/2014;44
24/06/2014;35
25/06/2014;62
26/06/2014;31
27/06/2014;46
28/06/2014;39
29/06/2014;44
30/06/2014;43
01/07/2014;71
02/07/2014;22
03/07/2014;43
04/07/2014;48
05/07/2014;52
06/07/2014;81
07/07/2014;45
08/07/2014;40
09/07/2014;44
10/07/2014;64
11/07/2014;49
12/07/2014;32
13/07/2014;29
14/07/2014;35
15/07/2014;38
16/07/2014;31
17/07/2014;35
18/07/2014;39
19/07/2014;50
20/07/2014;54
21/07/2014;19
22/07/2014;49
23/07/2014;39
24/07/2014;35
25/07/2014;63
26/07/2014;86
27/07/2014;31
28/07/2014;23
29/07/2014;23
30/07/2014;47
31/07/2014;77
01/08/2014;18
02/08/2014;77
03/08/2014;38
04/08/2014;21
05/08/2014;19
06/08/2014;31
07/08/2014;22
08/08/2014;43
09/08/2014;26
10/08/2014;47
11/08/2014;27
12/08/2014;37
13/08/2014;25
14/08/2014;32
15/08/2014;21
16/08/2014;31
17/08/2014;57
18/08/2014;48
19/08/2014;31
20/08/2014;25
21/08/2014;44
22/08/2014;26
23/08/2014;45
24/08/2014;21
25/08/2014;26
26/08/2014;77
27/08/2014;22
28/08/2014;20
29/08/2014;24
30/08/2014;36
31/08/2014;54
01/09/2014;50
02/09/2014;55
03/09/2014;29
04/09/2014;35
05/09/2014;34
06/09/2014;20
07/09/2014;30
08/09/2014;50
09/09/2014;43
10/09/2014;35
11/09/2014;94
12/09/2014;28
13/09/2014;29
14/09/2014;20
15/09/2014;22
16/09/2014;24
17/09/2014;24
18/09/2014;21
19/09/2014;42
20/09/2014;28
21/09/2014;22
22/09/2014;20
23/09/2014;40
24/09/2014;20
25/09/2014;20
26/09/2014;35
27/09/2014;29
28/09/2014;23
29/09/2014;22
30/09/2014;19
01/10/2014;21
02/10/2014;112
03/10/2014;62
04/10/2014;79
05/10/2014;41
06/10/2014;33
07/10/2014;27
08/10/2014;28
09/10/2014;23
10/10/2014;16
11/10/2014;36
12/10/2014;22
13/10/2014;25
14/10/2014;25
15/10/2014;24
16/10/2014;19
17/10/2014;16
18/10/2014;17
19/10/2014;21
20/10/2014;15
21/10/2014;17
22/10/2014;14
23/10/2014;16
24/10/2014;40
25/10/2014;29
26/10/2014;20
27/10/2014;13
28/10/2014;21
29/10/2014;48
30/10/2014;37
31/10/2014;19
01/11/2014;18
02/11/2014;19
03/11/2014;16
04/11/2014;20
05/11/2014;22
06/11/2014;24
07/11/2014;19
08/11/2014;16
09/11/2014;35
10/11/2014;22
11/11/2014;18
12/11/2014;21
13/11/2014;16
14/11/2014;28
15/11/2014;21
16/11/2014;20
17/11/2014;27
18/11/2014;20
19/11/2014;26
20/11/2014;22
21/11/2014;21
22/11/2014;21
23/11/2014;18
24/11/2014;17
25/11/2014;17
26/11/2014;14
27/11/2014;15
28/11/2014;17
29/11/2014;25
30/11/2014;19
01/12/2014;13
02/12/2014;15
03/12/2014;11
04/12/2014;16
05/12/2014;21
06/12/2014;18
07/12/2014;19
08/12/2014;18
09/12/2014;17
10/12/2014;20
11/12/2014;22
12/12/2014;21
13/12/2014;19
14/12/2014;12
15/12/2014;14
16/12/2014;11
17/12/2014;13
18/12/2014;17
19/12/2014;31
20/12/2014;28
21/12/2014;21
22/12/2014;22
23/12/2014;19
24/12/2014;14
25/12/2014;13
26/12/2014;17
27/12/2014;15
28/12/2014;15
29/12/2014;18
30/12/2014;29
31/12/2014;37
01/01/2015;25
02/01/2015;28
03/01/2015;25
04/01/2015;21
05/01/2015;32
06/01/2015;26
07/01/2015;44
08/01/2015;33
09/01/2015;21
10/01/2015;34
11/01/2015;19
12/01/2015;28
13/01/2015;36
14/01/2015;17
15/01/2015;21
16/01/2015;37
17/01/2015;25
18/01/2015;23
19/01/2015;20
20/01/2015;16
21/01/2015;29
22/01/2015;33
23/01/2015;21
24/01/2015;16
25/01/2015;11
26/01/2015;19
27/01/2015;21
28/01/2015;22
29/01/2015;16
30/01/2015;18
31/01/2015;16
01/02/2015;17
02/02/2015;31
03/02/2015;40
04/02/2015;34
05/02/2015;18
06/02/2015;23
07/02/2015;10
08/02/2015;15
09/02/2015;16
10/02/2015;18
11/02/2015;25
12/02/2015;20
13/02/2015;18
14/02/2015;19
15/02/2015;19
16/02/2015;26
17/02/2015;21
18/02/2015;17
19/02/2015;19
20/02/2015;23
21/02/2015;24
22/02/2015;25
23/02/2015;19
24/02/2015;19
25/02/2015;19
26/02/2015;27
27/02/2015;26
28/02/2015;23
01/03/2015;40
02/03/2015;51
03/03/2015;32
04/03/2015;26
05/03/2015;19
06/03/2015;25
07/03/2015;24
08/03/2015;17
09/03/2015;30
10/03/2015;27
11/03/2015;30
12/03/2015;99
13/03/2015;57
14/03/2015;56
15/03/2015;47
16/03/2015;47
17/03/2015;62
18/03/2015;44
19/03/2015;21
20/03/2015;17
21/03/2015;18
22/03/2015;17
23/03/2015;18
24/03/2015;17
25/03/2015;14
26/03/2015;18
27/03/2015;18
28/03/2015;21
29/03/2015;21
30/03/2015;21
31/03/2015;17
01/04/2015;14
02/04/2015;16
03/04/2015;17
04/04/2015;18
05/04/2015;70
06/04/2015;24
07/04/2015;18
08/04/2015;19
09/04/2015;18
10/04/2015;21
11/04/2015;18
12/04/2015;20
13/04/2015;20
14/04/2015;26
15/04/2015;54
16/04/2015;36
17/04/2015;51
18/04/2015;28
19/04/2015;35
20/04/2015;20
21/04/2015;17
22/04/2015;15
23/04/2015;40
24/04/2015;59
25/04/2015;58
26/04/2015;82
27/04/2015;95
28/04/2015;75
29/04/2015;53
30/04/2015;56
01/05/2015;42
02/05/2015;25
03/05/2015;39
04/05/2015;54
05/05/2015;58
06/05/2015;74
07/05/2015;74
08/05/2015;60
09/05/2015;47
10/05/2015;52
11/05/2015;46
12/05/2015;44
13/05/2015;53
14/05/2015;63
15/05/2015;52
16/05/2015;62
17/05/2015;48
18/05/2015;41
19/05/2015;63
20/05/2015;73
21/05/2015;103
22/05/2015;93
23/05/2015;75
24/05/2015;66
25/05/2015;62
26/05/2015;32
27/05/2015;30
28/05/2015;14
29/05/2015;54
30/05/2015;29
31/05/2015;23
01/06/2015;21
02/06/2015;20
03/06/2015;30
04/06/2015;27
05/06/2015;42
06/06/2015;52
07/06/2015;38
08/06/2015;31
09/06/2015;16
10/06/2015;23
11/06/2015;36
12/06/2015;60
13/06/2015;44
14/06/2015;35
15/06/2015;39
16/06/2015;32
17/06/2015;74
18/06/2015;42
19/06/2015;28
20/06/2015;25
21/06/2015;12
22/06/2015;61
23/06/2015;64
24/06/2015;44
25/06/2015;37
26/06/2015;48
27/06/2015;34
28/06/2015;38
29/06/2015;24
30/06/2015;23
01/07/2015;26
02/07/2015;32
03/07/2015;49
04/07/2015;56
05/07/2015;23
06/07/2015;38
07/07/2015;35
08/07/2015;37
09/07/2015;19
10/07/2015;24
11/07/2015;51
12/07/2015;33
13/07/2015;21
14/07/2015;58
15/07/2015;22
16/07/2015;52
17/07/2015;58
18/07/2015;35
19/07/2015;27
20/07/2015;64
21/07/2015;38
22/07/2015;40
23/07/2015;33
24/07/2015;28
25/07/2015;52
26/07/2015;35
27/07/2015;41
28/07/2015;34
29/07/2015;38
30/07/2015;34
31/07/2015;33
01/08/2015;22
02/08/2015;37
03/08/2015;39
04/08/2015;33
05/08/2015;28
06/08/2015;34
07/08/2015;31
08/08/2015;27
09/08/2015;21
10/08/2015;17
11/08/2015;16
12/08/2015;27
13/08/2015;31
14/08/2015;27
15/08/2015;66
16/08/2015;20
17/08/2015;19
18/08/2015;27
19/08/2015;61
20/08/2015;64
21/08/2015;46
22/08/2015;45
23/08/2015;22
24/08/2015;61
25/08/2015;55
26/08/2015;25
27/08/2015;29
28/08/2015;41
29/08/2015;40
30/08/2015;58
31/08/2015;38
01/09/2015;25
02/09/2015;66
03/09/2015;58
04/09/2015;50
05/09/2015;24
06/09/2015;33
07/09/2015;62
08/09/2015;29
09/09/2015;53
10/09/2015;24
11/09/2015;14
12/09/2015;54
13/09/2015;59
14/09/2015;14
15/09/2015;90
16/09/2015;58
17/09/2015;41
18/09/2015;31
19/09/2015;29
20/09/2015;22
21/09/2015;27
22/09/2015;24
23/09/2015;25
24/09/2015;18
25/09/2015;
26/09/2015;31
27/09/2015;22
28/09/2015;25
29/09/2015;21
30/09/2015;25
01/10/2015;37
02/10/2015;32
03/10/2015;36
04/10/2015;33
05/10/2015;29
06/10/2015;24
07/10/2015;17
08/10/2015;91
09/10/2015;78
10/10/2015;36
11/10/2015;35
12/10/2015;34
13/10/2015;22
14/10/2015;21
15/10/2015;26
16/10/2015;19
17/10/2015;47
18/10/2015;34
19/10/2015;19
20/10/2015;20
21/10/2015;20
22/10/2015;20
23/10/2015;17
24/10/2015;24
25/10/2015;19
26/10/2015;19
27/10/2015;20
28/10/2015;18
29/10/2015;15
30/10/2015;21
31/10/2015;23
01/11/2015;22
02/11/2015;17
03/11/2015;25
04/11/2015;21
05/11/2015;17
06/11/2015;9
07/11/2015;22
08/11/2015;59
09/11/2015;62
10/11/2015;52
11/11/2015;21
12/11/2015;21
13/11/2015;18
14/11/2015;22
15/11/2015;18
16/11/2015;41
17/11/2015;38
18/11/2015;29
19/11/2015;22
20/11/2015;17
21/11/2015;15
22/11/2015;20
23/11/2015;19
24/11/2015;36
25/11/2015;51
26/11/2015;20
27/11/2015;10
28/11/2015;17
29/11/2015;19
30/11/2015;16
01/12/2015;9
02/12/2015;18
03/12/2015;13
04/12/2015;27
05/12/2015;17
06/12/2015;14
07/12/2015;17
08/12/2015;11
09/12/2015;12
10/12/2015;20
11/12/2015;40
12/12/2015;26
13/12/2015;19
14/12/2015;11
15/12/2015;10
16/12/2015;8
17/12/2015;10
18/12/2015;24
19/12/2015;33
20/12/2015;27
21/12/2015;41
22/12/2015;26
23/12/2015;16
24/12/2015;19
25/12/2015;16
26/12/2015;14
27/12/2015;19
28/12/2015;18
29/12/2015;21
30/12/2015;30
31/12/2015;28
01/01/2016;15
02/01/2016;20
03/01/2016;19
04/01/2016;25
05/01/2016;14
06/01/2016;23
07/01/2016;23
08/01/2016;21
09/01/2016;14
10/01/2016;10
11/01/2016;6
12/01/2016;4
13/01/2016;13
14/01/2016;12
15/01/2016;9
16/01/2016;10
17/01/2016;8
18/01/2016;12
19/01/2016;13
20/01/2016;13
21/01/2016;41
22/01/2016;27
23/01/2016;
24/01/2016;
25/01/2016;
26/01/2016;
27/01/2016;35
28/01/2016;19
29/01/2016;19
30/01/2016;47
31/01/2016;41
01/02/2016;48
02/02/2016;39
03/02/2016;24
04/02/2016;15
05/02/2016;44
06/02/2016;45
07/02/2016;36
08/02/2016;23
09/02/2016;17
10/02/2016;17
11/02/2016;27
12/02/2016;46
13/02/2016;30
14/02/2016;36
15/02/2016;38
16/02/2016;19
17/02/2016;10
18/02/2016;25
19/02/2016;21
20/02/2016;11
21/02/2016;14
22/02/2016;14
23/02/2016;21
24/02/2016;14
25/02/2016;17
26/02/2016;
27/02/2016;
28/02/2016;
29/02/2016;
01/03/2016;
02/03/2016;
03/03/2016;18
04/03/2016;9
05/03/2016;10
06/03/2016;26
07/03/2016;30
08/03/2016;18
09/03/2016;4
10/03/2016;16
11/03/2016;10
12/03/2016;16
13/03/2016;11
14/03/2016;8
15/03/2016;9
16/03/2016;6
17/03/2016;11
18/03/2016;10
19/03/2016;6
20/03/2016;18
21/03/2016;16
22/03/2016;18
23/03/2016;16
24/03/2016;14
25/03/2016;16
26/03/2016;9
27/03/2016;15
28/03/2016;14
29/03/2016;12
30/03/2016;12
31/03/2016;27
01/04/2016;30
02/04/2016;15
03/04/2016;14
04/04/2016;12
05/04/2016;12
06/04/2016;10
07/04/2016;10
08/04/2016;10
09/04/2016;11
10/04/2016;8
11/04/2016;7
12/04/2016;12
13/04/2016;15
14/04/2016;12
15/04/2016;8
16/04/2016;9
17/04/2016;12
18/04/2016;17
19/04/2016;11
20/04/2016;28
21/04/2016;54
22/04/2016;74
23/04/2016;63
24/04/2016;54
25/04/2016;43
26/04/2016;38
27/04/2016;47
28/04/2016;36
29/04/2016;32
30/04/2016;32
01/05/2016;24
02/05/2016;15
03/05/2016;14
04/05/2016;11
05/05/2016;13
06/05/2016;32
07/05/2016;37
08/05/2016;10
09/05/2016;11
10/05/2016;12
11/05/2016;3
12/05/2016;18
13/05/2016;9
14/05/2016;11
15/05/2016;12
16/05/2016;13
17/05/2016;16
18/05/2016;14
19/05/2016;19
20/05/2016;21
21/05/2016;30
22/05/2016;34
23/05/2016;38
24/05/2016;20
25/05/2016;10
26/05/2016;20
27/05/2016;15
28/05/2016;17
29/05/2016;20
30/05/2016;28
31/05/2016;28
01/06/2016;20
02/06/2016;43
03/06/2016;33
04/06/2016;18
05/06/2016;9
06/06/2016;28
07/06/2016;54
08/06/2016;23
09/06/2016;24
10/06/2016;27
11/06/2016;34
12/06/2016;31
13/06/2016;26
14/06/2016;32
15/06/2016;14
16/06/2016;14
17/06/2016;35
18/06/2016;22
19/06/2016;16
20/06/2016;33
21/06/2016;18
22/06/2016;28
23/06/2016;46
24/06/2016;42
25/06/2016;39
26/06/2016;15
27/06/2016;20
28/06/2016;63
29/06/2016;36
30/06/2016;39
01/07/2016;20
02/07/2016;42
03/07/2016;24
04/07/2016;32
05/07/2016;28
06/07/2016;18
07/07/2016;19
08/07/2016;19
09/07/2016;14
10/07/2016;66
11/07/2016;14
12/07/2016;16
13/07/2016;29
14/07/2016;23
15/07/2016;47
16/07/2016;29
17/07/2016;22
18/07/2016;16
19/07/2016;27
20/07/2016;37
21/07/2016;55
22/07/2016;29
23/07/2016;19
24/07/2016;19
25/07/2016;23
26/07/2016;102
27/07/2016;54
28/07/2016;31
29/07/2016;37
30/07/2016;22
31/07/2016;36
01/08/2016;62
02/08/2016;43
03/08/2016;26
04/08/2016;
05/08/2016;27
06/08/2016;20
07/08/2016;28
08/08/2016;50
09/08/2016;30
10/08/2016;31
11/08/2016;12
12/08/2016;25
13/08/2016;27
14/08/2016;53
15/08/2016;37
16/08/2016;28
17/08/2016;42
18/08/2016;18
19/08/2016;34
20/08/2016;34
21/08/2016;42
22/08/2016;20
23/08/2016;23
24/08/2016;11
25/08/2016;25
26/08/2016;27
27/08/2016;32
28/08/2016;30
29/08/2016;77
30/08/2016;22
31/08/2016;21
01/09/2016;13
02/09/2016;67
03/09/2016;43
04/09/2016;15
05/09/2016;
06/09/2016;
07/09/2016;
08/09/2016;
09/09/2016;
10/09/2016;
11/09/2016;
12/09/2016;
13/09/2016;24
14/09/2016;12
15/09/2016;14
16/09/2016;19
17/09/2016;14
18/09/2016;10
19/09/2016;33
20/09/2016;24
21/09/2016;23
22/09/2016;19
23/09/2016;19
24/09/2016;13
25/09/2016;9
26/09/2016;11
27/09/2016;65
28/09/2016;18
29/09/2016;87
30/09/2016;50
01/10/2016;29
02/10/2016;14
03/10/2016;24
04/10/2016;29
05/10/2016;12
06/10/2016;8
07/10/2016;28
08/10/2016;25
09/10/2016;18
10/10/2016;12
11/10/2016;38
12/10/2016;14
13/10/2016;24
14/10/2016;10
15/10/2016;11
16/10/2016;14
17/10/2016;17
18/10/2016;22
19/10/2016;14
20/10/2016;17
21/10/2016;12
22/10/2016;23
23/10/2016;30
24/10/2016;15
25/10/2016;15
26/10/2016;13
27/10/2016;15
28/10/2016;10
29/10/2016;18
30/10/2016;17
31/10/2016;14
01/11/2016;14
02/11/2016;24
03/11/2016;14
04/11/2016;12
05/11/2016;19
06/11/2016;23
07/11/2016;38
08/11/2016;11
09/11/2016;13
10/11/2016;19
11/11/2016;18
12/11/2016;16
13/11/2016;14
14/11/2016;16
15/11/2016;8
16/11/2016;12
17/11/2016;26
18/11/2016;17
19/11/2016;16
20/11/2016;12
21/11/2016;9
22/11/2016;11
23/11/2016;
24/11/2016;14
25/11/2016;13
26/11/2016;12
27/11/2016;9
28/11/2016;9
29/11/2016;6
30/11/2016;14
01/12/2016;15
02/12/2016;12
03/12/2016;12
04/12/2016;11
05/12/2016;10
06/12/2016;8
07/12/2016;13
08/12/2016;41
09/12/2016;26
10/12/2016;21
11/12/2016;13
12/12/2016;14
13/12/2016;25
14/12/2016;22
15/12/2016;17
16/12/2016;17
17/12/2016;31
18/12/2016;22
19/12/2016;8
20/12/2016;16
21/12/2016;15
22/12/2016;29
23/12/2016;23
24/12/2016;17
25/12/2016;15
26/12/2016;21
27/12/2016;16
28/12/2016;20
29/12/2016;20
30/12/2016;18
31/12/2016;18