Date Local;Arithmetic Mean Fajardo
2005-01-02;2.20
2005-01-04;3.30
2005-01-05;3.00
2005-01-06;2.70
2005-01-07;4.00
2005-01-08;3.60
2005-01-09;2.80
2005-01-10;2.20
2005-01-11;3.50
2005-01-12;3.80
2005-01-13;5.10
2005-01-14;5.40
2005-01-15;5.40
2005-01-16;3.60
2005-01-17;3.60
2005-01-18;2.40
2005-01-19;1.50
2005-01-20;3.10
2005-01-21;2.30
2005-01-22;2.40
2005-01-23;1.80
2005-01-24;4.60
2005-01-25;5.50
2005-01-26;4.80
2005-01-27;4.00
2005-01-28;2.80
2005-01-29;3.50
2005-01-30;3.30
2005-01-31;4.90
2005-02-01;2.50
2005-02-02;3.30
2005-02-03;3.90
2005-02-04;5.10
2005-02-05;4.90
2005-02-06;5.50
2005-02-07;2.70
2005-02-08;2.20
2005-02-09;0.80
2005-02-10;2.40
2005-02-11;2.40
2005-02-12;2.50
2005-02-13;4.90
2005-02-14;4.80
2005-02-15;3.30
2005-02-16;3.10
2005-02-17;2.80
2005-02-18;3.40
2005-02-19;2.50
2005-02-20;4.50
2005-02-21;5.00
2005-02-22;3.20
2005-02-23;2.90
2005-02-24;2.30
2005-02-25;2.70
2005-02-26;2.40
2005-02-27;2.20
2005-02-28;1.10
2005-03-01;3.70
2005-03-02;5.40
2005-03-03;7.00
2005-03-04;6.10
2005-03-05;8.70
2005-03-06;9.00
2005-03-07;3.60
2005-03-08;4.40
2005-03-09;4.40
2005-03-11;6.60
2005-03-12;5.00
2005-03-13;3.40
2005-03-14;3.80
2005-03-15;6.20
2005-03-16;5.10
2005-03-17;4.10
2005-03-18;8.20
2005-03-19;8.50
2005-03-20;4.90
2005-03-21;3.70
2005-03-22;4.20
2005-03-23;3.50
2005-03-24;4.20
2005-03-25;4.00
2005-03-26;4.10
2005-03-27;3.70
2005-03-28;3.90
2005-03-29;3.10
2005-03-30;2.30
2005-03-31;2.40
2005-04-01;3.50
2005-04-02;9.10
2005-04-03;10.00
2005-04-04;8.50
2005-04-05;8.50
2005-04-06;4.80
2005-04-07;3.40
2005-04-10;7.80
2005-04-11;6.80
2005-04-12;7.50
2005-04-13;8.60
2005-04-14;8.30
2005-04-15;9.80
2005-04-16;9.70
2005-04-17;5.40
2005-04-18;2.60
2005-04-19;2.50
2005-04-20;4.40
2005-04-21;5.40
2005-04-22;5.20
2005-04-23;2.60
2005-04-24;4.10
2005-04-25;4.60
2005-04-26;5.30
2005-04-27;2.60
2005-04-28;1.90
2005-04-29;2.50
2005-04-30;3.00
2005-05-01;3.40
2005-05-02;2.70
2005-05-03;2.40
2005-05-04;2.80
2005-05-05;1.30
2005-05-06;2.50
2005-05-07;2.70
2005-05-08;2.50
2005-05-09;5.30
2005-05-11;4.10
2005-05-12;3.20
2005-05-13;2.60
2005-05-14;3.60
2005-05-15;3.10
2005-05-16;4.90
2005-05-17;2.00
2005-05-18;2.30
2005-05-19;4.10
2005-05-20;4.70
2005-05-21;4.50
2005-05-22;5.00
2005-05-23;2.00
2005-05-24;2.30
2005-05-25;4.10
2005-05-26;7.30
2005-05-27;9.10
2005-05-28;9.40
2005-05-29;13.80
2005-05-30;12.40
2005-06-01;13.20
2005-06-02;9.20
2005-06-03;8.50
2005-06-04;5.70
2005-06-05;7.40
2005-06-06;4.10
2005-06-07;2.90
2005-06-08;3.00
2005-06-09;2.80
2005-06-10;1.50
2005-06-11;6.60
2005-06-12;3.00
2005-06-13;2.40
2005-06-14;1.90
2005-06-15;15.10
2005-06-17;10.10
2005-06-18;21.40
2005-06-19;9.30
2005-06-20;14.80
2005-06-21;14.90
2005-06-22;3.70
2005-06-23;12.40
2005-06-24;12.60
2005-07-02;10.00
2005-07-03;5.00
2005-07-04;8.00
2005-07-09;1.80
2005-07-10;2.30
2005-07-11;1.40
2005-07-12;2.10
2005-07-13;2.50
2005-07-14;3.70
2005-07-15;6.60
2005-07-16;3.50
2005-07-17;2.60
2005-07-18;3.10
2005-07-19;3.80
2005-07-20;5.60
2005-07-23;3.00
2005-07-24;4.90
2005-07-25;5.30
2005-07-26;12.30
2005-07-27;17.50
2005-07-28;11.70
2005-07-29;5.30
2005-07-30;6.60
2005-08-02;4.10
2005-08-03;4.60
2005-08-04;6.60
2005-08-07;4.30
2005-08-09;2.20
2005-08-10;4.10
2005-08-11;4.10
2005-08-12;3.80
2005-08-13;3.70
2005-08-14;6.40
2005-08-15;5.70
2005-08-16;4.90
2005-08-17;5.30
2005-08-18;6.10
2005-08-19;6.10
2005-08-20;4.40
2005-08-21;4.40
2005-08-23;2.10
2005-08-24;2.30
2005-08-25;2.90
2005-08-27;4.70
2005-08-28;2.80
2005-08-29;2.70
2005-08-30;13.70
2005-08-31;10.10
2005-09-01;3.00
2005-09-02;7.30
2005-09-03;8.70
2005-09-04;10.50
2005-09-05;3.10
2005-09-06;3.00
2005-09-07;3.20
2005-09-08;5.60
2005-09-09;22.30
2005-09-10;12.70
2005-09-11;5.20
2005-09-12;3.80
2005-09-13;5.30
2005-09-14;3.00
2005-09-15;5.10
2005-09-16;4.40
2005-09-17;11.00
2005-09-18;6.10
2005-09-19;2.20
2005-09-20;1.60
2005-09-21;2.00
2005-09-22;3.40
2005-09-23;3.50
2005-09-24;6.30
2005-09-25;6.90
2005-09-26;13.20
2005-09-27;15.10
2005-09-28;14.30
2005-09-29;11.50
2005-09-30;8.00
2005-10-01;2.10
2005-10-02;2.20
2005-10-03;1.10
2005-10-04;1.00
2005-10-05;0.60
2005-10-06;3.00
2005-10-08;3.50
2005-10-09;2.10
2005-10-10;0.70
2005-10-11;1.30
2005-10-12;2.30
2005-10-13;2.50
2005-10-14;1.60
2005-10-15;4.20
2005-10-16;3.40
2005-10-18;3.30
2005-10-19;2.40
2005-10-20;2.70
2005-10-21;5.60
2005-10-22;4.00
2005-10-25;4.10
2005-10-26;3.20
2005-10-27;3.30
2005-10-28;6.00
2005-10-29;2.50
2005-10-30;2.90
2005-10-31;4.30
2005-11-01;3.10
2005-11-02;5.40
2005-11-03;5.20
2005-11-04;2.70
2005-11-05;2.10
2005-11-06;4.60
2005-11-07;3.30
2005-11-08;4.10
2005-11-09;2.50
2005-11-15;5.50
2005-11-22;2.00
2005-11-23;3.40
2005-11-24;5.00
2005-11-25;2.10
2005-11-26;1.90
2005-11-27;3.20
2005-11-28;3.20
2005-11-29;3.00
2005-11-30;3.90
2005-12-01;3.40
2005-12-02;3.20
2005-12-03;1.80
2005-12-04;2.20
2005-12-05;3.30
2005-12-06;2.30
2005-12-07;3.40
2005-12-08;3.90
2005-12-09;3.50
2005-12-10;2.40
2005-12-11;2.50
2005-12-12;3.40
2005-12-13;2.70
2005-12-14;2.20
2005-12-15;2.50
2005-12-16;2.50
2005-12-17;2.60
2005-12-18;2.60
2005-12-19;2.70
2005-12-20;1.80
2005-12-21;1.50
2005-12-22;2.50
2005-12-23;2.30
2005-12-28;1.80
2005-12-29;2.10
2005-12-31;2.60
2006-01-01;3.10
2006-01-02;3.70
2006-01-03;4.40
2006-01-04;3.40
2006-01-05;3.20
2006-01-06;2.50
2006-01-07;1.70
2006-01-08;2.10
2006-01-09;3.00
2006-01-10;4.20
2006-01-11;3.80
2006-01-12;3.80
2006-01-13;2.90
2006-01-14;3.60
2006-01-15;3.60
2006-01-18;3.70
2006-01-19;3.40
2006-01-20;5.00
2006-01-21;5.50
2006-01-22;5.30
2006-01-23;4.40
2006-01-24;4.00
2006-01-25;3.50
2006-01-26;4.10
2006-01-27;2.80
2006-01-28;5.10
2006-01-30;3.60
2006-01-31;3.60
2006-02-01;3.10
2006-02-02;2.10
2006-02-03;2.40
2006-02-04;2.60
2006-02-05;1.70
2006-02-06;2.90
2006-02-07;2.30
2006-02-08;2.20
2006-02-09;2.70
2006-02-10;2.80
2006-02-11;2.30
2006-02-12;3.60
2006-02-13;4.50
2006-02-14;2.10
2006-02-15;2.60
2006-02-16;3.00
2006-02-17;2.10
2006-02-18;2.30
2006-02-19;2.30
2006-02-20;1.10
2006-02-21;2.30
2006-02-22;2.60
2006-02-23;2.40
2006-02-24;2.10
2006-02-25;3.10
2006-02-26;4.10
2006-02-27;6.80
2006-02-28;4.60
2006-03-01;3.10
2006-03-02;3.90
2006-03-03;3.90
2006-03-04;3.90
2006-03-05;5.20
2006-03-06;4.80
2006-03-07;4.30
2006-03-08;4.60
2006-03-09;5.20
2006-03-10;5.00
2006-03-11;3.50
2006-03-12;3.80
2006-03-13;2.90
2006-03-14;3.00
2006-03-15;4.10
2006-03-16;10.50
2006-03-17;3.20
2006-03-18;3.90
2006-03-19;4.10
2006-03-20;2.20
2006-03-22;5.20
2006-03-23;9.10
2006-03-24;10.70
2006-03-25;7.40
2006-03-26;3.70
2006-03-27;10.00
2006-03-28;14.00
2006-03-29;14.60
2006-03-30;9.70
2006-03-31;5.40
2006-04-01;4.10
2006-04-02;2.00
2006-04-03;2.60
2006-04-04;3.70
2006-04-05;2.50
2006-04-06;3.00
2006-04-07;2.40
2006-04-08;3.90
2006-04-09;2.40
2006-04-10;2.80
2006-04-11;3.60
2006-04-12;3.40
2006-04-13;3.70
2006-04-14;3.90
2006-04-15;2.20
2006-04-16;2.90
2006-04-17;3.20
2006-04-18;3.30
2006-04-19;5.20
2006-04-20;7.20
2006-04-21;7.00
2006-04-22;7.60
2006-04-23;7.50
2006-04-24;4.40
2006-04-25;3.40
2006-04-26;2.70
2006-04-27;2.60
2006-04-28;5.60
2006-04-29;7.70
2006-04-30;7.50
2006-05-01;5.10
2006-05-02;4.10
2006-05-03;4.50
2006-05-04;3.40
2006-05-05;3.10
2006-05-06;4.30
2006-05-07;5.50
2006-05-08;7.40
2006-05-16;6.00
2006-05-17;6.50
2006-05-18;7.50
2006-05-20;5.80
2006-05-21;2.70
2006-05-22;10.00
2006-05-23;13.00
2006-05-24;7.80
2006-05-25;4.10
2006-05-26;7.80
2006-05-27;3.40
2006-05-28;3.90
2006-05-29;5.70
2006-05-30;6.30
2006-06-03;8.70
2006-06-10;7.50
2006-06-11;6.80
2006-06-12;8.80
2006-06-13;9.40
2006-06-14;11.30
2006-06-15;5.30
2006-06-16;5.30
2006-06-20;9.20
2006-06-21;8.10
2006-06-22;7.40
2006-06-23;9.90
2006-06-24;13.20
2006-06-25;17.40
2006-06-27;8.00
2006-06-28;6.70
2006-06-29;3.40
2006-06-30;7.20
2006-07-08;3.20
2006-07-09;5.30
2006-07-10;8.30
2006-07-11;6.50
2006-07-12;3.10
2006-07-13;4.70
2006-07-14;9.60
2006-07-15;11.80
2006-07-16;11.40
2006-07-17;4.90
2006-07-18;3.50
2006-07-19;7.60
2006-07-20;9.70
2006-07-21;5.00
2006-07-22;2.90
2006-07-23;7.40
2006-07-24;7.10
2006-07-25;4.10
2006-07-26;4.80
2006-07-27;11.10
2006-07-28;13.70
2006-07-29;7.40
2006-07-30;4.10
2006-07-31;10.00
2006-08-01;6.70
2006-08-02;3.90
2006-08-03;3.50
2006-08-09;9.00
2006-08-10;8.40
2006-08-11;8.30
2006-08-12;9.00
2006-08-13;9.30
2006-08-15;1.90
2006-08-16;4.20
2006-08-17;4.60
2006-08-18;4.10
2006-08-19;3.60
2006-08-20;3.10
2006-08-21;7.80
2006-08-22;4.50
2006-08-26;4.40
2006-08-27;2.50
2006-08-29;4.20
2006-08-30;5.70
2006-08-31;6.70
2006-09-01;2.90
2006-09-02;7.60
2006-09-03;5.00
2006-09-04;6.90
2006-09-05;6.90
2006-09-06;7.00
2006-09-07;7.20
2006-09-08;8.10
2006-09-09;14.30
2006-09-10;9.80
2006-09-11;6.00
2006-09-12;6.10
2006-09-13;8.30
2006-09-14;6.30
2006-09-15;7.30
2006-09-16;15.30
2006-09-17;15.70
2006-09-20;2.80
2006-09-21;3.90
2006-09-22;2.60
2006-09-23;2.60
2006-09-24;4.10
2006-09-25;6.30
2006-09-30;8.00
2006-10-01;5.00
2006-10-02;2.90
2006-10-03;2.30
2006-10-04;3.60
2006-10-05;3.00
2006-10-06;3.40
2006-10-07;6.70
2006-10-08;7.50
2006-10-09;6.10
2006-10-10;6.20
2006-10-11;7.80
2006-10-12;2.10
2006-10-13;3.60
2006-10-14;3.10
2006-10-15;3.00
2006-10-16;2.40
2006-10-17;3.60
2006-10-18;1.90
2006-10-19;2.80
2006-10-20;5.00
2006-10-21;3.20
2006-10-22;3.00
2006-10-23;3.70
2006-10-24;3.30
2006-10-25;3.70
2006-10-26;2.20
2006-10-27;3.50
2006-10-31;4.20
2006-11-01;2.30
2006-11-02;3.20
2006-11-03;2.40
2006-11-04;2.50
2006-11-05;2.30
2006-11-06;2.90
2006-11-07;3.10
2006-11-08;3.00
2006-11-09;3.60
2006-11-10;2.70
2006-11-11;2.00
2006-11-12;1.50
2006-11-13;2.10
2006-11-14;2.40
2006-11-15;4.50
2006-11-16;4.30
2006-11-17;2.70
2006-11-18;4.70
2006-11-19;6.70
2006-11-20;7.10
2006-11-21;5.30
2006-11-22;4.90
2006-11-23;3.00
2006-11-24;4.20
2006-11-25;5.50
2006-11-26;6.60
2006-11-27;1.80
2006-11-28;2.60
2006-11-30;5.80
2006-12-02;4.90
2006-12-03;4.20
2007-02-28;5.00
2007-03-01;4.30
2007-03-02;3.50
2007-03-03;3.50
2007-03-04;5.00
2007-03-05;3.60
2007-03-06;4.50
2007-03-07;7.80
2007-03-08;10.80
2007-03-09;9.90
2007-03-10;8.90
2007-03-11;9.80
2007-03-12;6.70
2007-03-17;15.00
2007-03-18;14.10
2007-03-19;2.80
2007-03-21;5.00
2007-03-22;2.40
2007-03-23;3.60
2007-03-24;2.70
2007-03-25;2.80
2007-03-26;2.30
2007-03-27;1.90
2007-03-28;2.20
2007-03-29;2.60
2007-03-30;4.00
2007-03-31;7.80
2007-04-01;3.00
2007-04-02;2.20
2007-04-12;6.70
2007-04-13;6.90
2007-04-27;2.50
2007-05-03;3.10
2007-05-15;20.00
2007-05-16;40.70
2007-05-17;12.30
2007-05-18;26.50
2007-05-19;22.30
2007-05-20;11.30
2007-05-21;5.30
2007-05-22;2.60
2007-05-23;3.20
2007-05-24;3.10
2007-05-25;7.00
2007-05-26;10.40
2007-05-27;9.50
2007-05-28;5.80
2007-05-29;4.20
2007-05-30;3.30
2007-05-31;4.00
2007-06-01;4.20
2007-06-02;9.50
2007-06-03;10.50
2007-06-04;6.20
2007-06-13;5.50
2007-06-14;10.40
2007-06-15;10.30
2007-06-16;10.10
2007-06-17;7.50
2007-06-18;4.10
2007-06-19;6.00
2007-06-23;9.30
2007-06-24;4.70
2007-06-25;4.60
2007-06-26;8.70
2007-06-27;4.40
2007-06-28;2.60
2007-06-29;7.20
2007-06-30;10.80
2007-07-01;12.50
2007-07-02;14.20
2007-07-03;14.20
2007-07-04;3.00
2007-07-05;7.00
2007-07-06;8.20
2007-07-07;5.00
2007-07-08;5.70
2007-07-09;7.80
2007-07-10;8.80
2007-07-11;5.80
2007-07-12;6.10
2007-07-13;7.00
2007-07-14;4.00
2007-07-15;3.80
2007-07-16;2.60
2007-07-17;5.90
2007-07-18;6.40
2007-07-19;3.20
2007-07-20;2.80
2007-07-25;6.90
2007-07-26;14.00
2007-07-27;13.00
2007-07-28;12.10
2007-07-29;6.90
2007-07-30;3.30
2007-07-31;4.20
2007-08-01;4.40
2007-08-02;5.20
2007-08-03;7.80
2007-08-04;10.50
2007-08-05;7.90
2007-08-06;4.60
2007-08-07;6.80
2007-08-08;6.90
2007-08-09;8.50
2007-08-10;6.20
2007-08-11;9.30
2007-08-12;10.80
2007-08-13;6.00
2007-08-14;2.50
2007-08-15;2.20
2007-08-16;4.70
2007-08-17;10.90
2007-08-18;4.70
2007-08-19;6.80
2007-08-20;4.80
2007-08-21;5.50
2007-08-22;4.50
2007-08-23;2.50
2007-08-25;2.60
2007-08-26;3.20
2007-08-27;2.60
2007-08-28;2.90
2007-08-30;3.50
2007-08-31;5.40
2007-09-01;4.00
2007-09-02;5.40
2007-09-03;2.30
2007-09-04;2.90
2007-09-05;4.10
2007-09-06;8.70
2007-09-07;6.20
2007-09-08;3.30
2007-09-09;4.00
2007-09-10;4.00
2007-09-11;5.10
2007-09-12;7.70
2007-09-13;3.30
2007-09-14;2.60
2007-09-15;2.70
2007-09-16;2.30
2007-09-17;2.60
2007-09-18;2.40
2007-09-19;2.80
2007-09-22;5.10
2007-09-23;3.80
2007-09-24;3.40
2007-09-25;8.30
2007-09-26;3.80
2007-09-27;3.90
2007-09-29;8.60
2007-09-30;4.90
2007-10-01;3.90
2007-10-02;4.20
2007-10-03;4.50
2007-10-04;1.70
2007-10-05;2.30
2007-10-06;4.80
2007-10-07;5.50
2007-10-08;5.50
2007-10-09;2.70
2007-10-10;3.70
2007-10-11;4.80
2007-10-12;11.40
2007-10-13;8.00
2007-10-14;5.30
2007-10-15;7.70
2007-10-16;3.90
2007-10-17;2.70
2007-10-18;2.20
2007-10-19;2.20
2007-10-20;1.60
2007-10-21;1.90
2007-10-22;1.90
2007-10-23;2.10
2007-10-24;1.70
2007-10-25;1.10
2007-10-26;3.20
2007-10-27;2.00
2007-10-28;2.00
2007-10-29;4.30
2007-10-30;8.00
2007-10-31;13.80
2007-11-01;9.30
2007-11-10;7.30
2007-11-11;1.60
2007-11-12;3.40
2007-11-13;5.50
2007-11-14;9.20
2007-11-15;9.90
2007-11-16;11.40
2007-11-17;13.20
2007-11-18;6.80
2007-11-19;3.30
2007-11-20;1.80
2007-11-21;2.00
2007-11-22;4.20
2007-11-23;5.30
2007-11-24;3.40
2007-11-25;4.00
2007-11-26;3.70
2007-11-27;3.80
2007-11-28;3.80
2007-11-29;3.80
2007-11-30;4.10
2007-12-01;3.00
2007-12-02;3.50
2007-12-03;3.90
2007-12-04;4.10
2007-12-05;2.60
2007-12-06;3.00
2007-12-07;3.00
2007-12-08;4.20
2007-12-09;4.10
2007-12-10;4.10
2007-12-11;2.60
2007-12-12;4.80
2007-12-13;3.50
2007-12-15;3.30
2008-01-10;1.60
2008-01-16;1.90
2008-01-17;2.50
2008-01-18;3.50
2008-01-19;3.60
2008-01-20;2.70
2008-01-21;2.30
2008-01-22;1.30
2008-01-23;3.80
2008-01-25;2.10
2008-01-26;1.90
2008-01-29;3.90
2008-01-30;3.30
2008-01-31;3.60
2008-02-01;4.30
2008-02-02;3.40
2008-02-03;9.50
2008-02-04;9.20
2008-02-05;4.50
2008-02-06;2.90
2008-02-07;3.40
2008-02-08;3.50
2008-02-09;3.30
2008-02-10;2.70
2008-02-11;3.50
2008-02-12;3.70
2008-02-13;4.70
2008-02-14;5.00
2008-02-15;3.80
2008-02-16;2.70
2008-02-17;1.70
2008-02-18;3.00
2008-02-20;3.20
2008-02-21;2.50
2008-02-22;2.70
2008-02-23;2.90
2008-02-24;2.20
2008-02-25;1.90
2008-02-26;1.90
2008-02-27;2.30
2008-02-28;2.50
2008-02-29;2.90
2008-03-01;2.70
2008-03-02;2.70
2008-03-03;2.50
2008-03-04;2.90
2008-03-05;3.40
2008-03-06;3.20
2008-03-07;5.00
2008-03-08;4.70
2008-03-09;3.90
2008-03-10;3.80
2008-03-11;3.90
2008-03-12;2.70
2008-03-13;2.20
2008-03-14;2.30
2008-03-15;2.90
2008-03-16;3.50
2008-03-17;2.10
2008-03-18;4.70
2008-03-19;6.10
2008-03-20;6.60
2008-03-21;5.20
2008-03-22;3.70
2008-03-23;3.60
2008-03-24;4.70
2008-03-25;3.50
2008-03-26;3.20
2008-03-27;4.10
2008-03-28;4.40
2008-03-29;3.70
2008-03-30;3.30
2008-03-31;3.10
2008-04-01;8.30
2008-04-02;5.40
2008-04-03;5.90
2008-04-04;5.30
2008-04-05;4.00
2008-04-06;3.40
2008-04-08;3.20
2008-04-09;3.30
2008-04-10;2.60
2008-04-11;2.90
2008-04-12;3.00
2008-04-13;3.20
2008-04-14;2.60
2008-04-15;6.00
2008-04-16;4.00
2008-04-17;3.90
2008-04-18;3.70
2008-04-19;3.00
2008-04-20;3.10
2008-04-21;3.20
2008-04-22;7.10
2008-04-23;10.80
2008-04-24;8.90
2008-04-26;6.30
2008-04-27;5.90
2008-04-28;8.20
2008-04-29;9.10
2008-04-30;6.90
2008-05-01;4.60
2008-05-02;4.20
2008-05-03;4.90
2008-05-04;5.60
2008-05-05;5.20
2008-05-06;8.30
2008-05-07;18.50
2008-05-08;22.50
2008-05-09;26.30
2008-05-10;20.10
2008-05-11;9.10
2008-05-13;10.00
2008-05-14;6.40
2008-05-15;8.00
2008-05-16;8.10
2008-05-17;5.80
2008-05-18;3.60
2008-05-19;4.00
2008-05-20;3.00
2008-05-21;2.60
2008-05-22;2.30
2008-05-23;2.30
2008-05-24;5.00
2008-05-25;6.60
2008-05-26;4.50
2008-05-27;6.30
2008-05-28;5.30
2008-05-29;6.30
2008-05-30;3.70
2008-05-31;2.60
2008-06-01;1.70
2008-06-02;5.60
2008-06-03;3.00
2008-06-04;3.00
2008-06-05;2.50
2008-06-06;2.20
2008-06-07;3.10
2008-06-08;4.20
2008-06-09;3.60
2008-06-10;2.10
2008-06-11;1.60
2008-06-12;3.30
2008-06-13;6.80
2008-06-14;4.90
2008-06-15;10.80
2008-06-16;10.40
2008-06-17;6.30
2008-06-18;7.80
2008-06-19;6.00
2008-06-20;6.30
2008-06-21;6.70
2008-06-22;4.60
2008-06-23;4.60
2008-06-24;6.60
2008-06-25;5.20
2008-06-26;3.00
2008-06-27;4.00
2008-07-01;2.30
2008-07-02;2.80
2008-07-03;25.00
2008-07-08;6.40
2008-07-09;4.20
2008-07-10;3.20
2008-07-11;6.80
2008-07-12;7.20
2008-07-13;4.40
2008-07-14;4.50
2008-07-15;7.10
2008-07-16;6.30
2008-07-17;7.30
2008-07-18;3.80
2008-07-19;5.20
2008-07-20;6.30
2008-07-23;3.10
2008-07-24;2.70
2008-07-25;1.30
2008-07-26;2.80
2008-07-27;3.00
2008-07-28;2.80
2008-07-29;2.40
2008-07-30;5.40
2008-07-31;4.90
2008-08-01;3.00
2008-08-02;2.50
2008-08-03;4.30
2008-08-04;6.30
2008-08-05;3.40
2008-08-06;7.30
2008-08-07;5.30
2008-08-08;3.70
2008-08-09;5.70
2008-08-10;5.40
2008-08-11;7.80
2008-08-12;6.00
2008-08-13;4.90
2008-08-14;3.80
2008-08-15;3.70
2008-08-16;11.60
2008-08-19;3.30
2008-08-20;2.20
2008-08-21;4.30
2008-08-22;6.60
2008-08-23;4.30
2008-08-24;4.20
2008-08-25;3.60
2008-08-26;4.80
2008-08-28;3.40
2008-08-29;3.80
2008-08-30;3.80
2008-08-31;4.20
2008-09-01;4.90
2008-09-02;3.00
2008-09-03;3.80
2008-09-04;3.70
2008-09-05;3.90
2008-09-06;6.40
2008-09-07;12.20
2008-09-08;4.30
2008-09-09;2.00
2008-09-10;2.30
2008-09-11;2.60
2008-09-12;2.00
2008-09-13;3.00
2008-09-14;4.70
2008-09-15;4.10
2008-09-16;3.10
2008-09-17;5.10
2008-09-18;3.50
2008-09-19;2.50
2008-09-20;3.00
2008-09-21;1.30
2008-09-22;2.90
2008-09-23;2.30
2008-09-24;3.90
2008-09-25;4.40
2008-09-26;3.80
2008-09-27;3.00
2008-09-28;3.30
2008-09-29;3.50
2008-09-30;3.30
2008-10-03;2.30
2008-10-06;2.80
2008-10-09;3.10
2008-10-12;2.30
2008-10-18;3.90
2008-11-14;2.90
2008-11-17;2.90
2008-11-20;4.60
2008-11-23;3.40
2008-11-26;3.60
2008-11-29;2.90
2008-12-02;3.10
2008-12-05;3.30
2008-12-08;1.70
2008-12-11;3.70
2008-12-14;2.70
2008-12-17;3.80
2008-12-20;2.80
2008-12-23;3.60
2008-12-26;4.20
2008-12-29;2.90
2009-01-04;3.80
2009-01-07;3.00
2009-01-10;3.30
2009-01-13;3.00
2009-01-16;3.20
2009-02-03;2.60
2009-02-06;2.80
2009-02-09;2.70
2009-02-12;3.80
2009-02-15;2.80
2009-02-18;5.20
2009-02-21;4.00
2009-02-24;2.80
2009-02-27;3.00
2009-03-02;2.10
2009-03-05;2.20
2009-03-08;5.70
2009-03-11;4.90
2009-03-14;4.50
2009-03-17;5.20
2009-04-01;3.10
2009-04-04;3.40
2009-04-07;3.10
2009-04-10;2.70
2009-04-13;3.30
2009-04-16;2.90
2009-04-19;2.90
2009-04-22;3.70
2009-05-04;4.20
2009-05-07;4.70
2009-05-10;4.00
2009-05-13;3.40
2009-05-16;3.20
2009-05-19;9.10
2009-05-22;6.80
2009-05-25;6.50
2009-05-28;8.50
2009-05-31;2.10
2009-06-03;3.20
2009-06-06;3.10
2009-06-09;12.80
2009-06-12;3.40
2009-06-15;3.30
2009-06-18;2.70
2009-06-21;2.80
2009-06-24;4.20
2009-06-27;25.00
2009-07-09;6.90
2009-07-12;4.20
2009-07-15;12.30
2009-07-18;4.90
2009-07-24;10.00
2009-07-27;7.40
2009-07-30;4.20
2009-08-02;6.60
2009-08-05;9.80
2009-08-08;7.60
2009-08-11;7.60
2009-08-20;3.10
2009-08-23;5.70
2009-08-26;5.70
2009-08-29;2.50
2009-09-01;7.60
2009-09-04;2.40
2009-09-10;7.10
2009-09-13;3.50
2009-09-16;3.70
2009-09-19;2.00
2009-09-22;2.40
2009-09-25;7.60
2009-09-28;16.30
2009-10-01;1.90
2009-10-04;4.90
2009-10-07;13.00
2009-10-10;11.00
2009-10-16;4.40
2009-10-19;2.00
2009-10-22;3.00
2009-10-25;1.90
2009-10-28;2.10
2009-10-31;2.20
2009-11-03;3.40
2009-11-09;3.20
2009-11-12;1.90
2009-11-15;2.60
2009-11-21;3.40
2009-11-24;2.00
2009-11-27;4.80
2009-11-30;4.40
2009-12-03;2.20
2009-12-06;2.40
2009-12-09;2.20
2009-12-12;2.80
2009-12-15;3.80
2010-05-05;5.50
2010-05-08;3.40
2010-05-11;3.20
2010-05-20;5.00
2010-05-23;6.80
2010-05-26;13.20
2010-05-29;3.50
2010-06-01;15.50
2010-06-04;21.20
2010-06-07;11.00
2010-06-13;5.00
2010-06-19;3.40
2010-06-22;5.90
2010-06-25;5.00
2010-07-01;9.70
2010-07-04;5.70
2010-07-07;14.70
2010-07-10;7.80
2010-07-13;6.90
2010-07-16;5.60
2010-07-19;2.10
2010-07-22;6.10
2010-07-25;8.70
2010-07-28;3.00
2010-07-31;5.90
2010-08-03;4.20
2010-08-06;10.10
2010-08-09;3.40
2010-08-12;5.20
2010-08-15;7.60
2010-08-18;21.00
2010-08-24;17.50
2010-08-27;6.40
2010-12-22;5.90
2010-12-25;5.50
2010-12-28;4.60
2010-12-31;4.10
2011-01-03;2.50
2011-01-06;2.40
2011-01-09;3.20
2011-01-12;3.80
2011-01-15;4.50
2011-01-18;3.60
2011-01-21;3.50
2011-01-24;2.30
2011-01-27;2.90
2011-01-30;1.90
2011-02-02;2.30
2011-02-05;3.30
2011-02-14;3.40
2011-02-17;2.80
2011-02-20;2.50
2011-02-23;4.40
2011-02-26;3.80
2011-03-04;3.00
2011-03-07;2.90
2011-03-10;2.70
2011-03-13;2.50
2011-03-16;2.40
2011-03-19;2.20
2011-03-28;3.20
2011-03-31;4.70
2011-04-06;4.60
2011-04-30;5.10
2011-05-03;3.00
2011-05-06;7.10
2011-05-12;5.90
2011-05-15;4.20
2011-05-18;3.10
2011-05-21;2.00
2011-05-24;3.90
2011-05-27;9.70
2011-05-30;13.50
2011-06-02;12.20
2011-06-05;6.70
2011-06-08;6.20
2011-06-14;4.70
2011-06-16;6.20
2011-06-17;4.50
2011-06-20;4.80
2011-06-23;7.90
2011-06-26;6.60
2011-07-02;5.50
2011-07-05;6.20
2011-07-11;3.70
2011-07-14;5.80
2011-07-17;5.30
2011-07-20;5.40
2011-07-23;3.00
2011-07-26;4.20
2011-08-01;6.50
2011-08-04;19.00
2011-08-07;5.40
2011-08-10;4.80
2011-08-13;10.10
2011-08-16;7.50
2011-08-19;4.30
2011-08-28;3.30
2011-08-31;2.90
2011-09-03;1.90
2011-09-06;5.00
2011-09-09;7.50
2011-09-12;2.50
2011-09-15;8.00
2011-09-18;1.50
2011-09-21;3.30
2011-09-27;1.80
2011-09-30;2.50
2011-10-06;7.80
2011-10-09;1.80
2011-10-12;6.20
2011-10-15;4.80
2011-10-18;11.50
2011-10-21;2.30
2011-10-30;3.00
2011-11-02;2.70
2011-11-05;15.20
2011-11-08;7.10
2011-11-11;7.20
2011-11-14;2.70
2011-11-17;2.30
2011-11-20;3.50
2011-11-23;2.60
2011-11-26;1.50
2011-11-29;2.40
2011-12-02;2.30
2011-12-05;1.80
2011-12-08;2.90
2011-12-14;2.30
2011-12-26;2.30
2011-12-29;3.20
2012-01-01;3.20
2012-01-04;2.70
2012-01-07;2.40
2012-01-10;2.00
2012-01-13;3.30
2012-01-16;2.70
2012-01-19;2.40
2012-01-25;2.70
2012-01-28;2.50
2012-01-31;4.00
2012-02-03;3.50
2012-02-06;4.00
2012-02-09;4.00
2012-02-12;4.20
2012-02-15;2.80
2012-02-18;2.00
2012-02-21;2.20
2012-02-24;3.00
2012-02-27;4.30
2012-03-01;2.60
2012-03-04;4.10
2012-03-07;5.10
2012-03-10;4.60
2012-03-13;3.00
2012-03-16;3.30
2012-03-19;6.20
2012-03-22;2.60
2012-03-25;4.00
2012-03-28;10.00
2012-03-31;5.40
2012-04-03;6.80
2012-04-06;4.10
2012-04-09;2.90
2012-04-12;4.50
2012-04-15;6.10
2012-04-18;3.60
2012-04-21;3.80
2012-04-24;3.80
2012-04-27;2.70
2012-04-30;3.20
2012-05-03;2.40
2012-05-06;2.70
2012-05-09;4.20
2012-05-12;16.00
2012-05-15;4.00
2012-05-18;4.50
2012-05-21;8.90
2012-05-24;7.80
2012-05-30;12.70
