Date On;Bar Dust 
2002-05-03;6.95
2002-05-04;3.62
2002-05-06;0.26
2002-05-11;2.02
2002-05-12;0.59
2002-05-13;2.49
2002-05-14;7.14
2002-05-15;6.38
2002-05-16;7.35
2002-05-17;7.09
2002-05-18;3.86
2002-05-19;8.62
2002-05-20;25.12
2002-05-21;21.29
2002-05-22;20.39
2002-05-23;13.52
2002-05-24;10.48
2002-05-25;5.92
2002-05-26;34.31
2002-05-27;36.15
2002-05-28;31.94
2002-05-29;27.12
2002-05-30;9.43
2002-05-31;39.78
2002-06-01;27.42
2002-06-02;18.75
2002-06-03;26.35
2002-06-04;24.14
2002-06-05;13.47
2002-06-06;32.22
2002-06-07;32.01
2002-06-08;45.56
2002-06-09;40.63
2002-06-10;42.40
2002-06-11;8.44
2002-06-12;16.90
2002-06-13;19.68
2002-06-14;22.54
2002-06-15;10.35
2002-06-16;8.88
2002-06-17;11.67
2002-06-18;8.11
2002-06-19;8.83
2002-06-20;23.53
2002-06-21;23.33
2002-06-22;27.44
2002-06-23;64.06
2002-06-24;24.69
2002-06-25;33.52
2002-06-26;28.02
2002-06-27;33.17
2002-06-28;78.95
2002-06-29;37.35
2002-06-30;27.59
2002-07-01;10.68
2002-07-02;26.91
2002-07-03;37.30
2002-07-04;40.30
2002-07-05;14.21
2002-07-06;4.28
2002-07-07;22.57
2002-07-08;41.58
2002-07-09;21.42
2002-07-10;6.22
2002-07-11;18.13
2002-07-12;10.65
2002-07-13;4.38
2002-07-14;15.00
2002-07-15;8.10
2002-07-16;8.62
2002-07-17;11.52
2002-07-18;24.77
2002-07-19;17.44
2002-07-20;2.23
2002-07-21;1.68
2002-07-22;11.81
2002-07-23;18.85
2002-07-24;13.72
2002-07-25;21.35
2002-07-28;3.39
2002-07-29;26.26
2002-07-30;47.46
2002-07-31;39.36
2002-08-01;45.19
2002-08-04;9.78
2002-08-05;15.02
2002-08-06;23.62
2002-08-07;27.77
2002-08-08;55.60
2002-08-09;45.23
2002-08-10;20.63
2002-08-11;13.60
2002-08-12;44.87
2002-08-13;14.13
2002-08-14;4.11
2002-08-15;21.24
2002-08-16;11.26
2002-08-17;11.62
2002-08-18;2.18
2002-08-19;6.53
2002-08-20;9.95
2002-08-21;15.76
2002-08-22;14.02
2002-08-23;9.88
2002-08-24;6.39
2002-08-25;4.09
2002-08-26;3.99
2002-08-27;10.50
2002-08-28;9.92
2002-08-29;8.06
2002-08-30;1.59
2002-08-31;21.67
2002-09-01;9.87
2002-09-02;23.34
2002-09-03;16.42
2002-09-04;21.68
2002-09-05;34.92
2002-09-06;11.82
2002-09-07;12.46
2002-09-08;32.02
2002-09-09;33.78
2002-09-10;13.99
2002-09-11;2.93
2002-09-12;3.39
2002-09-13;4.14
2002-09-14;10.44
2002-09-15;31.69
2002-09-16;21.39
2002-09-17;51.56
2002-09-19;1.87
2002-09-20;2.30
2002-09-21;6.69
2002-09-23;6.28
2002-09-24;55.47
2002-09-25;27.72
2002-09-27;14.29
2002-09-28;3.63
2002-09-29;50.31
2002-09-30;45.09
2002-10-01;5.49
2002-10-02;95.97
2002-10-03;5.62
2002-10-04;12.11
2002-10-05;21.82
2002-10-06;17.98
2002-10-07;10.77
2002-10-08;9.71
2002-10-09;32.72
2002-10-10;20.75
2002-10-11;16.01
2002-10-12;3.08
2002-10-13;14.09
2002-10-14;19.39
2002-10-15;6.93
2002-10-16;7.06
2002-10-17;2.12
2002-10-18;2.07
2002-10-19;2.01
2002-10-20;1.07
2002-10-21;1.12
2002-10-22;20.58
2002-10-23;0.09
2002-10-24;12.80
2002-10-25;1.21
2002-10-26;1.70
2002-10-27;29.09
2002-10-28;35.95
2002-10-29;24.44
2002-10-30;24.49
2002-10-31;17.47
2002-11-01;2.94
2002-11-02;35.86
2002-11-03;35.18
2002-11-04;19.69
2002-11-05;33.71
2002-11-06;25.44
2002-11-07;17.86
2002-11-08;80.17
2002-11-09;15.46
2002-11-10;26.44
2002-11-11;13.83
2002-11-12;11.15
2002-11-13;17.42
2002-11-15;22.21
2002-11-16;6.58
2002-11-17;4.85
2002-11-18;5.51
2002-11-19;2.77
2002-11-20;2.93
2002-11-21;3.54
2002-11-22;1.20
2002-11-23;1.64
2002-11-24;6.25
2002-11-25;15.31
2002-11-26;1.39
2002-11-27;2.34
2002-11-28;3.97
2002-11-29;2.34
2002-11-30;6.57
2002-12-01;3.43
2002-12-02;3.61
2002-12-03;15.64
2002-12-04;24.40
2002-12-05;13.10
2002-12-06;1.40
2002-12-07;1.90
2002-12-08;3.91
2002-12-09;0.78
2002-12-10;1.54
2002-12-11;1.33
2002-12-12;1.44
2002-12-13;1.04
2002-12-16;0.66
2002-12-20;6.16
2002-12-21;14.18
2002-12-22;5.44
2002-12-23;6.12
2002-12-24;6.23
2002-12-25;1.10
2002-12-26;2.67
2002-12-27;10.70
2002-12-28;19.13
2002-12-29;12.95
2002-12-30;12.60
2002-12-31;11.27
2003-01-01;4.41
2003-01-02;1.59
2003-01-03;2.72
2003-01-04;4.71
2003-01-05;4.00
2003-01-06;7.87
2003-01-07;9.36
2003-01-08;10.57
2003-01-09;5.88
2003-01-10;2.29
2003-01-11;1.78
2003-01-12;1.74
2003-01-13;1.55
2003-01-14;0.29
2003-01-15;1.86
2003-01-16;0.24
2003-01-17;0.92
2003-01-18;2.20
2003-01-19;1.54
2003-01-20;2.77
2003-01-21;3.39
2003-01-22;1.78
2003-01-23;2.56
2003-01-24;6.59
2003-01-25;8.83
2003-01-26;4.16
2003-01-27;1.49
2003-01-28;1.12
2003-01-29;2.88
2003-01-30;1.35
2003-01-31;9.81
2003-02-01;72.85
2003-02-02;34.54
2003-02-03;16.60
2003-02-04;11.55
2003-02-05;3.03
2003-02-06;1.01
2003-02-07;1.20
2003-02-08;1.38
2003-02-09;1.32
2003-02-10;1.51
2003-02-11;1.21
2003-02-12;0.93
2003-02-13;1.10
2003-02-14;1.46
2003-02-15;1.05
2003-02-17;2.02
2003-02-18;1.29
2003-02-19;0.74
2003-02-20;1.64
2003-02-21;1.64
2003-02-22;1.20
2003-02-23;1.14
2003-02-24;0.54
2003-02-25;3.20
2003-02-26;3.84
2003-02-27;3.97
2003-02-28;2.74
2003-03-01;3.69
2003-03-02;4.59
2003-03-03;5.35
2003-03-04;4.66
2003-03-06;0.98
2003-03-07;6.27
2003-03-08;65.84
2003-03-09;49.03
2003-03-10;52.09
2003-03-11;27.63
2003-03-12;26.54
2003-03-13;19.51
2003-03-14;17.87
2003-03-16;17.71
2003-03-17;4.99
2003-03-18;2.91
2003-03-19;3.54
2003-03-20;2.49
2003-03-21;1.91
2003-03-22;2.50
2003-03-23;2.79
2003-03-24;8.40
2003-03-25;28.27
2003-03-26;12.08
2003-03-27;2.41
2003-03-28;3.01
2003-03-29;1.46
2003-03-30;0.81
2003-03-31;0.94
2003-04-01;1.56
2003-04-02;6.88
2003-04-03;7.06
2003-04-04;17.46
2003-04-05;21.48
2003-04-06;14.63
2003-04-07;6.90
2003-04-08;2.15
2003-04-09;0.29
2003-04-10;1.00
2003-04-11;0.46
2003-04-13;0.49
2003-04-14;0.19
2003-04-16;3.02
2003-04-17;2.85
2003-04-18;2.66
2003-04-19;0.64
2003-04-20;0.86
2003-04-23;1.37
2003-04-24;4.05
2003-04-25;10.36
2003-04-26;15.61
2003-04-27;22.91
2003-04-28;7.43
2003-04-29;1.14
2003-04-30;13.86
2003-05-01;20.42
2003-05-02;14.80
2003-05-03;12.04
2003-05-04;17.18
2003-05-05;60.43
2003-05-06;44.81
2003-05-07;39.25
2003-05-08;42.62
2003-05-09;15.57
2003-05-10;11.94
2003-05-11;14.14
2003-05-12;34.61
2003-05-13;29.07
2003-05-14;21.10
2003-05-15;18.82
2003-05-16;17.88
2003-05-17;14.06
2003-05-18;24.43
2003-05-19;27.53
2003-05-20;26.27
2003-05-22;5.19
2003-05-23;21.85
2003-05-24;15.51
2003-05-25;9.16
2003-05-26;43.69
2003-05-27;60.30
2003-05-28;64.26
2003-05-29;58.09
2003-05-30;61.90
2003-05-31;49.89
2003-06-01;12.31
2003-06-02;4.40
2003-06-03;3.34
2003-06-04;4.77
2003-06-05;10.21
2003-06-06;3.18
2003-06-07;14.04
2003-06-08;17.48
2003-06-09;6.77
2003-06-10;9.65
2003-06-11;20.06
2003-06-12;30.36
2003-06-13;10.21
2003-06-14;51.74
2003-06-15;19.07
2003-06-16;38.52
2003-06-17;30.80
2003-06-18;49.05
2003-06-19;26.15
2003-06-22;30.93
2003-06-23;32.19
2003-06-24;37.42
2003-06-25;21.19
2003-06-26;1.41
2003-06-29;32.32
2003-06-30;28.94
2003-07-01;30.21
2003-07-02;16.86
2003-07-03;10.90
2003-07-06;9.81
2003-07-07;4.22
2003-07-08;26.58
2003-07-09;7.02
2003-07-10;5.25
2003-07-13;58.79
2003-07-16;10.43
2003-07-17;40.15
2003-07-18;19.87
2003-07-19;10.44
2003-07-20;6.29
2003-07-21;10.67
2003-07-22;20.87
2003-07-23;17.95
2003-07-24;28.51
2003-07-25;23.54
2003-07-26;18.82
2003-07-27;10.17
2003-07-28;50.28
2003-07-29;63.90
2003-07-30;59.39
2003-08-06;2.22
2003-08-07;3.29
2003-08-08;6.15
2003-08-09;42.13
2003-08-10;35.59
2003-08-11;39.55
2003-08-12;7.42
2003-08-13;5.95
2003-08-14;8.04
2003-08-15;22.42
2003-08-16;35.03
2003-08-17;14.98
2003-08-18;5.07
2003-08-19;13.72
2003-08-21;1.07
2003-08-22;9.44
2003-08-23;1.87
2003-08-26;38.58
2003-08-27;12.80
2003-08-28;0.63
2003-08-31;11.20
2003-09-01;6.79
2003-09-03;3.44
2003-09-04;41.30
2003-09-05;21.56
2003-09-06;11.09
2003-09-07;21.73
2003-09-08;41.00
2003-09-09;30.68
2003-09-10;8.30
2003-09-15;6.69
2003-09-16;7.67
2003-09-17;6.87
2003-09-23;9.73
2003-09-24;50.05
2003-09-25;39.70
2003-09-26;67.64
2003-09-27;61.75
2003-09-28;52.13
2003-09-29;70.99
2003-09-30;38.71
2003-10-01;2.33
2003-10-06;0.17
2003-10-08;23.86
2003-10-09;149.51
2003-10-10;75.60
2003-10-11;68.15
2003-10-12;37.74
2003-10-13;7.99
2003-10-14;17.51
2003-10-15;29.72
2003-10-16;29.68
2003-10-17;1.19
2003-10-18;6.28
2003-10-20;1.13
2003-11-07;6.93
2003-11-08;8.69
2003-11-10;11.59
2003-11-16;17.26
2003-11-17;32.27
2003-11-18;19.59
2003-11-19;6.76
2003-11-21;3.58
2003-11-23;2.43
2003-12-05;0.80
2003-12-06;1.24
2003-12-07;2.14
2003-12-08;1.99
2003-12-09;2.07
2003-12-15;2.09
2003-12-16;2.15
2003-12-17;0.61
2003-12-20;2.96
2003-12-22;0.14
2004-01-01;1.39
2004-01-02;1.00
2004-01-03;0.70
2004-01-05;1.91
2004-01-06;1.87
2004-01-08;0.05
2004-01-12;0.28
2004-01-14;10.00
2004-01-15;9.74
2004-01-16;3.15
2004-01-17;1.78
2004-01-18;1.06
2004-01-19;1.48
2004-01-20;0.91
2004-01-21;1.21
2004-01-22;1.07
2004-01-23;0.11
2004-01-24;0.22
2004-01-26;0.85
2004-01-27;0.73
2004-01-28;2.04
2004-01-29;2.12
2004-01-30;0.88
2004-01-31;3.42
2004-02-02;2.77
2004-02-03;4.39
2004-02-04;1.47
2004-02-05;2.32
2004-02-06;1.72
2004-02-07;1.18
2004-02-08;0.72
2004-02-09;1.93
2004-02-10;0.91
2004-02-11;1.05
2004-02-12;1.25
2004-02-13;0.56
2004-02-14;1.33
2004-02-15;0.77
2004-02-16;0.31
2004-02-17;4.28
2004-02-18;20.95
2004-02-19;22.63
2004-02-20;5.65
2004-02-21;0.53
2004-02-23;0.47
2004-02-24;0.62
2004-02-25;1.20
2004-02-26;1.29
2004-02-27;1.33
2004-02-29;0.24
2004-03-01;0.17
2004-03-02;1.00
2004-03-03;0.35
2004-03-04;1.57
2004-03-05;0.34
2004-03-06;1.78
2004-03-07;0.98
2004-03-08;12.03
2004-03-09;11.47
2004-03-10;16.46
2004-03-11;48.62
2004-03-12;29.93
2004-03-13;19.10
2004-03-14;21.18
2004-03-15;33.08
2004-03-16;42.39
2004-03-17;3.47
2004-03-18;1.59
2004-03-19;5.67
2004-03-20;1.86
2004-03-21;1.43
2004-03-22;9.89
2004-03-23;34.87
2004-03-24;36.83
2004-03-25;7.25
2004-03-26;3.29
2004-03-27;2.58
2004-03-28;21.99
2004-03-29;41.33
2004-03-31;14.55
2004-04-01;8.00
2004-04-02;4.63
2004-04-03;3.16
2004-04-04;1.89
2004-04-05;1.91
2004-04-06;1.33
2004-04-07;3.47
2004-04-09;16.82
2004-04-10;15.22
2004-04-11;16.44
2004-04-12;1.66
2004-04-13;1.43
2004-04-14;1.71
2004-04-15;5.93
2004-04-16;7.42
2004-04-17;2.91
2004-04-19;1.48
2004-04-20;1.16
2004-04-21;1.86
2004-04-22;0.85
2004-04-23;1.78
2004-04-24;1.66
2004-04-25;5.90
2004-04-26;4.02
2004-04-27;3.07
2004-04-28;7.55
2004-04-29;2.40
2004-04-30;2.37
2004-05-01;2.08
2004-05-02;2.03
2004-05-03;2.08
2004-05-04;3.65
2004-05-05;1.56
2004-05-06;9.25
2004-05-07;15.11
2004-05-08;17.94
2004-05-09;12.65
2004-05-10;8.72
2004-05-11;9.79
2004-05-12;12.94
2004-05-13;5.47
2004-05-14;2.90
2004-05-15;11.21
2004-05-16;10.41
2004-05-17;10.12
2004-05-18;7.32
2004-05-19;3.11
2004-05-20;7.85
2004-05-21;7.05
2004-05-22;2.58
2004-05-23;18.58
2004-05-24;18.98
2004-05-25;8.68
2004-05-26;6.10
2004-05-27;9.48
2004-05-28;16.22
2004-05-29;16.47
2004-05-30;18.40
2004-05-31;22.45
2004-06-01;13.91
2004-06-02;2.03
2004-06-03;13.73
2004-06-04;56.38
2004-06-05;61.76
2004-06-06;22.01
2004-06-07;25.89
2004-06-08;8.34
2004-06-09;42.49
2004-06-10;25.59
2004-06-11;74.80
2004-06-12;56.18
2004-06-13;77.01
2004-06-14;35.31
2004-06-15;12.29
2004-06-16;5.46
2004-06-17;39.93
2004-06-18;46.77
2004-06-19;33.53
2004-06-20;11.47
2004-06-21;25.27
2004-06-22;24.50
2004-06-23;70.78
2004-06-24;35.74
2004-06-25;10.50
2004-06-26;18.16
2004-06-27;30.35
2004-06-28;31.02
2004-06-29;8.68
2004-06-30;15.67
2004-07-01;28.27
2004-07-02;32.91
2004-07-03;12.61
2004-07-04;38.01
2004-07-05;29.96
2004-07-06;34.11
2004-07-07;67.84
2004-07-08;55.86
2004-07-09;39.02
2004-07-10;12.45
2004-07-11;27.08
2004-07-12;16.80
2004-07-13;9.38
2004-07-14;16.00
2004-07-15;24.04
2004-07-16;33.66
2004-07-17;35.39
2004-07-18;14.23
2004-07-19;26.49
2004-07-20;19.59
2004-07-21;29.76
2004-07-22;3.59
2004-07-23;5.39
2004-07-24;9.03
2004-07-25;9.88
2004-07-26;14.30
2004-07-27;11.81
2004-07-28;11.14
2004-07-29;7.87
2004-07-30;18.28
2004-07-31;42.86
2004-08-01;42.54
2004-08-02;40.54
2004-08-03;28.36
2004-08-04;6.56
2004-08-05;47.59
2004-08-06;59.28
2004-08-07;39.80
2004-08-08;26.77
2004-08-09;24.02
2004-08-10;16.99
2004-08-11;16.15
2004-08-12;12.59
2004-08-13;8.11
2004-08-14;5.53
2004-08-15;12.30
2004-08-16;19.91
2004-08-17;4.60
2004-08-18;17.15
2004-08-19;10.98
2004-08-26;25.14
2004-08-27;11.69
2004-08-28;5.67
2004-08-29;0.97
2004-08-31;4.02
2004-09-02;3.53
2004-09-05;9.10
2004-09-10;10.28
2004-09-12;9.35
2004-09-14;0.40
2004-09-15;2.86
2004-09-16;7.26
2004-09-17;3.73
2004-09-18;3.08
2004-09-19;43.56
2004-09-20;13.94
2004-09-21;0.00
2004-09-26;5.09
2004-09-27;1.27
2004-09-28;1.41
2004-09-29;1.06
2004-09-30;0.10
2004-10-01;8.11
2004-10-02;10.85
2004-10-03;13.77
2004-10-04;4.97
2004-10-05;1.58
2004-10-09;1.51
2004-10-11;1.98
2004-10-12;1.11
2004-10-13;7.38
2004-10-14;11.51
2004-10-15;14.98
2004-10-16;10.97
2004-10-17;6.64
2004-10-18;2.14
2004-10-19;6.96
2004-10-20;1.02
2004-10-24;0.91
2004-10-25;10.51
2004-10-26;11.73
2004-10-27;16.39
2004-10-28;15.43
2004-10-29;11.98
2004-10-30;2.33
2004-10-31;10.18
2004-11-01;31.81
2004-11-02;31.74
2004-11-03;34.11
2004-11-04;16.83
2004-11-05;10.72
2004-11-06;5.36
2004-11-07;4.03
2004-11-08;5.19
2004-11-15;5.73
2004-11-16;4.25
2004-11-17;1.13
2004-11-18;4.25
2004-11-19;0.82
2004-11-20;1.82
2004-11-21;0.33
2004-11-22;4.15
2004-11-23;2.35
2004-11-24;0.94
2004-11-25;1.96
2004-11-26;2.81
2004-11-27;0.77
2004-11-29;0.47
2004-11-30;1.19
2004-12-01;0.20
2004-12-02;1.52
2004-12-03;1.37
2004-12-04;4.47
2004-12-05;6.77
2004-12-06;1.04
2004-12-07;0.52
2004-12-08;0.21
2004-12-10;0.27
2004-12-23;0.16
2004-12-25;0.36
2005-01-01;0.88
2005-01-02;1.22
2005-01-03;1.11
2005-01-04;2.18
2005-01-05;2.52
2005-01-06;6.58
2005-01-07;14.54
2005-01-08;5.13
2005-01-09;4.42
2005-01-10;12.65
2005-01-11;18.58
2005-01-12;52.65
2005-01-13;28.32
2005-01-14;14.85
2005-01-15;9.07
2005-01-16;0.78
2005-01-18;3.44
2005-01-19;1.34
2005-01-20;1.23
2005-01-21;2.50
2005-01-22;1.56
2005-01-23;0.71
2005-01-24;1.09
2005-01-25;0.60
2005-01-26;0.57
2005-01-27;1.69
2005-01-28;1.06
2005-01-29;1.06
2005-01-30;1.05
2005-01-31;0.69
2005-02-01;2.61
2005-02-02;2.26
2005-02-03;1.84
2005-02-04;3.52
2005-02-05;0.83
2005-02-06;1.83
2005-02-08;12.43
2005-02-09;11.55
2005-02-11;3.07
2005-02-14;0.41
2005-02-15;0.32
2005-02-19;0.18
2005-02-20;0.69
2005-02-21;0.31
2005-02-22;0.51
2005-02-23;1.00
2005-02-24;0.57
2005-02-25;0.87
2005-02-26;0.26
2005-02-27;0.40
2005-02-28;0.67
2005-03-01;0.70
2005-03-02;0.31
2005-03-03;0.29
2005-03-08;0.28
2005-03-09;0.15
2005-03-10;0.50
2005-03-13;1.01
2005-03-14;0.79
2005-03-16;0.24
2005-03-17;0.22
2005-03-21;22.44
2005-03-22;23.08
2005-03-23;5.92
2005-03-25;0.28
2005-03-27;0.44
2005-03-28;0.49
2005-03-29;0.00
2005-03-30;13.51
2005-03-31;17.17
2005-04-01;20.61
2005-04-02;25.85
2005-04-03;29.01
2005-04-04;34.18
2005-04-05;33.94
2005-04-06;29.44
2005-04-07;37.22
2005-04-08;29.12
2005-04-09;21.08
2005-04-10;25.26
2005-04-11;21.09
2005-04-12;29.97
2005-04-13;42.53
2005-04-14;29.45
2005-04-15;15.79
2005-04-16;1.57
2005-04-17;0.06
2005-04-18;3.05
2005-04-19;3.09
2005-04-20;3.53
2005-04-25;11.06
2005-04-26;1.42
2005-04-27;1.43
2005-04-28;1.51
2005-04-30;2.72
2005-05-02;1.84
2005-05-03;1.81
2005-05-04;1.68
2005-05-05;10.20
2005-05-06;3.74
2005-05-07;3.97
2005-05-08;6.20
2005-05-09;4.88
2005-05-11;10.87
2005-05-12;10.74
2005-05-13;21.04
2005-05-14;0.92
2005-05-15;26.76
2005-05-16;10.89
2005-05-17;43.52
2005-05-18;37.81
2005-05-19;20.33
2005-05-24;8.51
2005-05-25;61.26
2005-05-26;30.59
2005-05-27;94.35
2005-05-28;80.21
2005-05-29;54.09
2005-05-30;75.82
2005-05-31;68.21
2005-06-01;45.19
2005-06-02;38.10
2005-06-03;23.80
2005-06-04;6.10
2005-06-05;17.12
2005-06-06;15.42
2005-06-07;1.45
2005-06-08;10.92
2005-06-09;16.89
2005-06-10;10.18
2005-06-13;9.07
2005-06-14;1.16
2005-06-15;0.89
2005-06-16;46.74
2005-06-17;61.73
2005-06-18;52.96
2005-06-19;73.92
2005-06-20;10.81
2005-06-21;2.08
2005-06-23;11.63
2005-06-24;37.60
2005-06-25;15.74
2005-06-26;3.76
2005-06-27;13.77
2005-06-28;19.28
2005-06-29;29.94
2005-06-30;56.60
2005-07-01;37.91
2005-07-02;23.89
2005-07-03;29.06
2005-07-04;4.87
2005-07-05;1.66
2005-07-06;27.87
2005-07-07;8.47
2005-07-08;20.47
2005-07-10;12.95
2005-07-11;6.39
2005-07-12;11.07
2005-07-13;1.48
2005-07-14;16.56
2005-07-15;21.09
2005-07-16;5.26
2005-07-17;17.24
2005-07-18;0.96
2005-07-19;2.83
2005-07-20;40.03
2005-07-21;11.80
2005-07-22;13.45
2005-07-23;52.14
2005-07-24;51.31
2005-07-25;81.39
2005-07-26;34.72
2005-07-27;56.47
2005-07-28;35.26
2005-07-30;4.45
2005-07-31;7.04
2005-08-02;15.62
2005-08-03;26.36
2005-08-04;53.33
2005-08-05;54.51
2005-08-06;4.83
2005-08-07;5.35
2005-08-10;2.38
2005-08-11;1.52
2005-08-13;48.26
2005-08-14;40.33
2005-08-15;42.02
2005-08-16;14.04
2005-09-10;0.49
2005-09-11;39.29
2005-09-12;92.72
2005-09-13;83.88
2005-09-14;88.15
2005-09-17;16.25
2005-09-23;26.09
2005-09-24;8.51
2005-09-25;55.20
2005-09-26;64.94
2005-09-27;45.36
2005-09-28;35.31
2005-09-29;26.25
2005-09-30;3.25
2005-10-01;1.81
2005-10-02;2.90
2005-10-03;2.29
2005-10-09;0.69
2005-10-10;0.53
2005-10-11;6.38
2005-10-12;6.35
2005-10-13;6.43
2005-10-16;3.76
2005-10-17;15.75
2005-10-18;9.31
2005-10-19;5.63
2005-10-20;2.36
2005-10-21;14.72
2005-10-22;21.33
2005-10-23;32.18
2005-10-24;25.74
2005-10-25;22.71
2005-10-26;3.46
2005-10-27;38.45
2005-10-28;24.65
2005-10-29;15.91
2005-10-30;3.07
2005-10-31;11.05
2005-11-01;5.30
2005-11-02;1.90
2005-11-03;6.13
2005-11-04;16.72
2005-11-05;2.34
2005-11-11;198.12
2005-11-14;10.54
2005-11-15;6.27
2005-11-16;1.43
2005-11-17;2.41
2005-11-18;3.10
2005-11-19;2.47
2005-11-20;0.20
2005-11-21;2.37
2005-11-23;0.40
2005-11-24;0.66
2005-11-25;0.99
2005-11-27;0.15
2005-11-28;1.22
2005-11-29;0.36
2005-11-30;0.07
2005-12-02;1.27
2005-12-03;1.56
2005-12-04;6.51
2005-12-05;2.48
2005-12-06;10.41
2005-12-07;0.16
2005-12-08;0.20
2005-12-09;0.14
2005-12-10;0.65
2005-12-11;0.44
2005-12-12;1.12
2005-12-14;0.64
2005-12-15;0.48
2006-01-04;2.73
2006-01-05;2.60
2006-01-06;2.66
2006-01-07;2.59
2006-01-08;4.55
2006-01-09;2.18
2006-01-10;9.01
2006-01-11;1.61
2006-01-12;2.10
2006-01-13;1.84
2006-01-14;1.98
2006-01-15;1.93
2006-01-16;2.95
2006-01-17;1.53
2006-01-18;1.42
2006-01-19;2.61
2006-01-20;1.46
2006-01-21;9.93
2006-01-22;1.72
2006-01-23;3.46
2006-01-31;1.75
2006-02-09;0.67
2006-02-14;1.08
2006-02-23;0.76
2006-03-07;3.53
2006-03-08;5.56
2006-03-12;0.47
2006-03-13;25.12
2006-03-14;82.77
2006-03-15;11.88
2006-03-16;23.03
2006-03-19;138.46
2006-03-20;201.73
2006-03-21;148.45
2006-03-22;85.51
2006-03-23;17.32
2006-03-26;50.58
2006-03-27;36.87
2006-03-30;37.88
2006-04-02;8.68
2006-04-03;6.97
2006-04-04;15.09
2006-04-05;15.40
2006-04-06;33.85
2006-04-09;2.37
2006-04-10;2.65
2006-04-11;2.54
2006-04-12;10.78
2006-04-13;6.87
2006-04-18;6.43
2006-04-19;16.52
2006-04-23;0.80
2006-04-24;0.96
2006-04-25;1.70
2006-04-30;1.96
2006-05-01;4.53
2006-05-02;1.80
2006-05-03;2.39
2006-05-07;1.02
2006-05-08;0.69
2006-05-09;0.35
2006-05-10;8.70
2006-05-11;4.41
2006-05-15;15.51
2006-05-16;25.75
2006-05-17;19.60
2006-05-18;20.15
2006-05-21;14.90
2006-05-22;10.68
2006-05-23;7.79
2006-05-24;2.40
2006-05-25;15.54
2006-05-28;15.07
2006-06-01;8.81
2006-06-06;64.92
2006-06-07;36.09
2006-06-08;46.29
2006-06-11;42.26
2006-06-12;13.62
2006-06-13;38.49
2006-06-14;35.46
2006-06-15;19.69
2006-06-18;9.24
2006-06-19;45.07
2006-06-20;64.47
2006-06-21;38.91
2006-06-22;16.13
2006-06-25;11.63
2006-06-26;32.04
2006-06-27;12.49
2006-06-28;5.54
2006-06-29;19.96
2006-07-02;10.24
2006-07-03;36.99
2006-07-04;42.84
2006-07-05;48.44
2006-07-06;11.07
2006-07-09;34.23
2006-07-10;34.99
2006-07-11;14.36
2006-07-12;12.42
2006-07-13;33.00
2006-07-16;18.88
2006-07-17;5.84
2006-07-18;34.91
2006-07-19;36.74
2006-07-20;4.56
2006-07-23;40.78
2006-07-24;57.75
2006-07-25;23.76
2006-07-26;8.62
2006-07-27;71.23
2006-07-30;31.03
2006-08-01;11.78
2006-08-02;21.33
2006-08-03;19.31
2006-08-06;5.21
2006-08-07;14.69
2006-08-08;36.33
2006-08-09;6.60
2006-08-10;21.84
2006-08-13;20.73
2006-08-14;8.21
2006-08-15;12.50
2006-08-16;48.52
2006-08-17;27.81
2006-08-20;34.05
2006-08-21;24.80
2006-08-22;40.29
2006-08-23;51.17
2006-08-27;3.09
2006-08-28;16.78
2006-08-29;23.69
2006-08-30;19.68
2006-08-31;12.05
2006-09-03;29.89
2006-09-04;34.33
2006-09-05;57.98
2006-09-07;22.43
2006-09-10;6.68
2006-09-11;23.50
2006-09-12;48.43
2006-09-13;9.12
2006-09-14;37.93
2006-09-17;67.95
2006-09-20;18.49
2006-09-21;13.25
2006-09-24;9.29
2006-09-25;43.11
2006-09-26;18.47
2006-09-27;30.00
2006-09-28;47.22
2006-10-01;2.98
2006-10-02;5.51
2006-10-03;0.90
2006-10-04;0.67
2006-10-05;0.66
2006-10-08;14.93
2006-10-09;6.62
2006-10-10;0.88
2006-10-12;17.20
2006-10-15;4.26
2006-10-16;5.87
2006-10-17;3.31
2006-10-22;6.07
2006-10-23;4.31
2006-10-24;4.90
2006-10-26;11.46
2006-10-29;3.84
2006-10-30;0.52
2006-10-31;0.45
2006-11-01;0.87
2006-11-02;0.74
2006-11-05;0.34
2006-11-06;0.56
2006-11-07;0.50
2006-11-08;0.20
2006-11-09;0.73
2006-11-12;0.17
2006-11-13;0.28
2006-11-14;0.32
2006-11-15;0.76
2006-11-16;1.19
2006-11-19;1.14
2006-11-20;15.95
2006-11-21;5.61
2006-11-22;1.12
2006-11-23;1.41
2006-11-26;1.90
2006-11-27;11.73
2006-11-28;22.46
2006-11-29;10.77
2006-12-03;3.34
2006-12-05;6.40
2006-12-10;3.33
2006-12-11;4.05
2006-12-12;1.71
2006-12-13;1.16
2006-12-14;1.02
2006-12-17;1.09
2006-12-18;1.22
2006-12-19;1.23
2006-12-21;0.52
2006-12-24;1.56
2006-12-25;0.73
2006-12-26;1.90
2006-12-27;4.81
2006-12-28;0.98
2006-12-31;4.47
2007-01-01;11.02
2007-01-02;5.20
2007-01-03;0.34
2007-01-04;1.16
2007-01-07;37.61
2007-01-08;43.91
2007-01-11;1.22
2007-01-14;0.73
2007-01-15;0.64
2007-01-16;1.12
2007-01-17;28.75
2007-01-18;22.65
2007-01-21;1.85
2007-01-22;0.28
2007-01-23;1.00
2007-01-24;1.18
2007-01-25;2.43
2007-01-28;7.12
2007-01-29;11.05
2007-01-30;0.79
2007-01-31;0.62
2007-02-01;0.33
2007-02-07;0.32
2007-02-08;0.06
2007-02-11;1.84
2007-02-12;2.08
2007-02-13;0.35
2007-02-14;4.95
2007-02-15;4.21
2007-02-18;1.44
2007-02-19;15.62
2007-02-20;8.11
2007-02-21;0.72
2007-02-22;0.78
2007-02-25;18.44
2007-02-26;13.85
2007-02-27;3.53
2007-02-28;2.08
2007-03-01;4.22
2007-03-04;10.19
2007-03-05;9.31
2007-03-06;66.11
2007-03-07;37.48
2007-03-08;33.55
2007-03-11;32.46
2007-03-12;46.86
2007-03-14;2.20
2007-03-15;11.71
2007-03-18;5.35
2007-03-19;3.37
2007-03-20;16.31
2007-03-21;2.38
2007-03-22;1.55
2007-03-25;3.04
2007-03-26;2.18
2007-03-27;0.89
2007-03-28;1.26
2007-03-29;5.30
2007-04-01;2.21
2007-04-02;1.61
2007-04-03;0.53
2007-04-04;6.45
2007-04-05;15.28
2007-04-08;4.66
2007-04-09;4.17
2007-04-10;0.88
2007-04-11;3.14
2007-04-12;17.77
2007-04-15;34.58
2007-04-16;44.23
2007-04-22;10.22
2007-04-23;14.61
2007-04-24;5.58
2007-04-25;0.85
2007-04-26;3.22
2007-04-29;5.42
2007-04-30;1.50
2007-05-01;1.32
2007-05-02;1.11
2007-05-03;1.11
2007-05-08;2.35
2007-05-09;3.98
2007-05-10;4.69
2007-05-13;62.45
2007-05-14;176.38
2007-05-15;108.10
2007-05-16;49.43
2007-05-17;69.71
2007-05-18;97.07
2007-05-19;56.71
2007-05-20;3.33
2007-05-21;2.28
2007-05-22;6.37
2007-05-23;26.42
2007-05-24;31.85
2007-05-25;16.23
2007-05-26;14.93
2007-05-27;5.19
2007-05-28;6.88
2007-05-30;32.00
2007-05-31;28.22
2007-06-01;17.99
2007-06-02;27.75
2007-06-03;30.54
2007-06-04;19.98
2007-06-05;4.76
2007-06-06;3.51
2007-06-07;3.78
2007-06-08;3.03
2007-06-11;33.89
2007-06-12;22.19
2007-06-13;28.40
2007-06-14;36.47
2007-06-15;18.58
2007-06-16;0.60
2007-06-17;1.21
2007-06-18;21.63
2007-06-19;9.20
2007-06-20;31.37
2007-06-21;12.07
2007-06-22;5.15
2007-06-23;9.28
2007-06-24;14.75
2007-06-25;45.59
2007-06-26;4.39
2007-06-27;1.44
2007-06-28;36.33
2007-06-29;49.41
2007-06-30;49.95
2007-07-01;61.32
2007-07-02;35.44
2007-07-03;23.87
2007-07-04;25.26
2007-07-05;29.98
2007-07-06;28.28
2007-07-07;11.64
2007-07-08;19.66
2007-07-09;12.86
2007-07-10;14.34
2007-07-11;18.12
2007-07-12;28.52
2007-07-13;10.28
2007-07-14;10.00
2007-07-15;3.52
2007-07-16;40.99
2007-07-17;28.89
2007-07-18;9.63
2007-07-19;16.52
2007-07-20;50.84
2007-07-21;40.85
2007-07-22;62.43
2007-07-23;35.78
2007-07-24;65.96
2007-07-25;62.71
2007-07-26;41.51
2007-07-27;8.48
2007-07-28;1.55
2007-07-29;5.75
2007-07-30;19.16
2007-07-31;7.97
2007-08-01;4.20
2007-08-02;51.56
2007-08-03;72.66
2007-08-04;30.02
2007-08-05;21.28
2007-08-06;5.99
2007-08-07;18.51
2007-08-08;19.41
2007-08-09;14.74
2007-08-10;17.72
2007-08-11;8.98
2007-08-12;1.95
2007-08-13;2.70
2007-08-14;2.09
2007-08-16;33.89
2007-08-17;5.47
2007-08-18;26.69
2007-08-19;34.88
2007-08-20;50.17
2007-08-21;1.33
2007-08-22;24.90
2007-08-23;31.01
2007-08-24;27.81
2007-08-25;28.04
2007-08-26;20.38
2007-08-27;4.37
2007-08-28;4.76
2007-08-29;8.72
2007-08-30;27.63
2007-08-31;2.77
2007-09-01;2.46
2007-09-02;15.05
2007-09-03;4.43
2007-09-04;24.92
2007-09-05;13.65
2007-09-06;9.58
2007-09-07;3.47
2007-09-10;28.02
2007-09-11;42.11
2007-09-12;33.03
2007-09-13;18.36
2007-09-14;5.21
2007-09-17;2.41
2007-09-18;33.87
2007-09-19;30.15
2007-09-20;6.71
2007-09-21;4.03
2007-09-22;50.69
2007-09-23;42.65
2007-09-27;13.90
2007-09-28;8.70
2007-10-01;3.33
2007-10-02;10.11
2007-10-03;8.42
2007-10-04;4.03
2007-10-05;3.51
2007-10-06;2.25
2007-10-07;9.46
2007-10-08;3.98
2007-10-09;6.93
2007-10-10;4.59
2007-10-11;24.69
2007-10-12;17.89
2007-10-13;17.80
2007-10-14;20.83
2007-10-15;15.13
2007-10-16;8.61
2007-10-17;9.57
2007-10-18;1.82
2007-10-19;1.64
2007-10-20;5.24
2007-10-21;6.25
2007-10-22;10.14
2007-10-25;2.41
2007-10-26;3.82
2007-10-27;7.02
2007-10-28;2.15
2007-10-29;8.81
2007-10-30;18.33
2007-10-31;2.73
2007-11-01;1.78
2007-11-02;1.44
2007-11-03;1.34
2007-11-04;1.59
2007-11-05;3.93
2007-11-06;3.52
2007-11-07;3.15
2007-11-08;1.81
2007-11-09;1.60
2007-11-10;20.66
2007-11-11;58.07
2007-11-12;50.73
2007-11-13;24.38
2007-11-14;25.05
2007-11-15;25.99
2007-11-16;8.41
2007-11-17;6.46
2007-11-18;38.86
2007-11-19;22.49
2007-11-20;10.58
2007-11-21;5.30
2007-11-22;3.32
2007-11-23;0.99
2007-11-24;1.24
2007-11-25;12.49
2007-11-26;10.14
2007-11-27;3.67
2007-11-28;1.63
2007-11-29;1.33
2007-11-30;1.53
2007-12-01;1.51
2007-12-02;1.34
2007-12-03;1.46
2007-12-04;1.57
2007-12-05;1.56
2007-12-06;1.69
2007-12-07;2.11
2007-12-08;1.72
2007-12-09;1.53
2007-12-10;2.72
2007-12-11;6.19
2007-12-12;2.72
2007-12-13;1.20
2007-12-14;1.44
2007-12-15;2.02
2007-12-16;1.65
2007-12-17;1.83
2007-12-18;1.65
2007-12-19;1.12
2007-12-20;1.16
2007-12-21;1.76
2007-12-22;1.09
2007-12-23;1.26
2007-12-24;1.81
2007-12-25;1.73
2007-12-26;4.98
2007-12-27;5.92
2007-12-28;1.51
2007-12-29;1.47
2007-12-30;1.13
2007-12-31;1.40
2008-01-01;0.28
2008-01-02;1.06
2008-01-03;3.14
2008-01-04;9.66
2008-01-05;6.82
2008-01-06;1.80
2008-01-07;3.33
2008-01-08;1.51
2008-01-09;11.79
2008-01-10;1.03
2008-01-11;4.86
2008-01-12;18.31
2008-01-13;11.22
2008-01-14;3.62
2008-01-15;0.88
2008-01-16;1.74
2008-01-17;3.66
2008-01-18;1.34
2008-01-19;0.83
2008-01-20;1.16
2008-01-21;0.69
2008-01-22;0.65
2008-01-23;0.83
2008-01-24;1.31
2008-01-25;1.98
2008-01-26;1.49
2008-01-27;1.53
2008-01-28;4.73
2008-01-29;14.71
2008-01-30;10.04
2008-01-31;1.65
2008-02-01;0.79
2008-02-02;3.80
2008-02-03;18.51
2008-02-04;8.26
2008-02-05;5.91
2008-02-06;4.09
2008-02-07;6.37
2008-02-08;7.01
2008-02-09;2.36
2008-02-10;1.22
2008-02-11;1.45
2008-02-12;1.70
2008-02-13;1.27
2008-02-14;1.20
2008-02-15;0.81
2008-02-16;1.36
2008-02-17;1.26
2008-02-18;0.66
2008-02-19;0.52
2008-02-20;1.47
2008-02-21;0.91
2008-02-24;1.19
2008-02-25;0.92
2008-02-26;4.13
2008-02-27;1.36
2008-02-28;3.34
2008-03-02;1.29
2008-03-03;2.31
2008-03-04;2.06
2008-03-05;2.68
2008-03-06;2.13
2008-03-09;2.60
2008-03-10;0.80
2008-03-11;2.11
2008-03-12;1.87
2008-03-13;14.40
2008-03-16;1.43
2008-03-17;1.61
2008-03-18;1.88
2008-03-19;2.36
2008-03-20;1.43
2008-03-23;2.53
2008-03-24;7.36
2008-03-25;1.89
2008-03-26;1.29
2008-03-27;1.98
2008-03-28;1.77
2008-03-29;1.53
2008-03-30;0.68
2008-03-31;2.22
2008-04-01;1.42
2008-04-02;1.47
2008-04-03;0.83
2008-04-04;1.54
2008-04-06;1.69
2008-04-07;1.86
2008-04-08;0.88
2008-04-09;1.72
2008-04-10;0.93
2008-04-11;1.63
2008-04-12;1.98
2008-04-13;2.91
2008-04-14;1.44
2008-04-15;1.12
2008-04-16;1.05
2008-04-17;0.96
2008-04-18;2.79
2008-04-19;4.58
2008-04-20;14.19
2008-04-21;21.26
2008-04-22;19.21
2008-04-23;28.65
2008-04-24;21.63
2008-04-25;30.37
2008-04-26;30.58
2008-04-27;14.23
2008-04-28;2.26
2008-04-29;5.19
2008-04-30;13.31
2008-05-01;12.86
2008-05-02;6.25
2008-05-03;4.17
2008-05-04;21.65
2008-05-05;38.81
2008-05-06;77.95
2008-05-07;82.37
2008-05-08;81.16
2008-05-09;38.48
2008-05-10;6.19
2008-05-11;6.05
2008-05-12;4.95
2008-05-13;2.07
2008-05-14;5.04
2008-05-15;3.49
2008-05-16;7.42
2008-05-17;16.88
2008-05-18;23.57
2008-05-19;10.19
2008-05-20;1.45
2008-05-21;1.18
2008-05-22;3.78
2008-05-23;4.42
2008-05-24;1.97
2008-05-25;3.78
2008-05-26;13.29
2008-05-27;7.39
2008-05-28;12.19
2008-05-29;2.67
2008-05-30;0.29
2008-05-31;1.31
2008-06-01;2.92
2008-06-02;3.00
2008-06-03;20.03
2008-06-04;9.60
2008-06-05;0.83
2008-06-06;5.31
2008-06-07;34.99
2008-06-08;52.94
2008-06-09;33.55
2008-06-10;25.21
2008-06-11;22.86
2008-06-12;20.84
2008-06-19;10.69
2008-06-20;8.49
2008-06-21;22.38
2008-06-22;6.91
2008-06-23;15.69
2008-06-24;19.28
2008-06-25;17.07
2008-06-26;19.32
2008-06-27;19.17
2008-06-28;20.04
2008-06-29;23.81
2008-06-30;26.06
2008-07-01;14.37
2008-07-02;5.28
2008-07-03;19.01
2008-07-04;6.55
2008-07-05;23.30
2008-07-06;14.29
2008-07-07;4.07
2008-07-08;17.54
2008-07-09;20.00
2008-07-10;38.08
2008-07-11;11.26
2008-07-12;2.54
2008-07-13;18.04
2008-07-14;20.99
2008-07-15;14.90
2008-07-16;5.37
2008-07-17;6.90
2008-07-18;26.67
2008-07-19;32.73
2008-07-20;24.65
2008-07-21;32.05
2008-07-22;8.36
2008-07-23;6.92
2008-07-24;6.62
2008-07-25;27.37
2008-07-26;28.96
2008-07-27;11.36
2008-07-28;5.40
2008-08-06;18.92
2008-08-07;6.76
2008-08-08;27.93
2008-08-09;27.43
2008-08-10;44.46
2008-08-11;2.89
2008-08-12;41.35
2008-08-13;26.39
2008-08-14;37.14
2008-08-15;36.81
2008-08-16;14.59
2008-08-17;6.83
2008-08-18;9.62
2008-08-19;5.66
2008-08-20;23.66
2008-08-21;16.57
2008-08-22;9.09
2008-08-23;7.71
2008-08-24;2.91
2008-08-25;1.14
2008-08-26;2.04
2008-08-29;48.09
2008-08-30;50.91
2008-08-31;43.05
2008-09-01;1.85
2008-09-02;1.36
2008-09-03;1.59
2008-09-04;8.68
2008-09-05;14.44
2008-09-08;5.52
2008-09-09;2.40
2008-09-10;2.51
2008-09-11;7.01
2008-09-12;7.52
2008-09-13;16.25
2008-09-14;17.08
2008-09-15;2.50
2008-09-16;54.11
2008-09-17;8.57
2008-09-20;9.04
2008-09-21;5.47
2008-09-22;1.78
2008-09-23;4.39
2008-09-25;10.95
2008-09-26;4.21
2008-09-27;3.67
2008-09-28;6.81
2008-09-29;1.34
2008-09-30;2.58
2008-10-01;3.33
2008-10-02;3.44
2008-10-04;10.61
2008-10-05;8.93
2008-10-13;74.41
2008-10-19;15.26
2008-10-20;1.41
2008-10-21;1.87
2008-10-22;2.99
2008-10-23;1.81
2008-10-24;0.76
2008-10-25;0.89
2008-10-26;2.04
2008-10-27;1.76
2008-10-28;2.11
2008-10-30;1.57
2008-10-31;0.80
2008-11-01;0.70
2008-11-02;1.73
2008-11-03;1.83
2008-11-04;0.05
2008-11-05;1.33
2008-11-06;0.94
2008-11-07;0.26
2008-11-08;0.48
2008-11-09;0.28
2008-11-10;0.01
2008-11-12;4.51
2008-11-13;8.74
2008-11-18;2.67
2008-11-20;6.53
2008-11-21;1.56
2008-11-22;0.66
2008-11-23;1.18
2008-11-24;0.16
2008-11-25;0.21
2008-11-26;1.27
2008-11-27;0.90
2008-11-28;0.55
2008-11-29;0.18
2008-11-30;1.13
2008-12-01;0.54
2008-12-02;1.37
2008-12-03;0.47
2008-12-04;0.30
2008-12-05;0.01
2008-12-06;0.05
2008-12-07;0.11
2008-12-08;1.49
2008-12-09;0.01
2008-12-10;0.16
2008-12-11;0.62
2008-12-12;1.80
2008-12-13;0.61
2008-12-14;2.97
2008-12-15;2.39
2008-12-16;2.13
2008-12-17;3.60
2008-12-18;1.44
2008-12-19;2.45
2008-12-20;1.10
2008-12-21;4.11
2008-12-23;0.06
2008-12-24;0.88
2008-12-26;0.20
2008-12-27;0.50
2008-12-28;0.60
2008-12-29;1.20
2008-12-30;0.45
2008-12-31;0.84
2009-01-01;0.78 
2009-01-02;1.81 
2009-01-03;4.09 
2009-01-04;0.69 
2009-01-05;12.01 
2009-01-06;7.40 
2009-01-07;2.08 
2009-01-08;4.29 
2009-01-09;6.84 
2009-01-10;4.37 
2009-01-11;0.63 
2009-01-12;0.41 
2009-01-13;0.47 
2009-01-14;0.42 
2009-01-15;0.55 
2009-01-16;0.88 
2009-01-17;0.66 
2009-01-18;0.37 
2009-01-19;0.48 
2009-01-20;0.33 
2009-01-21;0.33 
2009-01-22;0.31 
2009-01-23;0.18 
2009-01-24;0.35 
2009-01-25;0.85 
2009-01-26;0.23 
2009-01-27;3.02 
2009-01-28;0.41 
2009-01-29;0.32 
2009-01-30;0.13 
2009-01-31;0.30 
2009-02-01;3.30 
2009-02-02;1.58 
2009-02-03;0.33 
2009-02-04;1.32 
2009-02-05;2.70 
2009-02-06;0.34 
2009-02-07;0.32 
2009-02-08;0.81 
2009-02-09;1.82 
2009-02-10;0.47 
2009-02-11;0.42 
2009-02-12;0.62 
2009-02-13;0.42 
2009-02-14;0.55 
2009-02-15;4.19 
2009-02-16;9.53 
2009-02-17;9.01 
2009-02-18;7.44 
2009-02-19;1.00 
2009-02-20;0.46 
2009-02-21;1.56 
2009-02-22;0.46 
2009-02-23;0.34 
2009-02-24;0.47 
2009-02-25;0.33 
2009-02-26;0.30 
2009-02-27;0.36 
2009-02-28;0.23 
2009-03-01;0.47 
2009-03-02;0.33 
2009-03-03;0.92 
2009-03-04;1.46 
2009-03-05;0.82 
2009-03-06;1.14 
2009-03-07;0.74 
2009-03-08;0.82 
2009-03-09;1.19 
2009-03-10;0.72 
2009-03-11;0.46 
2009-03-12;2.08 
2009-03-13;0.62 
2009-03-14;0.51 
2009-03-15;0.52 
2009-03-16;0.26 
2009-03-17;0.69 
2009-03-18;0.59 
2009-03-19;0.63 
2009-03-20;0.52 
2009-03-21;0.58 
2009-03-22;0.60 
2009-03-28;1.15 
2009-03-29;0.46 
2009-03-30;0.49 
2009-03-31;0.26 
2009-04-01;0.44 
2009-04-02;0.44 
2009-04-03;0.39 
2009-04-04;1.01 
2009-04-05;0.54 
2009-04-06;0.28 
2009-04-07;0.78 
2009-04-08;1.04 
2009-04-09;0.54 
2009-04-10;0.23 
2009-04-11;0.30 
2009-04-12;0.06 
2009-04-13;1.06 
2009-04-14;1.16 
2009-04-15;0.73 
2009-04-16;0.56 
2009-04-17;0.62 
2009-04-18;0.83 
2009-04-19;2.08 
2009-04-20;3.12 
2009-04-21;0.39 
2009-04-22;0.95 
2009-04-23;0.55 
2009-04-24;0.27 
2009-04-25;0.53 
2009-04-26;0.53 
2009-04-27;0.90 
2009-04-28;0.66 
2009-04-29;15.19 
2009-04-30;31.76 
2009-05-01;45.95 
2009-05-02;8.39 
2009-05-03;28.86 
2009-05-04;10.50 
2009-05-05;0.82 
2009-05-06;1.05 
2009-05-07;10.47 
2009-05-08;36.22 
2009-05-09;34.74 
2009-05-10;22.14 
2009-05-11;29.63 
2009-05-12;31.39 
2009-05-13;17.59 
2009-05-14;14.10 
2009-05-15;11.98 
2009-05-16;19.81 
2009-05-17;25.66 
2009-05-18;20.65 
2009-05-19;10.15 
2009-05-20;8.18 
2009-05-21;20.40 
2009-05-22;18.79 
2009-05-23;12.19 
2009-05-24;11.09 
2009-05-25;17.98 
2009-05-26;35.14 
2009-05-27;28.64 
2009-05-28;25.74 
2009-05-29;11.18 
2009-05-30;1.02 
2009-05-31;6.80 
2009-06-01;32.72 
2009-06-02;39.34 
2009-06-03;33.03 
2009-06-04;11.75 
2009-06-05;4.38 
2009-06-06;8.04 
2009-06-07;42.87 
2009-06-08;34.12 
2009-06-09;12.34 
2009-06-10;2.62 
2009-06-11;2.84 
2009-06-12;17.15 
2009-06-13;8.24 
2009-06-14;20.18 
2009-06-15;15.18 
2009-06-16;3.27 
2009-06-17;0.66 
2009-06-18;0.28 
2009-06-20;1.54 
2009-06-21;0.79 
2009-06-22;4.75 
2009-06-23;7.63 
2009-06-24;45.50 
2009-06-27;61.85 
2009-06-28;69.76 
2009-06-29;11.37 
2009-06-30;30.73 
2009-07-01;40.04 
2009-07-02;58.45 
2009-07-03;29.20 
2009-07-04;16.28 
2009-07-05;15.70 
2009-07-06;42.31 
2009-07-07;50.80 
2009-07-08;34.03 
2009-07-09;11.61 
2009-07-10;29.11 
2009-07-11;4.39 
2009-07-12;15.42 
2009-07-13;20.68 
2009-07-14;18.11 
2009-07-15;29.35 
2009-07-16;9.91 
2009-07-17;19.67 
2009-07-18;3.23 
2009-07-19;21.53 
2009-07-21;7.84 
2009-07-22;19.72 
2009-07-23;22.22 
2009-07-24;7.44 
2009-07-25;1.60 
2009-07-26;19.38 
2009-07-27;34.57 
2009-07-28;21.16 
2009-07-29;8.51 
2009-07-30;17.80 
2009-07-31;17.49 
2009-08-01;16.45 
2009-08-02;17.00 
2009-08-03;26.20 
2009-08-04;47.24 
2009-08-05;29.89 
2009-08-06;58.84 
2009-08-07;49.33 
2009-08-08;21.47 
2009-08-09;2.39 
2009-08-10;1.06 
2009-08-11;5.18 
2009-08-12;4.26 
2009-08-13;2.57 
2009-08-14;5.43 
2009-08-15;12.96 
2009-08-16;14.31 
2009-08-17;10.44 
2009-08-18;19.07 
2009-08-19;25.71 
2009-08-20;1.44 
2009-08-21;8.96 
2009-08-22;13.17 
2009-08-23;10.40 
2009-08-24;9.94 
2009-08-25;12.89 
2009-08-26;45.09 
2009-08-27;19.52 
2009-08-28;23.23 
2009-08-29;11.28 
2009-08-30;26.91 
2009-08-31;10.34 
2009-09-03;1.39 
2009-09-04;1.40 
2009-09-05;18.69 
2009-09-06;13.59 
2009-09-07;1.01 
2009-09-08;11.42 
2009-09-09;13.08 
2009-09-10;19.11 
2009-09-11;46.73 
2009-09-12;15.86 
2009-09-13;10.70 
2009-09-14;3.73 
2009-09-15;16.10 
2009-09-16;23.30 
2009-09-17;6.59 
2009-09-18;0.88 
2009-09-19;1.47 
2009-09-20;3.32 
2009-09-21;13.86 
2009-09-22;2.16 
2009-09-23;2.64 
2009-09-24;0.43 
2009-09-25;4.07 
2009-09-26;52.56 
2009-09-27;61.34 
2009-09-28;72.31 
2009-09-29;9.93 
2009-09-30;4.01 
2009-10-01;16.26 
2009-10-02;3.79 
2009-10-03;9.45 
2009-10-04;13.61 
2009-10-05;51.20 
2009-10-06;10.12 
2009-10-07;5.49 
2009-10-08;14.65 
2009-10-09;37.86 
2009-10-10;37.81 
2009-10-11;33.86 
2009-10-12;46.15 
2009-10-13;35.26 
2009-10-14;16.18 
2009-10-15;4.29 
2009-10-16;18.47 
2009-10-17;36.68 
2009-10-18;14.47 
2009-10-19;0.43 
2009-10-20;0.12 
2009-10-21;2.85 
2009-10-22;13.51 
2009-10-23;3.05 
2009-10-24;2.85 
2009-10-25;2.00 
2009-10-26;0.37 
2009-10-27;4.29 
2009-10-28;5.47 
2009-10-29;7.62 
2009-10-30;6.89 
2009-10-31;1.78 
2009-11-01;0.72 
2009-11-02;0.69 
2009-11-03;4.88 
2009-11-04;23.80 
2009-11-05;16.79 
2009-11-06;1.21 
2009-11-07;0.53 
2009-11-08;0.53 
2009-11-09;1.88 
2009-11-10;0.61 
2009-11-11;0.60 
2009-11-12;2.88 
2009-11-13;2.23 
2009-11-14;4.83 
2009-11-15;4.35 
2009-11-16;3.81 
2009-11-17;0.83 
2009-11-18;1.03 
2009-11-19;0.40 
2009-11-20;5.55 
2009-11-21;2.72 
2009-11-22;0.63 
2009-11-23;7.86 
2009-11-24;25.26 
2009-11-25;35.65 
2009-11-26;32.21 
2009-11-27;16.66 
2009-11-28;0.86 
2009-11-29;3.55 
2009-11-30;14.98 
2009-12-01;3.96 
2009-12-02;4.62 
2009-12-03;6.11 
2009-12-04;4.37 
2009-12-05;2.90 
2009-12-06;2.59 
2009-12-07;9.12 
2009-12-08;3.49 
2009-12-09;1.50 
2009-12-10;0.89 
2009-12-11;0.26 
2009-12-12;0.60 
2009-12-13;1.49 
2009-12-14;0.69 
2009-12-15;0.41 
2009-12-16;0.31 
2009-12-17;0.12 
2009-12-18;0.36 
2009-12-19;0.38 
2009-12-20;0.36 
2009-12-21;0.41 
2009-12-22;2.23 
2009-12-23;4.95 
2009-12-24;3.60 
2009-12-25;4.08 
2009-12-26;3.24 
2009-12-27;4.06 
2009-12-28;4.15 
2009-12-29;2.16 
2009-12-30;0.89 
2009-12-31;1.05 
2010-01-01;0.7 
2010-01-02;1.7 
2010-01-03;3.0 
2010-01-04;3.3 
2010-01-05;5.5 
2010-01-06;10.8 
2010-01-07;0.7 
2010-01-08;0.4 
2010-01-09;0.3 
2010-01-10;0.4 
2010-01-11;2.0 
2010-01-12;0.2 
2010-01-13;0.3 
2010-01-14;1.2 
2010-01-15;0.5 
2010-01-16;0.3 
2010-01-17;0.7 
2010-01-18;0.3 
2010-01-19;1.6 
2010-01-20;3.2 
2010-01-21;1.4 
2010-01-22;2.3 
2010-01-23;8.3 
2010-01-24;12.8 
2010-01-25;6.4 
2010-01-26;2.6 
2010-01-27;0.5 
2010-01-28;0.3 
2010-01-29;0.3 
2010-01-30;0.3 
2010-01-31;0.8 
2010-02-01;0.4 
2010-02-02;0.6 
2010-02-03;0.5 
2010-02-04;0.7 
2010-02-05;0.3 
2010-02-06;0.5 
2010-02-07;1.3 
2010-02-08;23.3 
2010-02-09;16.0 
2010-02-10;14.6 
2010-02-11;19.1 
2010-02-12;6.8 
2010-02-13;6.3 
2010-02-14;3.7 
2010-02-15;1.7 
2010-02-16;0.8 
2010-02-17;0.4 
2010-02-18;0.7 
2010-02-19;0.3 
2010-02-20;1.0 
2010-02-21;2.9 
2010-02-22;0.7 
2010-02-25;17.7 
2010-02-26;18.7 
2010-02-27;12.5 
2010-02-28;27.6 
2010-03-01;31.9 
2010-03-02;28.9 
2010-03-03;29.3 
2010-03-04;22.0 
2010-03-08;23.2 
2010-03-10;33.4 
2010-03-11;32.3 
2010-03-12;12.6 
2010-03-13;6.3 
2010-03-14;43.3 
2010-03-15;41.7 
2010-03-16;67.8 
2010-03-17;54.6 
2010-03-18;44.2 
2010-03-19;21.1 
2010-03-20;5.4 
2010-03-21;10.2 
2010-03-22;3.6 
2010-03-23;1.9 
2010-03-24;2.7 
2010-03-25;1.7 
2010-03-26;5.0 
2010-03-27;1.0 
2010-03-28;0.7 
2010-03-29;16.8 
2010-03-30;62.2 
2010-03-31;91.6 
2010-04-01;147.9 
2010-04-02;155.1 
2010-04-03;117.1 
2010-04-04;119.5 
2010-04-05;111.4 
2010-04-06;61.0 
2010-04-07;31.2 
2010-04-08;37.0 
2010-04-09;32.6 
2010-04-10;15.0 
2010-04-11;17.6 
2010-04-12;13.0 
2010-04-13;18.3 
2010-04-14;9.9 
2010-04-16;2.6 
2010-04-17;2.1 
2010-04-18;1.8 
2010-04-19;1.5 
2010-04-20;1.5 
2010-04-21;3.5 
2010-04-22;1.3 
2010-04-23;2.7 
2010-04-24;19.8 
2010-04-25;39.0 
2010-04-26;82.5 
2010-04-27;115.9 
2010-04-28;85.1 
2010-04-29;8.2 
2010-04-30;8.4 
2010-05-01;9.2 
2010-05-02;2.1 
2010-05-03;0.8 
2010-05-04;0.6 
2010-05-05;0.4 
2010-05-06;7.2 
2010-05-07;13.4 
2010-05-08;10.7 
2010-05-09;12.1 
2010-05-10;4.1 
2010-05-11;1.6 
2010-05-12;1.1 
2010-05-13;4.3 
2010-05-14;3.0 
2010-05-15;3.9 
2010-05-16;18.3 
2010-05-17;13.1 
2010-05-18;3.6 
2010-05-19;4.7 
2010-05-20;9.5 
2010-05-21;36.6 
2010-05-22;61.8 
2010-05-23;67.5 
2010-05-24;49.3 
2010-05-25;34.6 
2010-05-26;55.9 
2010-05-27;45.8 
2010-05-28;42.5 
2010-05-29;28.9 
2010-05-30;66.0 
2010-05-31;90.6 
2010-06-01;82.3 
2010-06-02;88.2 
2010-06-03;94.2 
2010-06-04;14.8 
2010-06-05;36.1 
2010-06-06;14.3 
2010-06-07;69.9 
2010-06-08;57.1 
2010-06-09;33.5 
2010-06-10;52.5 
2010-06-11;50.7 
2010-06-12;36.9 
2010-06-13;7.1 
2010-06-14;0.8 
2010-06-15;3.8 
2010-06-16;30.4 
2010-06-17;9.3 
2010-06-18;9.9 
2010-06-19;13.6 
2010-06-20;16.3 
2010-06-21;30.4 
2010-06-22;15.6 
2010-06-23;70.2 
2010-06-24;13.3 
2010-06-25;5.3 
2010-06-26;30.1 
2010-06-27;58.6 
2010-06-28;56.3 
2010-06-29;2.9 
2010-06-30;28.6 
2010-07-01;44.6 
2010-07-02;46.4 
2010-07-03;24.7 
2010-07-04;3.9 
2010-07-05;88.0 
2010-07-06;42.9 
2010-07-07;27.2 
2010-07-08;17.9 
2010-07-09;22.5 
2010-07-10;23.6 
2010-07-11;14.4 
2010-07-12;12.5 
2010-07-13;66.7 
2010-07-14;47.7 
2010-07-15;70.2 
2010-07-22;17.8 
2010-07-23;4.6 
2010-07-24;40.1 
2010-07-25;32.1 
2010-07-26;10.5 
2010-07-27;3.2 
2010-07-28;8.4 
2010-07-29;8.4
2010-07-31;6.8
2010-08-01;4.5
2010-08-02;18.1
2010-08-03;18.4
2010-08-04;25.5
2010-08-05;35.3
2010-08-06;62.8
2010-08-07;12.1 
2010-08-08;3.1 
2010-08-09;2.2
2010-08-10;3.3
2010-08-11;16.4
2010-08-12;97.9 
2010-08-13;27.6 
2010-08-14;12.1 
2010-08-15;5.2 
2010-08-16;6.2 
2010-08-17;58.3 
2010-08-18;63.9 
2010-08-19;23.9 
2010-08-20;17.7 
2010-08-21;12.7 
2010-08-22;13.3 
2010-08-23;42.1 
2010-08-24;31.7 
2010-08-25;32.6 
2010-08-26;11.4 
2010-08-27;3.4 
2010-08-28;44.5 
2010-08-30;16.2 
2010-08-31;19.1 
2010-09-01;14.6 
2010-09-02;44.4 
2010-09-03;12.1 
2010-09-04;7.8 
2010-09-05;13.2 
2010-09-06;6.2 
2010-09-07;7.4 
2010-09-08;4.6 
2010-09-09;2.0 
2010-09-11;2.1 
2010-09-12;2.5 
2010-09-13;5.7 
2010-09-14;5.0 
2010-09-15;5.7 
2010-09-18;1.3 
2010-09-19;1.6 
2010-09-20;24.5 
2010-09-21;9.9 
2010-09-22;0.8 
2010-09-23;1.0 
2010-09-24;0.6 
2010-09-25;8.4 
2010-09-26;1.0 
2010-09-27;0.5 
2010-09-28;0.4 
2010-09-29;1.0 
2010-09-30;0.8 
2010-10-01;2.6 
2010-10-02;17.4 
2010-10-22;0.4 
2010-10-24;0.5 
2010-10-25;0.7 
2010-10-26;0.4 
2010-10-27;0.4 
2010-11-09;1.3 
2010-11-10;1.3 
2010-11-11;8.5 
2010-11-12;28.8 
2010-11-13;10.3 
2010-11-14;5.1 
2010-11-15;1.8 
2010-11-16;1.4 
2010-11-17;4.5 
2010-11-18;14.4 
2010-11-19;7.9 
2010-11-20;0.8 
2010-11-21;0.6 
2010-11-22;0.4 
2010-11-23;1.9 
2010-11-24;0.7 
2010-11-25;5.5 
2010-11-26;3.1 
2010-11-27;0.9 
2010-11-28;0.7 
2010-11-29;0.3 
2010-11-30;0.7 
2010-12-01;0.9 
2010-12-02;0.8 
2010-12-03;0.5 
2010-12-04;0.6 
2010-12-05;0.7 
2010-12-06;0.7 
2010-12-07;0.3 
2010-12-08;0.7 
2010-12-09;0.8 
2010-12-10;0.8 
2010-12-11;0.6 
2010-12-12;0.6 
2010-12-13;0.4 
2010-12-14;0.4 
2010-12-15;0.8 
2010-12-16;0.5 
2010-12-17;0.3 
2010-12-18;0.5 
2010-12-19;0.3 
2010-12-20;0.8 
2010-12-21;0.4 
2010-12-22;0.5 
2010-12-23;0.8 
2010-12-24;1.4 
2010-12-25;1.2 
2010-12-26;2.3 
2010-12-27;0.4 
2010-12-28;4.8 
2010-12-29;0.3 
2010-12-30;0.5 
2010-12-31;0.5 
2011-01-01;0.8
2011-01-02;0.4
2011-01-03;0.7
2011-01-04;2.0
2011-01-05;3.7
2011-01-06;7.0
2011-01-07;2.9
2011-01-08;1.0
2011-01-09;10.4
2011-01-10;1.7
2011-01-11;0.6
2011-01-12;7.4
2011-01-13;7.7
2011-01-14;10.4
2011-01-15;5.4
2011-01-16;0.6
2011-01-17;0.7
2011-01-18;1.1
2011-01-19;0.5
2011-01-20;0.3
2011-01-21;0.6
2011-01-22;2.8
2011-01-23;4.8
2011-01-24;0.9
2011-01-25;0.4
2011-01-26;0.4
2011-01-27;0.4
2011-01-28;0.4
2011-01-29;0.5
2011-01-30;0.4
2011-01-31;0.3
2011-02-01;0.4
2011-02-02;0.3
2011-02-03;1.9
2011-02-04;0.3
2011-02-05;0.2
2011-02-06;0.6
2011-02-07;0.8
2011-02-08;1.2
2011-02-09;8.0
2011-02-10;2.1
2011-02-11;1.1
2011-02-12;0.3
2011-02-13;0.5
2011-02-14;0.8
2011-02-19;0.1
2011-02-20;0.4
2011-02-21;0.6
2011-02-22;0.6
2011-02-23;1.5
2011-02-24;0.6
2011-02-25;0.7
2011-02-26;0.5
2011-02-27;0.5
2011-02-28;0.4
2011-03-01;0.6
2011-03-02;0.7
2011-03-03;3.7
2011-03-04;39.9
2011-03-05;12.6
2011-03-06;2.8
2011-03-07;1.3
2011-03-08;0.7
2011-03-09;0.4
2011-03-10;0.3
2011-03-11;0.4
2011-03-12;0.2
2011-03-13;0.5
2011-03-14;0.4
2011-03-15;0.4
2011-03-16;1.2
2011-03-17;0.4
2011-03-18;3.5
2011-03-19;1.7
2011-03-20;1.3
2011-03-21;0.9
2011-03-22;0.9
2011-03-23;0.4
2011-03-24;7.8
2011-03-25;50.1
2011-03-26;18.3
2011-03-27;1.1
2011-03-28;3.5
2011-03-29;17.1
2011-03-30;10.1
2011-03-31;1.1
2011-04-01;3.6
2011-04-02;16.8
2011-04-03;21.2
2011-04-04;9.3
2011-04-05;11.0
2011-04-06;21.9
2011-04-07;5.0
2011-04-10;5.4
2011-04-13;24.1
2011-04-14;38.6
2011-04-15;42.9
2011-04-16;39.0
2011-04-20;12.3
2011-04-21;7.6
2011-04-22;1.9
2011-04-23;1.0
2011-04-24;0.7
2011-04-25;0.4
2011-04-26;1.0
2011-04-27;1.0
2011-04-28;0.4
2011-04-29;0.4
2011-04-30;0.9
2011-05-01;7.0
2011-05-02;1.9
2011-05-03;1.0
2011-05-04;2.6
2011-05-05;0.7
2011-05-06;1.4
2011-05-07;3.1
2011-05-08;10.4
2011-05-09;45.3
2011-05-10;39.9
2011-05-11;35.3
2011-05-12;24.3
2011-05-14;29.1
2011-05-15;1.1
2011-05-16;0.5
2011-05-17;19.1
2011-05-18;4.1
2011-05-19;6.4
2011-05-20;28.9
2011-05-21;10.1
2011-05-22;34.4
2011-05-23;78.6
2011-05-24;132.2
2011-05-25;58.9
2011-05-26;86.8
2011-05-27;39.7
2011-05-28;47.6
2011-05-29;48.1
2011-05-30;4.4
2011-05-31;41.5
2011-06-01;49.9
2011-06-02;26.3
2011-06-03;24.4
2011-06-05;34.1
2011-06-06;54.7
2011-06-07;26.2
2011-06-08;6.0
2011-06-09;21.7
2011-06-10;22.3
2011-06-11;8.9
2011-06-12;1.0
2011-06-13;4.9
2011-06-14;3.3
2011-06-15;20.4
2011-06-16;9.0
2011-06-17;1.9
2011-06-18;3.6
2011-06-19;15.6
2011-06-20;34.0
2011-06-21;33.0
2011-06-22;21.1
2011-06-23;36.0
2011-06-24;22.7
2011-06-25;12.0
2011-06-26;15.4
2011-06-27;43.9
2011-06-28;47.2
2011-06-29;42.7
2011-06-30;8.6
2011-07-01;40.2
2011-07-02;19.9
2011-07-03;22.3
2011-07-04;20.8
2011-07-05;51.4
2011-07-06;1.9
2011-07-07;6.7
2011-07-08;23.2
2011-07-09;21.6
2011-07-10;18.4
2011-07-11;7.7
2011-07-12;1.2
2011-07-13;31.8
2011-07-14;36.0
2011-07-15;8.4
2011-07-16;5.7
2011-07-17;13.7
2011-07-18;15.8
2011-07-19;27.3
2011-07-20;29.1
2011-07-21;6.9
2011-07-22;3.9
2011-07-23;6.9
2011-07-24;3.7
2011-07-25;0.9
2011-07-28;26.9
2011-07-29;15.3
2011-07-30;1.6
2011-07-31;1.5
2011-08-02;3.4
2011-08-03;31.9
2011-08-04;32.1
2011-08-05;3.9
2011-08-06;3.2
2011-08-07;4.8
2011-08-08;4.6
2011-08-09;7.6
2011-08-10;5.5
2011-08-11;54.5
2011-08-12;99.1
2011-08-13;45.6
2011-08-14;10.3
2011-08-15;5.4
2011-08-16;4.6
2011-08-17;5.7
2011-08-18;20.7
2011-08-19;18.5
2011-08-20;2.2
2011-08-22;7.1
2011-08-23;10.8
2011-08-24;9.0
2011-08-25;10.7
2011-08-26;14.3
2011-08-27;0.6
2011-08-28;19.2
2011-08-29;9.8
2011-08-30;0.7
2011-08-31;0.5
2011-09-02;3.7
2011-09-03;5.8
2011-09-04;8.9
2011-09-05;9.0
2011-09-06;4.6
2011-09-07;2.1
2011-09-08;13.6
2011-09-11;12.6
2011-09-12;29.6
2011-09-13;2.5
2011-09-14;22.2
2011-09-15;15.6
2011-09-16;3.3
2011-09-17;1.2
2011-09-18;12.6
2011-09-19;3.7
2011-09-20;7.2
2011-09-21;10.7
2011-09-22;17.8
2011-09-23;13.9
2011-09-24;4.6
2011-09-30;2.5
2011-10-01;1.6
2011-10-02;12.9
2011-10-03;17.3
2011-10-06;3.6
2011-10-07;3.2
2011-10-08;3.2
2011-10-09;3.5
2011-10-10;27.4
2011-10-11;14.9
2011-10-12;14.1
2011-10-13;48.7
2011-10-14;38.5
2011-10-15;17.6
2011-10-16;5.6
2011-10-17;29.1
2011-10-18;24.7
2011-10-19;47.2
2011-10-20;36.4
2011-10-21;21.8
2011-10-22;8.0
2011-10-23;0.4
2011-10-25;0.4
2011-10-26;4.7
2011-10-27;5.1
2011-10-28;2.6
2011-10-29;0.3
2011-10-30;0.2
2011-10-31;0.6
2011-11-01;21.7
2011-11-02;95.0
2011-11-03;91.8
2011-11-04;19.9
2011-11-06;6.9
2011-11-07;11.6
2011-11-08;18.5
2011-11-09;15.8
2011-11-10;14.5
2011-11-11;6.6
2011-11-12;2.2
2011-11-13;1.1
2011-11-14;1.3
2011-11-15;0.9
2011-11-16;0.5
2011-11-17;0.3
2011-11-18;0.4
2011-11-19;0.4
2011-11-20;0.2
2011-11-21;0.1
2011-11-22;0.1
2011-11-23;4.3
2011-11-24;5.2
2011-11-25;1.4
2011-11-26;0.8
2011-11-27;2.8
2011-11-30;0.3
2011-12-01;2.1
2011-12-02;3.1
2011-12-03;2.7
2011-12-06;0.1
2011-12-07;0.2
2011-12-08;0.2
2011-12-09;1.6
2011-12-10;3.7
2011-12-11;10.9
2011-12-12;8.0
2011-12-13;27.3
2011-12-14;26.3
2011-12-15;7.2
2011-12-16;0.4
2011-12-17;0.4
2011-12-18;0.3
2011-12-19;0.5
2011-12-20;0.4
2011-12-21;0.3
2011-12-22;0.4
2011-12-23;1.1
2011-12-24;1.4
2011-12-25;0.2
2011-12-26;0.9
