2006-01-01;19.542
2006-01-02;20.042
2006-01-03;22.958
2006-01-04;22.542
2006-01-05;29.250
2006-01-06;16.333
2006-01-07;14.292
2006-01-08;15.958
2006-01-09;17.174
2006-01-10;20.250
2006-01-11;24.167
2006-01-12;20.571
2006-01-13;23.292
2006-01-14;19.917
2006-01-15;19.250
2006-01-16;15.292
2006-01-17;23.042
2006-01-18;19.417
2006-01-19;19.167
2006-01-20;17.500
2006-01-21;15.708
2006-01-22;21.333
2006-01-23;28.292
2006-01-24;27.000
2006-01-25;27.792
2006-01-26;29.792
2006-01-27;28.208
2006-01-28;21.083
2006-01-29;18.150
2006-01-30;21.708
2006-01-31;28.750
2006-02-01;17.292
2006-02-02;17.458
2006-02-03;15.792
2006-02-04;19.167
2006-02-05;14.375
2006-02-06;21.565
2006-02-07;12.208
2006-02-08;17.417
2006-02-09;21.125
2006-02-10;20.458
2006-02-11;15.750
2006-02-12;17.583
2006-02-13;19.833
2006-02-14;21.792
2006-02-15;14.125
2006-02-16;18.583
2006-02-17;17.375
2006-02-18;16.792
2006-02-19;20.542
2006-02-20;18.375
2006-02-21;16.667
2006-02-22;17.261
2006-02-23;19.208
2006-02-24;18.458
2006-02-25;17.667
2006-02-26;17.292
2006-02-27;23.792
2006-02-28;21.042
2006-03-01;15.292
2006-03-02;21.625
2006-03-03;18.667
2006-03-04;23.000
2006-03-05;20.583
2006-03-06;22.875
2006-03-07;18.042
2006-03-08;19.167
2006-03-09;29.000
2006-03-10;17.542
2006-03-11;12.958
2006-03-12;9.667
2006-03-13;16.917
2006-03-14;27.167
2006-03-15;62.000
2006-03-16;20.125
2006-03-17;19.208
2006-03-18;23.458
2006-03-19;26.792
2006-03-20;30.667
2006-03-21;60.625
2006-03-22;78.125
2006-03-23;39.292
2006-03-24;24.792
2006-03-25;17.792
2006-03-26;47.792
2006-03-27;62.500
2006-03-28;51.833
2006-03-29;23.917
2006-03-30;38.875
2006-03-31;53.792
2006-04-01;41.917
2006-04-02;32.542
2006-04-03;17.833
2006-04-04;17.292
2006-04-05;13.958
2006-04-06;18.167
2006-04-07;19.792
2006-04-08;13.250
2006-04-09;11.375
2006-04-10;14.417
2006-04-11;16.042
2006-04-12;12.348
2006-04-13;21.044
2006-04-14;21.208
2006-04-15;21.125
2006-04-16;16.958
2006-04-17;15.292
2006-04-18;11.917
2006-04-19;17.500
2006-04-20;41.500
2006-04-21;64.458
2006-04-22;31.917
2006-04-23;17.708
2006-04-24;18.667
2006-04-25;20.083
2006-04-26;18.714
2006-04-27;20.625
2006-04-28;17.708
2006-04-29;15.083
2006-04-30;15.458
2006-05-01;18.500
2006-05-02;21.583
2006-05-03;16.417
2006-05-04;21.091
2006-05-05;22.583
2006-05-06;15.792
2006-05-07;14.917
2006-05-08;12.167
2006-05-09;12.625
2006-05-10;13.083
2006-05-11;16.667
2006-05-12;15.708
2006-05-13;23.125
2006-05-14;30.792
2006-05-15;39.958
2006-05-16;29.375
2006-05-17;37.875
2006-05-18;44.875
2006-05-19;36.333
2006-05-20;13.458
2006-05-21;21.167
2006-05-22;38.083
2006-05-23;35.167
2006-05-24;28.250
2006-05-25;19.250
2006-05-26;16.917
2006-05-27;18.792
2006-05-28;14.667
2006-05-29;15.875
2006-05-30;24.667
2006-05-31;26.208
2006-06-01;27.875
2006-06-02;25.818
2006-06-03;34.696
2006-06-04;69.542
2006-06-05;93.167
2006-06-06;88.042
2006-06-07;60.583
2006-06-08;42.083
2006-06-09;58.714
2006-06-10;72.125
2006-06-11;67.458
2006-06-12;80.875
2006-06-13;40.875
2006-06-14;57.375
2006-06-15;23.292
2006-06-16;31.583
2006-06-17;22.875
2006-06-18;47.542
2006-06-19;25.546
2006-06-20;57.870
2006-06-21;69.000
2006-06-22;58.375
2006-06-23;45.565
2006-06-24;78.591
2006-06-25;45.917
2006-06-26;35.500
2006-06-27;42.875
2006-06-28;17.792
2006-06-29;13.250
2006-06-30;38.609
2006-07-01;28.667
2006-07-02;14.958
2006-07-03;27.750
2006-07-04;76.000
2006-07-05;76.087
2006-07-06;31.458
2006-07-07;21.208
2006-07-08;27.167
2006-07-09;41.364
2006-07-10;61.000
2006-07-11;38.667
2006-07-12;26.542
2006-07-13;35.458
2006-07-14;57.625
2006-07-15;68.500
2006-07-16;55.667
2006-07-17;26.750
2006-07-18;23.750
2006-07-19;54.583
2006-07-20;32.667
2006-07-21;14.750
2006-07-22;27.083
2006-07-23;49.875
2006-07-24;50.250
2006-07-25;47.667
2006-07-26;31.174
2006-07-27;77.682
2006-07-28;56.546
2006-07-29;72.958
2006-07-30;53.750
2006-07-31;42.417
2006-08-01;32.625
2006-08-02;20.417
2006-08-03;26.583
2006-08-04;21.625
2006-08-05;19.583
2006-08-06;20.042
2006-08-07;41.044
2006-08-08;46.542
2006-08-09;35.958
2006-08-10;29.083
2006-08-11;47.083
2006-08-12;27.167
2006-08-13;30.833
2006-08-14;12.652
2006-08-15;18.958
2006-08-16;56.208
2006-08-17;35.667
2006-08-18;17.958
2006-08-19;18.083
2006-08-20;33.542
2006-08-21;29.792
2006-08-22;71.833
2006-08-23;80.167
2006-08-24;63.167
2006-08-25;10.909
2006-08-29;22.917
2006-08-30;24.875
2006-08-31;20.083
2006-09-01;25.917
2006-09-02;15.696
2006-09-03;32.083
2006-09-04;54.000
2006-09-05;56.417
2006-09-06;40.750
2006-09-07;48.917
2006-09-08;44.333
2006-09-09;27.333
2006-09-10;19.167
2006-09-11;18.500
2006-09-12;22.167
2006-09-13;33.042
2006-09-14;22.458
2006-09-15;76.042
2006-09-16;89.792
2006-09-17;65.417
2006-09-18;32.958
2006-09-19;47.833
2006-09-20;21.917
2006-09-21;20.000
2006-09-22;21.083
2006-09-23;22.125
2006-09-24;15.609
2006-09-25;23.667
2006-09-26;24.125
2006-09-27;25.708
2006-09-28;24.750
2006-09-29;37.792
2006-09-30;28.083
2006-10-01;15.667
2006-10-02;16.333
2006-10-03;16.125
2006-10-04;17.333
2006-10-05;21.792
2006-10-06;24.000
2006-10-07;47.333
2006-10-08;46.167
2006-10-09;25.958
2006-10-10;20.833
2006-10-11;14.958
2006-10-12;18.478
2006-10-17;21.000
2006-10-18;17.458
2006-10-19;21.708
2006-10-20;20.250
2006-10-21;17.958
2006-10-22;15.250
2006-10-23;21.333
2006-10-24;18.333
2006-10-25;17.458
2006-10-26;12.958
2006-10-27;27.042
2006-10-28;18.333
2006-10-29;27.875
2006-10-30;19.083
2006-10-31;22.625
2006-11-01;15.083
2006-11-02;13.625
2006-11-03;13.750
2006-11-04;12.542
2006-11-05;15.208
2006-11-06;16.500
2006-11-07;19.500
2006-11-08;19.292
2006-11-09;19.917
2006-11-10;17.958
2006-11-11;17.625
2006-11-12;16.792
2006-11-13;23.375
2006-11-14;18.792
2006-11-15;13.792
2006-11-16;16.125
2006-11-17;15.458
2006-11-18;16.708
2006-11-19;14.083
2006-11-20;15.750
2006-11-21;30.917
2006-11-22;15.417
2006-11-23;15.458
2006-11-24;15.375
2006-11-25;13.125
2006-11-26;9.583
2006-11-27;9.958
2006-11-28;17.917
2006-11-29;14.458
2006-11-30;16.250
2006-12-01;22.833
2006-12-02;27.667
2006-12-03;20.917
2006-12-04;9.000
2006-12-05;16.824
2006-12-06;28.826
2006-12-07;38.600
2006-12-08;32.500
2006-12-09;47.750
2006-12-10;25.083
2006-12-11;21.417
2006-12-12;23.917
2006-12-13;17.792
2006-12-14;21.167
2006-12-15;17.792
2006-12-16;17.958
2006-12-17;11.250
2006-12-18;17.292
2006-12-19;18.958
2006-12-20;29.208
2006-12-21;25.667
2006-12-22;13.917
2006-12-23;16.125
2006-12-24;17.500
2006-12-25;18.542
2006-12-26;15.167
2006-12-27;16.958
2006-12-28;19.833
2006-12-29;16.000
2006-12-30;17.214
2006-12-31;13.875
2007-01-01;14.667
2007-01-02;15.333
2007-01-03;18.417
2007-01-04;22.417
2007-01-05;23.625
2007-01-06;31.375
2007-01-07;19.542
2007-01-08;20.625
2007-01-09;52.958
2007-01-10;33.625
2007-01-11;32.417
2007-01-12;16.958
2007-01-13;16.458
2007-01-14;13.913
2007-01-15;19.583
2007-01-16;29.958
2007-01-17;21.417
2007-01-18;26.292
2007-01-19;28.917
2007-01-20;14.417
2007-01-21;15.304
2007-01-22;19.917
2007-01-23;17.542
2007-01-24;15.250
2007-01-25;21.417
2007-01-26;21.042
2007-01-27;16.958
2007-01-28;13.000
2007-01-29;15.833
2007-01-30;20.750
2007-01-31;17.167
2007-02-01;20.417
2007-02-02;17.375
2007-02-03;19.833
2007-02-04;16.500
2007-02-05;17.292
2007-02-06;18.417
2007-02-07;14.826
2007-02-08;15.000
2007-02-09;18.792
2007-02-10;16.250
2007-02-11;17.750
2007-02-12;15.542
2007-02-13;16.958
2007-02-14;16.333
2007-02-15;18.000
2007-02-16;17.708
2007-02-17;21.333
2007-02-18;18.500
2007-02-19;22.375
2007-02-20;20.125
2007-02-21;13.833
2007-02-22;14.792
2007-02-23;13.542
2007-02-24;22.208
2007-02-25;31.000
2007-02-26;29.625
2007-02-27;26.375
2007-02-28;23.125
2007-03-01;19.542
2007-03-02;19.826
2007-03-03;25.375
2007-03-04;29.417
2007-03-05;28.625
2007-03-06;28.333
2007-03-07;66.083
2007-03-08;56.458
2007-03-09;67.875
2007-03-10;53.833
2007-03-11;30.458
2007-03-12;48.333
2007-03-13;65.750
2007-03-14;35.208
2007-03-15;22.583
2007-03-16;42.583
2007-03-17;107.500
2007-03-18;17.625
2007-03-19;20.958
2007-03-20;31.000
2007-03-21;20.083
2007-03-22;21.458
2007-03-23;19.833
2007-03-24;21.000
2007-03-25;15.750
2007-03-26;17.375
2007-03-27;15.667
2007-03-28;14.333
2007-03-29;20.792
2007-03-30;23.667
2007-03-31;15.958
2007-04-01;16.833
2007-04-02;17.154
2007-04-03;21.385
2007-04-04;16.708
2007-04-05;12.958
2007-04-06;11.375
2007-04-07;14.708
2007-04-08;13.167
2007-04-09;12.500
2007-04-10;12.458
2007-04-11;16.208
2007-04-12;17.292
2007-04-13;13.875
2007-04-14;12.333
2007-04-15;12.458
2007-04-16;20.083
2007-04-17;31.292
2007-04-18;33.500
2007-04-19;44.500
2007-04-20;43.167
2007-04-21;46.292
2007-04-22;45.292
2007-04-23;29.625
2007-04-24;25.208
2007-04-25;19.708
2007-04-26;18.739
2007-04-27;17.583
2007-04-28;18.833
2007-04-29;16.708
2007-04-30;15.042
2007-05-01;15.250
2007-05-02;17.708
2007-05-03;16.500
2007-05-04;19.208
2007-05-05;16.667
2007-05-06;18.500
2007-05-07;23.000
2007-05-08;24.375
2007-05-09;18.542
2007-05-10;15.391
2007-05-11;17.833
2007-05-12;36.500
2007-05-13;52.667
2007-05-14;69.875
2007-05-15;157.167
2007-05-16;72.833
2007-05-17;81.583
2007-05-18;73.000
2007-05-19;40.727
2007-05-20;22.200
2007-05-21;15.267
2007-05-22;14.625
2007-05-23;15.167
2007-05-24;31.000
2007-05-25;31.750
2007-05-26;20.917
2007-05-27;14.750
2007-05-28;15.167
2007-05-29;28.750
2007-05-30;31.292
2007-05-31;43.625
2007-06-01;46.958
2007-06-02;54.083
2007-06-03;37.708
2007-06-04;30.458
2007-06-05;26.292
2007-06-06;20.292
2007-06-07;24.167
2007-06-08;23.625
2007-06-09;14.625
2007-06-10;11.250
2007-06-11;18.250
2007-06-12;21.750
2007-06-13;45.083
2007-06-14;37.792
2007-06-15;55.208
2007-06-16;35.750
2007-06-17;20.375
2007-06-18;26.125
2007-06-19;34.792
2007-06-20;40.583
2007-06-21;46.833
2007-06-22;31.250
2007-06-23;20.292
2007-06-24;27.958
2007-06-25;42.000
2007-06-26;32.750
2007-06-27;17.542
2007-06-28;21.208
2007-06-29;58.583
2007-06-30;63.708
2007-07-01;64.375
2007-07-02;75.478
2007-07-03;16.696
2007-07-04;31.696
2007-07-05;43.087
2007-07-06;57.273
2007-07-07;36.208
2007-07-08;37.652
2007-07-09;45.522
2007-07-10;51.348
2007-07-11;30.696
2007-07-12;49.957
2007-07-13;61.044
2007-07-14;25.957
2007-07-15;18.591
2007-07-16;37.957
2007-07-17;50.522
2007-07-18;26.938
2007-07-19;19.087
2007-07-20;52.174
2007-07-21;51.435
2007-07-22;12.087
2007-07-23;52.957
2007-07-24;56.652
2007-07-25;80.478
2007-07-26;82.696
2007-07-27;70.478
2007-07-28;30.522
2007-07-29;16.652
2007-07-30;18.571
2007-07-31;29.500
2007-08-02;59.571
2007-08-03;60.118
2007-08-04;41.087
2007-08-05;12.304
2007-08-06;27.000
2007-08-07;44.739
2007-08-08;41.261
2007-08-09;39.391
2007-08-10;25.957
2007-08-11;46.125
2007-08-12;24.739
2007-08-13;17.174
2007-08-14;16.739
2007-08-15;15.522
2007-08-16;36.546
2007-08-23;24.462
2007-08-24;20.783
2007-08-25;22.044
2007-08-26;24.913
2007-08-27;14.522
2007-08-28;17.958
2007-08-29;15.261
2007-08-30;32.739
2007-08-31;42.217
2007-09-01;24.696
2007-09-02;18.826
2007-09-03;17.739
2007-09-04;20.348
2007-09-05;26.652
2007-09-06;31.044
2007-09-07;17.609
2007-09-08;18.565
2007-09-09;18.130
2007-09-10;19.368
2007-09-11;52.174
2007-09-12;45.304
2007-09-13;21.000
2007-09-14;21.357
2007-09-15;14.300
2007-09-16;11.714
2007-09-17;20.000
2007-09-18;18.273
2007-09-19;39.933
2007-09-20;24.333
2007-09-21;24.000
2007-09-22;13.348
2007-09-23;13.600
2007-09-24;22.000
2007-09-25;14.111
2007-09-26;22.900
2007-09-27;14.478
2007-09-28;41.000
2007-09-29;32.739
2007-09-30;17.217
2007-10-01;23.391
2007-10-02;22.565
2007-10-03;19.391
2007-10-04;21.261
2007-10-05;12.000
2007-10-06;12.261
2007-10-07;13.522
2007-10-08;12.174
2007-10-09;14.435
2007-10-10;13.870
2007-10-11;49.727
2007-10-12;47.087
2007-10-13;29.652
2007-10-14;34.870
2007-10-15;46.783
2007-10-16;29.000
2007-10-17;16.391
2007-10-18;14.214
2007-10-19;15.583
2007-10-20;13.917
2007-10-21;17.708
2007-10-22;22.958
2007-10-23;11.417
2007-10-24;20.333
2007-10-25;13.500
2007-10-26;9.917
2007-10-27;11.708
2007-10-28;14.500
2007-10-29;19.875
2007-10-30;58.042
2007-10-31;53.542
2007-11-01;22.167
2007-11-02;18.125
2007-11-03;14.917
2007-11-04;14.917
2007-11-05;18.900
2007-11-06;19.957
2007-11-07;12.957
2007-11-08;13.957
2007-11-09;15.174
2007-11-10;12.609
2007-11-11;55.435
2007-11-12;76.000
2007-11-13;67.652
2007-11-14;48.478
2007-11-15;44.565
2007-11-16;39.652
2007-11-17;41.522
2007-11-18;37.174
2007-11-19;34.478
2007-11-20;18.696
2007-11-21;21.913
2007-11-22;14.870
2007-11-23;19.348
2007-11-24;18.522
2007-11-25;17.261
2007-11-26;24.958
2007-11-27;23.217
2007-11-28;20.652
2007-11-29;23.870
2007-11-30;32.652
2007-12-01;47.867
2007-12-03;18.462
2007-12-04;17.609
2007-12-05;19.870
2007-12-06;16.739
2007-12-07;17.957
2007-12-08;20.783
2007-12-09;18.261
2007-12-10;14.044
2007-12-11;21.727
2007-12-12;27.044
2007-12-13;26.000
2007-12-14;24.391
2007-12-15;18.391
2007-12-16;18.348
2007-12-17;21.913
2007-12-18;22.957
2007-12-19;23.609
2007-12-20;21.348
2007-12-22;11.833
2007-12-23;10.826
2007-12-24;17.565
2007-12-25;11.609
2007-12-26;15.739
2007-12-27;20.348
2007-12-28;17.652
2007-12-29;21.044
2007-12-30;17.957
2007-12-31;18.000
2008-01-01;16.435
2008-01-02;15.435
2008-01-03;21.522
2008-01-04;17.130
2008-01-05;24.217
2008-01-06;20.478
2008-01-07;17.087
2008-01-08;21.000
2008-01-09;24.696
2008-01-10;31.174
2008-01-11;21.609
2008-01-12;14.087
2008-01-13;21.783
2008-01-14;31.913
2008-01-15;27.783
2008-01-16;16.174
2008-01-17;18.783
2008-01-18;18.652
2008-01-19;17.870
2008-01-20;13.227
2008-01-21;16.826
2008-01-22;23.217
2008-01-23;24.826
2008-01-24;20.391
2008-01-25;16.652
2008-01-26;17.000
2008-01-27;16.957
2008-01-28;14.913
2008-01-29;25.391
2008-01-30;21.217
2008-01-31;23.739
2008-02-01;26.261
2008-02-02;20.565
2008-02-03;31.133
2008-02-14;25.273
2008-02-15;23.652
2008-02-16;18.957
2008-02-17;17.652
2008-02-18;17.435
2008-02-19;23.826
2008-02-20;18.870
2008-02-21;20.174
2008-02-22;21.261
2008-02-23;18.957
2008-02-24;15.478
2008-02-25;17.522
2008-02-26;16.304
2008-02-27;15.958
2008-02-28;16.565
2008-02-29;21.217
2008-03-01;17.174
2008-03-02;19.565
2008-03-03;18.174
2008-03-04;16.174
2008-03-05;22.087
2008-03-06;23.391
2008-03-07;24.261
2008-03-08;23.174
2008-03-09;18.348
2008-03-10;26.565
2008-03-11;24.348
2008-03-12;15.174
2008-03-13;18.348
2008-03-14;15.522
2008-03-15;12.913
2008-03-16;12.696
2008-03-17;18.792
2008-03-18;15.652
2008-03-19;29.087
2008-03-20;25.652
2008-03-21;21.044
2008-03-22;19.522
2008-03-23;19.826
2008-03-24;17.696
2008-03-25;16.391
2008-03-26;21.864
2008-03-27;21.565
2008-03-28;20.000
2008-03-29;20.522
2008-03-30;16.913
2008-03-31;16.435
2008-04-01;16.217
2008-04-02;21.000
2008-04-03;16.304
2008-04-04;22.435
2008-04-05;21.478
2008-04-06;17.478
2008-04-07;20.304
2008-04-08;16.652
2008-04-09;17.955
2008-04-10;18.174
2008-04-11;19.304
2008-04-12;17.217
2008-04-13;14.348
2008-04-14;20.391
2008-04-15;16.087
2008-04-16;22.826
2008-04-17;22.870
2008-04-18;19.087
2008-04-19;19.000
2008-04-20;13.870
2008-04-21;33.391
2008-04-22;48.913
2008-04-23;48.130
2008-04-24;44.609
2008-04-25;43.957
2008-04-26;47.261
2008-04-27;46.130
2008-04-28;31.130
2008-04-29;28.870
2008-04-30;21.609
2008-05-01;15.522
2008-05-02;16.087
2008-05-03;15.739
2008-05-04;12.130
2008-05-05;21.667
2008-05-06;59.455
2008-05-07;113.087
2008-05-08;114.870
2008-05-09;105.609
2008-05-10;39.000
2008-05-11;29.609
2008-05-12;25.304
2008-05-13;30.391
2008-05-14;21.000
2008-05-15;22.087
2008-05-16;18.826
2008-05-17;20.391
2008-05-18;25.870
2008-05-19;28.087
2008-05-20;15.174
2008-05-21;18.783
2008-05-22;17.000
2008-05-23;18.739
2008-05-24;16.391
2008-05-25;13.696
2008-05-26;21.261
2008-05-27;26.609
2008-05-28;37.391
2008-05-29;26.913
2008-05-30;17.870
2008-05-31;17.348
2008-06-01;16.696
2008-06-02;20.435
2008-06-03;19.739
2008-06-04;18.652
2008-06-05;17.435
2008-06-06;19.130
2008-06-07;28.348
2008-06-08;42.087
2008-06-09;33.044
2008-06-10;28.522
2008-06-11;29.391
2008-06-12;40.870
2008-06-13;27.478
2008-06-14;41.478
2008-06-15;58.217
2008-06-16;62.130
2008-06-17;39.826
2008-06-18;37.044
2008-06-19;47.044
2008-06-20;39.929
2008-06-21;36.739
2008-06-22;37.957
2008-06-23;37.870
2008-06-24;51.565
2008-06-25;30.478
2008-06-26;23.826
2008-06-27;37.391
2008-06-28;44.826
2008-06-29;42.652
2008-06-30;32.913
2008-07-01;27.478
2008-07-02;44.348
2008-07-03;34.174
2008-07-04;19.727
2008-07-05;23.522
2008-07-06;41.783
2008-07-07;28.304
2008-07-08;22.435
2008-07-09;16.609
2008-07-10;49.522
2008-07-11;51.864
2008-07-12;25.550
2008-07-13;20.652
2008-07-14;37.913
2008-07-15;34.125
2008-07-16;36.565
2008-07-17;17.913
2008-07-18;28.000
2008-07-19;40.261
2008-07-20;35.522
2008-07-21;35.696
2008-07-22;30.609
2008-07-23;18.304
2008-07-24;16.522
2008-07-25;25.913
2008-07-26;27.000
2008-07-27;21.478
2008-07-28;22.826
2008-07-29;28.696
2008-07-30;28.391
2008-07-31;15.348
2008-08-01;24.913
2008-08-02;36.565
2008-08-03;46.304
2008-08-04;36.696
2008-08-05;31.652
2008-08-06;60.913
2008-08-07;23.000
2008-08-08;19.609
2008-08-09;34.261
2008-08-10;51.000
2008-08-11;43.000
2008-08-12;33.217
2008-08-13;52.087
2008-08-14;25.348
2008-08-15;48.565
2008-08-16;49.826
2008-08-17;32.826
2008-08-18;20.522
2008-08-19;18.739
2008-08-20;27.000
2008-08-21;41.391
2008-08-22;36.652
2008-08-23;28.391
2008-08-24;21.783
2008-08-25;18.044
2008-08-26;15.870
2008-08-27;23.783
2008-08-28;22.348
2008-08-29;22.957
2008-08-30;51.783
2008-08-31;47.000
2008-09-01;15.913
2008-09-02;20.261
2008-09-03;22.174
2008-09-04;15.174
2008-09-05;14.125
2008-09-06;74.000
2008-09-08;13.636
2008-09-09;17.870
2008-09-10;21.478
2008-09-11;12.696
2008-09-12;17.522
2008-09-13;19.000
2008-09-14;18.304
2008-09-15;23.682
2008-09-16;23.696
2008-09-17;19.565
2008-09-18;13.652
2008-09-19;14.391
2008-09-20;10.130
2008-09-21;11.957
2008-09-22;16.652
2008-09-23;16.478
2008-09-24;13.522
2008-09-25;17.696
2008-09-26;12.870
2008-09-27;12.044
2008-09-28;15.044
2008-09-29;17.087
2008-09-30;13.348
2008-10-01;13.087
2008-10-02;13.348
2008-10-03;22.522
2008-10-04;24.652
2008-10-05;17.174
2008-10-06;19.391
2008-10-07;23.826
2008-10-08;31.783
2008-10-09;17.261
2008-10-10;16.696
2008-10-11;11.435
2008-10-12;15.100
2008-10-13;40.048
2008-10-14;45.435
2008-10-15;22.174
2008-10-16;18.174
2008-10-17;16.000
2008-10-18;19.087
2008-10-19;27.435
2008-10-20;54.522
2008-10-21;46.435
2008-10-22;25.261
2008-10-23;26.478
2008-10-24;23.739
2008-10-25;14.913
2008-10-26;12.826
2008-10-27;15.000
2008-10-28;14.870
2008-10-29;19.217
2008-10-30;19.652
2008-10-31;15.304
2008-11-01;20.348
2008-11-02;17.565
2008-11-03;19.130
2008-11-04;15.522
2008-11-05;11.391
2008-11-06;16.435
2008-11-07;19.217
2008-11-08;23.130
2008-11-09;17.783
2008-11-10;24.478
2008-11-11;17.304
2008-11-12;16.957
2008-11-13;17.087
2008-11-14;36.000
2008-11-15;31.478
2008-11-16;19.565
2008-11-17;21.000
2008-11-18;20.087
2008-11-19;18.913
2008-11-20;21.739
2008-11-21;16.522
2008-11-22;18.261
2008-11-23;17.870
2008-11-24;19.174
2008-11-25;20.435
2008-11-26;24.391
2008-11-27;29.913
2008-11-28;21.130
2008-11-29;25.348
2008-11-30;22.870
2008-12-01;24.044
2008-12-02;21.739
2008-12-03;18.478
2008-12-04;21.348
2008-12-05;25.174
2008-12-06;16.304
2008-12-07;15.348
2008-12-08;14.304
2008-12-09;14.609
2008-12-10;12.870
2008-12-11;15.870
2008-12-12;17.130
2008-12-13;19.304
2008-12-14;16.955
2008-12-15;21.333
2008-12-16;15.857
2008-12-17;28.826
2008-12-18;20.870
2008-12-19;24.478
2008-12-20;19.826
2008-12-21;14.435
2008-12-22;17.261
2008-12-23;17.304
2008-12-24;21.087
2008-12-25;21.957
2008-12-26;23.391
2008-12-27;20.174
2008-12-28;19.217
2008-12-29;16.130
2008-12-30;21.522
2008-12-31;19.609
2009-01-01;16.565
2009-01-02;17.652
2009-01-03;16.217
2009-01-04;17.174
2009-01-05;20.261
2009-01-06;19.913
2009-01-07;14.913
2009-01-08;17.435
2009-01-09;20.174
2009-01-10;16.826
2009-01-11;17.913
2009-01-12;20.870
2009-01-13;22.783
2009-01-14;22.391
2009-01-15;23.125
2009-01-16;13.375
2009-01-17;14.000
2009-01-18;22.792
2009-01-19;18.217
2009-01-20;14.044
2009-01-21;20.565
2009-01-22;21.524
2009-01-23;18.546
2009-01-24;14.130
2009-01-25;15.696
2009-01-26;17.000
2009-01-27;16.130
2009-01-28;18.304
2009-01-29;19.522
2009-01-30;17.826
2009-01-31;16.130
2009-02-01;12.957
2009-02-02;15.217
2009-02-03;18.957
2009-02-04;24.750
2009-02-05;17.000
2009-02-06;16.167
2009-02-07;17.875
2009-02-08;15.739
2009-02-09;18.087
2009-02-10;14.696
2009-02-11;12.739
2009-02-12;20.087
2009-02-13;19.783
2009-02-14;13.087
2009-02-15;19.478
2009-02-16;29.957
2009-02-17;45.652
2009-02-18;17.435
2009-02-19;18.478
2009-02-20;18.913
2009-02-21;23.783
2009-02-22;21.826
2009-02-23;21.958
2009-02-24;23.000
2009-02-25;19.217
2009-02-26;17.044
2009-02-27;17.696
2009-02-28;17.826
2009-03-01;13.565
2009-03-02;12.696
2009-03-03;14.783
2009-03-04;16.739
2009-03-05;21.261
2009-03-06;21.333
2009-03-07;19.864
2009-03-08;28.087
2009-03-09;29.957
2009-03-10;33.304
2009-03-11;25.733
2009-03-12;22.546
2009-03-13;21.652
2009-03-14;23.087
2009-03-15;14.130
2009-03-16;15.000
2009-03-17;21.304
2009-03-18;19.696
2009-03-19;16.000
2009-03-20;16.833
2009-03-21;18.000
2009-03-22;18.917
2009-03-23;20.667
2009-03-24;16.375
2009-03-25;13.292
2009-03-26;19.042
2009-03-27;25.042
2009-03-28;22.875
2009-03-29;17.875
2009-03-30;19.042
2009-03-31;16.417
2009-04-01;22.700
2009-04-02;12.875
2009-04-03;12.292
2009-04-04;11.044
2009-04-05;12.125
2009-04-06;13.375
2009-04-07;14.542
2009-04-08;18.583
2009-04-09;12.417
2009-04-10;14.333
2009-04-11;16.583
2009-04-12;16.333
2009-04-13;16.625
2009-04-14;14.458
2009-04-15;17.792
2009-04-16;17.792
2009-04-17;18.708
2009-04-18;16.625
2009-04-19;11.217
2009-04-20;12.958
2009-04-21;18.083
2009-04-22;19.727
2009-04-23;24.571
2009-04-24;11.643
2009-04-25;16.333
2009-04-26;16.042
2009-04-27;15.792
2009-04-28;18.250
2009-04-29;19.792
2009-04-30;18.875
2009-05-01;14.417
2009-05-02;24.208
2009-05-03;17.000
2009-05-04;21.542
2009-05-05;18.125
2009-05-06;24.792
2009-05-07;25.208
2009-05-08;32.083
2009-05-09;40.750
2009-05-10;21.917
2009-05-11;15.750
2009-05-12;17.292
2009-05-13;17.417
2009-05-14;16.167
2009-05-15;21.750
2009-05-16;19.292
2009-05-17;14.625
2009-05-18;31.542
2009-05-19;40.500
2009-05-20;30.500
2009-05-21;23.250
2009-05-22;32.542
2009-05-23;33.458
2009-05-24;22.333
2009-05-25;25.625
2009-05-26;40.083
2009-05-27;46.583
2009-05-28;45.083
2009-05-29;24.217
2009-05-30;12.636
2009-05-31;18.600
2009-06-01;34.111
2009-06-02;21.571
2009-06-03;26.375
2009-06-04;14.174
2009-06-05;16.792
2009-06-06;22.917
2009-06-07;48.417
2009-06-08;64.042
2009-06-09;29.958
2009-06-10;19.000
2009-06-11;14.542
2009-06-12;25.583
2009-06-13;42.833
2009-06-14;27.636
2009-06-15;21.400
2009-06-16;14.786
2009-06-17;15.917
2009-06-18;16.458
2009-06-19;17.792
2009-06-20;15.417
2009-06-21;13.227
2009-06-22;13.913
2009-06-23;16.500
2009-06-24;27.958
2009-06-25;123.750
2009-06-26;112.458
2009-06-27;78.750
2009-06-28;83.667
2009-06-29;54.917
2009-06-30;19.250
2009-07-01;52.292
2009-07-02;48.542
2009-07-03;50.750
2009-07-04;35.708
2009-07-05;65.000
2009-07-06;49.750
2009-07-07;26.708
2009-07-08;20.750
2009-07-09;44.500
2009-07-10;41.417
2009-07-11;33.583
2009-07-12;14.750
2009-07-13;38.917
2009-07-14;39.667
2009-07-15;55.958
2009-07-16;20.708
2009-07-17;27.750
2009-07-18;22.167
2009-07-19;37.750
2009-07-20;35.625
2009-07-21;28.292
2009-07-22;39.708
2009-07-23;52.833
2009-07-24;35.417
2009-07-25;19.000
2009-07-26;22.375
2009-07-27;51.292
2009-07-28;61.292
2009-07-29;25.167
2009-07-30;23.875
2009-07-31;32.533
2009-08-01;31.458
2009-08-02;26.458
2009-08-03;43.750
2009-08-04;50.667
2009-08-05;53.792
2009-08-06;83.708
2009-08-07;63.625
2009-08-08;37.708
2009-08-09;32.083
2009-08-10;41.875
2009-08-11;25.708
2009-08-12;19.500
2009-08-13;27.583
2009-08-14;25.000
2009-08-15;25.417
2009-08-16;23.667
2009-08-17;26.417
2009-08-18;40.625
2009-08-19;28.125
2009-08-20;33.042
2009-08-21;23.292
2009-08-22;27.875
2009-08-23;23.875
2009-08-24;20.875
2009-08-25;23.125
2009-08-26;57.000
2009-08-27;32.542
2009-08-28;18.500
2009-08-29;19.542
2009-08-30;28.167
2009-08-31;42.833
2009-09-01;23.417
2009-09-02;15.458
2009-09-03;14.708
2009-09-04;14.905
2009-09-05;13.000
2009-09-06;28.917
2009-09-07;18.875
2009-09-08;16.478
2009-09-09;23.083
2009-09-10;21.167
2009-09-11;22.542
2009-09-12;32.333
2009-09-13;26.636
2009-09-14;25.333
2009-09-15;26.375
2009-09-16;32.667
2009-09-17;18.958
2009-09-18;16.708
2009-09-19;25.208
2009-09-20;21.500
2009-09-21;18.870
2009-09-22;17.125
2009-09-23;16.125
2009-09-24;19.083
2009-09-25;12.375
2009-09-26;14.083
2009-09-27;64.083
2009-09-28;94.458
2009-09-29;25.625
2009-09-30;14.500
2009-10-01;15.667
2009-10-02;13.625
2009-10-03;23.792
2009-10-04;11.750
2009-10-05;69.292
2009-10-06;68.208
2009-10-07;44.208
2009-10-08;18.042
2009-10-09;34.042
2009-10-10;50.833
2009-10-11;48.000
2009-10-12;52.167
2009-10-13;19.708
2009-10-14;24.667
2009-10-15;19.875
2009-10-16;18.875
2009-10-17;29.522
2009-10-18;18.458
2009-10-19;16.833
2009-10-20;19.792
2009-10-21;19.583
2009-10-22;17.750
2009-10-23;16.708
2009-10-24;13.375
2009-10-25;13.542
2009-10-26;19.000
2009-10-27;19.708
2009-10-28;17.167
2009-10-29;17.292
2009-10-30;17.167
2009-10-31;12.500
2009-11-01;11.292
2009-11-02;12.125
2009-11-03;18.750
2009-11-04;28.167
2009-11-05;35.583
2009-11-06;20.375
2009-11-07;22.792
2009-11-08;16.417
2009-11-09;22.583
2009-11-10;28.875
2009-11-11;14.542
2009-11-12;17.500
2009-11-13;18.652
2009-11-14;26.708
2009-11-15;24.917
2009-11-16;16.875
2009-11-17;17.125
2009-11-18;17.542
2009-11-19;15.667
2009-11-20;16.333
2009-11-21;21.375
2009-11-22;19.417
2009-11-23;18.150
2009-11-24;18.583
2009-11-25;21.375
2009-11-26;33.792
2009-11-27;38.042
2009-11-28;33.542
2009-11-29;17.875
2009-11-30;20.417
2009-12-01;23.625
2009-12-02;18.042
2009-12-03;18.583
2009-12-04;18.600
2009-12-05;18.250
2009-12-06;15.208
2009-12-07;28.864
2009-12-08;21.417
2009-12-09;16.250
2009-12-10;16.542
2009-12-11;20.792
2009-12-12;18.583
2009-12-13;18.417
2009-12-14;15.167
2009-12-15;18.292
2009-12-16;10.583
2009-12-17;18.042
2009-12-18;13.217
2009-12-19;11.708
2009-12-20;11.500
2009-12-21;18.417
2009-12-22;27.542
2009-12-23;20.583
2009-12-24;20.292
2009-12-25;21.500
2009-12-26;22.875
2009-12-27;23.958
2009-12-28;20.667
2009-12-29;28.125
2009-12-30;33.208
2009-12-31;19.000
2010-01-01;16.042
2010-01-02;20.417
2010-01-03;12.250
2010-01-04;16.833
2010-01-05;28.125
2010-01-06;35.875
2010-01-07;33.125
2010-01-08;21.583
2010-01-09;14.208
2010-01-10;14.792
2010-01-11;15.708
2010-01-12;14.083
2010-01-13;17.750
2010-01-14;21.375
2010-01-15;16.958
2010-01-16;13.458
2010-01-17;15.167
2010-01-18;16.417
2010-01-19;16.875
2010-01-20;16.750
2010-01-21;13.875
2010-01-22;12.625
2010-01-23;20.333
2010-01-24;24.500
2010-01-25;14.000
2010-01-26;17.292
2010-01-27;18.958
2010-01-28;17.958
2010-01-29;16.000
2010-01-30;20.500
2010-01-31;23.667
2010-02-01;15.000
2010-02-02;19.929
2010-02-03;20.125
2010-02-04;20.500
2010-02-05;27.500
2010-02-06;14.458
2010-02-07;14.917
2010-02-08;19.542
2010-02-17;20.625
2010-02-18;23.458
2010-02-19;20.583
2010-02-20;16.042
2010-02-21;16.208
2010-02-22;20.083
2010-02-23;20.917
2010-02-24;22.684
2010-02-25;28.208
2010-02-26;38.208
2010-02-27;28.583
2010-02-28;19.348
2010-03-01;40.526
2010-03-02;51.958
2010-03-03;50.458
2010-03-04;51.167
2010-03-05;38.667
2010-03-06;43.083
2010-03-07;40.875
2010-03-08;21.958
2010-03-09;27.667
2010-03-10;55.375
2010-03-11;52.958
2010-03-12;17.750
2010-03-13;28.833
2010-03-14;24.167
2010-03-15;45.125
2010-03-16;55.083
2010-03-17;70.000
2010-03-18;61.167
2010-03-19;61.417
2010-03-20;31.083
2010-03-21;28.458
2010-03-22;28.083
2010-03-23;27.708
2010-03-24;21.500
2010-03-25;18.542
2010-03-26;15.875
2010-03-27;13.000
2010-03-28;10.652
2010-03-29;16.583
2010-03-30;26.417
2010-03-31;70.792
2010-04-01;52.125
2010-04-09;18.167
2010-04-10;21.167
2010-04-11;19.583
2010-04-12;16.318
2010-04-13;18.250
2010-04-14;20.583
2010-04-15;29.542
2010-04-16;14.792
2010-04-17;16.333
2010-04-18;16.083
2010-04-19;21.250
2010-04-20;19.458
2010-04-21;14.583
2010-04-22;15.333
2010-04-23;14.125
2010-04-24;13.292
2010-04-25;14.000
2010-04-26;35.958
2010-04-27;73.125
2010-04-28;94.208
2010-04-29;50.083
2010-04-30;19.833
2010-05-01;16.565
2010-05-02;17.583
2010-05-03;18.417
2010-05-04;19.458
2010-05-05;21.375
2010-05-06;15.917
2010-05-07;22.773
2010-05-08;19.750
2010-05-09;21.917
2010-05-10;18.526
2010-05-11;13.333
2010-05-12;16.833
2010-05-13;16.958
2010-05-14;21.750
2010-05-15;19.583
2010-05-16;19.250
2010-05-17;18.958
2010-05-18;24.583
2010-05-19;22.958
2010-05-20;29.333
2010-05-21;23.917
2010-05-22;30.917
2010-05-23;34.250
2010-05-24;51.333
2010-05-25;67.250
2010-05-26;76.750
2010-05-27;85.458
2010-05-28;44.958
2010-05-29;26.042
2010-05-30;30.042
2010-05-31;81.500
2010-06-01;104.375
2010-06-02;97.958
2010-06-03;103.333
2010-06-04;30.042
2010-06-05;18.167
2010-06-06;31.833
2010-06-07;41.500
2010-06-08;51.625
2010-06-09;58.500
2010-06-10;54.417
2010-06-11;20.458
2010-06-12;21.500
2010-06-13;32.333
2010-06-14;11.208
2010-06-15;14.458
2010-06-16;22.130
2010-06-17;25.958
2010-06-18;14.000
2010-06-19;22.417
2010-06-20;19.208
2010-06-21;26.333
2010-06-22;34.708
2010-06-23;33.417
2010-06-24;34.333
2010-06-25;19.667
2010-06-26;14.417
2010-06-27;27.458
2010-06-28;49.833
2010-06-29;19.917
2010-06-30;33.917
2010-07-01;63.000
2010-07-02;60.917
2010-07-03;44.708
2010-07-04;26.250
2010-07-05;33.792
2010-07-06;71.792
2010-07-07;70.000
2010-07-08;37.542
2010-07-09;33.667
2010-07-10;44.083
2010-07-11;20.000
2010-07-12;24.917
2010-07-13;42.250
2010-07-14;55.217
2010-07-15;38.000
2010-07-16;36.792
2010-07-17;37.708
2010-07-18;25.083
2010-07-19;18.917
2010-07-20;16.417
2010-07-21;19.208
2010-07-22;34.875
2010-07-23;31.500
2010-07-24;32.000
2010-07-25;54.417
2010-07-26;30.125
2010-07-27;19.292
2010-07-28;22.083
2010-07-29;42.333
2010-07-30;38.667
2010-07-31;27.167
2010-08-01;22.739
2010-08-02;23.167
2010-08-03;29.750
2010-08-04;24.833
2010-08-05;21.917
2010-08-06;46.458
2010-08-07;23.000
2010-08-08;4.000
2010-08-09;9.214
2010-08-10;10.125
2010-08-11;12.917
2010-08-12;21.875
2010-08-13;26.125
2010-08-14;19.708
2010-08-15;14.667
2010-08-16;14.542
2010-08-17;42.583
2010-08-18;90.042
2010-08-19;59.000
2010-08-20;29.375
2010-08-21;22.125
2010-08-22;20.792
2010-08-23;43.042
2010-08-24;78.958
2010-08-25;14.750
2010-08-26;37.583
2010-08-27;31.125
2010-08-28;21.958
2010-08-29;26.200
2010-09-01;23.364
2010-09-02;53.208
2010-09-03;54.500
2010-09-04;29.208
2010-09-05;19.750
2010-09-06;18.750
2010-09-07;19.250
2010-09-08;18.458
2010-09-09;21.625
2010-09-10;16.875
2010-09-11;12.458
2010-09-12;13.542
2010-09-13;20.958
2010-09-14;25.792
2010-09-15;26.208
2010-09-16;22.667
2010-09-17;24.875
2010-09-18;19.875
2010-09-19;15.000
2010-09-20;29.917
2010-09-21;79.500
2010-09-22;30.125
2010-09-23;21.083
2010-09-24;19.292
2010-09-25;12.958
2010-09-26;15.522
2010-09-27;11.750
2010-09-28;15.833
2010-09-29;17.167
2010-09-30;14.625
2010-10-01;23.625
2010-10-02;14.500
2010-10-03;14.333
2010-10-04;13.083
2010-10-05;17.042
2010-10-06;22.957
2010-10-07;21.958
2010-10-08;19.875
2010-10-09;31.750
2010-10-10;15.667
2010-10-11;21.583
2010-10-12;25.875
2010-10-13;23.500
2010-10-14;19.250
2010-10-15;17.333
2010-10-16;17.583
2010-10-17;17.833
2010-10-18;17.958
2010-10-19;12.417
2010-10-20;16.792
2010-10-21;15.000
2010-10-22;20.923
2010-10-25;13.231
2010-10-26;16.708
2010-10-27;18.208
2010-10-28;14.000
2010-10-29;16.708
2010-10-30;20.833
2010-10-31;17.792
2010-11-01;18.000
2010-11-02;34.167
2010-11-03;41.208
2010-11-04;22.083
2010-11-05;24.167
2010-11-06;19.500
2010-11-07;15.083
2010-11-08;14.250
2010-11-09;16.083
2010-11-10;11.042
2010-11-11;13.292
2010-11-12;15.375
2010-11-13;17.625
2010-11-14;18.250
2010-11-15;17.708
2010-11-16;16.958
2010-11-17;14.375
2010-11-18;12.083
2010-11-19;15.167
2010-11-20;16.250
2010-11-21;15.000
2010-11-22;15.417
2010-11-23;16.333
2010-11-24;20.292
2010-11-25;16.667
2010-11-26;16.000
2010-11-27;14.833
2010-11-28;14.542
2010-11-29;15.458
2010-11-30;16.333
2010-12-01;23.083
2010-12-02;19.000
2010-12-03;20.333
2010-12-04;20.083
2010-12-05;14.000
2010-12-06;13.458
2010-12-07;11.292
2010-12-08;14.417
2010-12-09;21.333
2010-12-10;21.458
2010-12-11;21.625
2010-12-12;15.458
2010-12-13;20.417
2010-12-14;17.458
2010-12-15;20.042
2010-12-16;14.917
2010-12-17;16.667
2010-12-18;13.750
2010-12-19;16.917
2010-12-20;13.500
2010-12-21;17.292
2010-12-22;21.500
2010-12-23;16.667
2010-12-24;23.917
2010-12-25;7.833
2010-12-26;8.625
2010-12-27;13.083
2010-12-28;11.792
2010-12-29;12.750
2010-12-30;8.875
2010-12-31;12.917
2011-01-01;13.583
2011-01-02;16.083
2011-01-03;9.167
2011-01-04;8.417
2011-01-05;14.042
2011-01-06;16.417
2011-01-07;28.542
2011-01-08;18.708
2011-01-09;21.750
2011-01-10;22.542
2011-01-11;20.875
2011-01-12;25.542
2011-01-13;37.833
2011-01-14;26.125
2011-01-15;15.542
2011-01-16;17.750
2011-01-17;18.708
2011-01-18;20.500
2011-01-19;13.500
2011-01-20;15.417
2011-01-21;18.750
2011-01-22;16.333
2011-01-23;17.792
2011-01-24;13.042
2011-01-25;15.250
2011-01-26;15.625
2011-01-27;15.708
2011-01-28;17.333
2011-01-29;16.875
2011-01-30;11.375
2011-01-31;11.458
2011-02-01;13.250
2011-02-02;13.208
2011-02-03;12.875
2011-02-04;12.333
2011-02-05;15.524
2011-02-06;13.250
2011-02-07;19.292
2011-02-08;18.217
2011-02-09;22.917
2011-02-10;21.833
2011-02-11;21.208
2011-02-12;20.667
2011-02-13;13.458
2011-02-14;15.000
2011-02-15;19.458
2011-02-16;16.375
2011-02-17;15.792
2011-02-18;19.083
2011-02-19;21.167
2011-02-20;17.167
2011-02-21;17.625
2011-02-22;21.083
2011-02-23;24.292
2011-02-24;18.792
2011-02-25;19.333
2011-02-26;21.958
2011-02-27;18.125
2011-02-28;18.875
2011-03-01;17.708
2011-03-02;10.708
2011-03-03;13.292
2011-03-04;21.417
2011-03-05;35.042
2011-03-06;22.042
2011-03-07;17.125
2011-03-08;10.208
2011-03-09;12.833
2011-03-10;15.708
2011-03-11;19.542
2011-03-12;12.208
2011-03-13;11.583
2011-03-14;15.500
2011-03-15;15.917
2011-03-16;12.208
2011-03-17;14.250
2011-03-18;22.875
2011-03-19;13.875
2011-03-20;10.083
2011-03-21;16.208
2011-03-22;17.250
2011-03-23;19.042
2011-03-24;14.250
2011-03-25;16.000
2011-03-26;18.708
2011-03-27;13.167
2011-03-28;18.208
2011-03-29;18.542
2011-03-30;25.458
2011-03-31;15.875
2011-04-01;19.333
2011-04-02;20.304
2011-04-05;29.667
2011-04-06;27.917
2011-04-07;19.750
2011-04-08;19.792
2011-04-09;18.167
2011-04-10;21.200
2011-04-11;18.667
2011-04-12;13.125
2011-04-13;12.458
2011-04-14;21.333
2011-04-15;19.917
2011-04-16;17.250
2011-04-17;12.042
2011-04-18;17.708
2011-04-19;16.500
2011-04-20;20.292
2011-04-21;15.500
2011-04-22;17.250
2011-04-23;15.250
2011-04-24;12.542
2011-04-25;18.208
2011-04-26;21.333
2011-04-27;13.583
2011-04-28;24.000
2011-04-29;21.292
2011-04-30;20.667
2011-05-01;16.565
2011-05-02;14.833
2011-05-03;15.833
2011-05-04;14.200
2011-05-05;6.900
2011-05-06;17.083
2011-05-07;14.583
2011-05-08;8.208
2011-05-09;19.833
2011-05-10;37.292
2011-05-11;60.125
2011-05-12;47.750
2011-05-13;33.750
2011-05-14;29.625
2011-05-15;36.083
2011-05-16;19.292
2011-05-17;14.667
2011-05-18;16.542
2011-05-19;16.833
2011-05-20;18.583
2011-05-21;12.875
2011-05-22;22.000
2011-05-23;34.458
2011-05-24;35.391
2011-05-25;41.364
2011-05-26;86.958
2011-05-27;70.292
2011-05-28;81.167
2011-05-29;42.917
2011-05-30;61.458
2011-05-31;56.708
2011-06-01;60.917
2011-06-02;46.625
2011-06-03;48.125
2011-06-04;37.167
2011-06-05;31.583
2011-06-06;17.625
2011-06-07;34.708
2011-06-08;31.000
2011-06-09;28.000
2011-06-10;39.292
2011-06-11;38.417
2011-06-12;27.958
2011-06-13;17.417
2011-06-14;26.133
2011-06-15;34.500
2011-06-16;29.333
2011-06-17;19.625
2011-06-18;19.417
2011-06-19;23.792
2011-06-20;37.833
2011-06-21;56.667
2011-06-22;47.750
2011-06-23;44.667
2011-06-24;43.667
2011-06-25;29.833
2011-06-26;27.875
2011-06-27;49.375
2011-06-28;56.292
2011-06-29;48.208
2011-06-30;32.958
2011-07-01;50.250
2011-07-02;28.875
2011-07-03;35.750
2011-07-04;25.958
2011-07-05;31.542
2011-07-06;38.167
2011-07-07;20.773
2011-07-08;34.417
2011-07-09;43.875
2011-07-10;21.917
2011-07-11;15.750
2011-07-12;23.833
2011-07-13;36.667
2011-07-14;51.333
2011-07-15;20.769
2011-07-16;18.375
2011-07-17;31.292
2011-07-18;15.625
2011-07-19;26.208
2011-07-20;35.833
2011-07-21;38.542
2011-07-22;17.875
2011-07-23;12.375
2011-07-24;18.000
2011-07-25;17.542
2011-07-26;14.083
2011-07-27;14.833
2011-07-28;19.050
2011-07-29;21.667
2011-07-30;16.208
2011-07-31;19.292
2011-08-01;37.000
2011-08-02;17.077
2011-08-03;32.000
2011-08-04;68.458
2011-08-05;27.000
2011-08-06;23.765
2011-08-08;13.786
2011-08-09;19.000
2011-08-10;10.125
2011-08-11;38.500
2011-08-12;71.750
2011-08-13;55.125
2011-08-14;63.083
2011-08-15;44.364
2011-08-17;34.455
2011-08-18;28.583
2011-08-19;34.208
2011-08-20;23.478
2011-08-21;14.957
2011-08-22;23.458
2011-08-23;33.615
2011-08-24;22.083
2011-08-25;40.292
2011-08-26;36.375
2011-08-27;20.042
2011-08-28;18.000
2011-08-29;23.125
2011-09-26;13.286
2011-09-27;11.792
2011-09-28;11.833
2011-09-29;14.375
2011-09-30;17.500
2011-10-01;15.261
2011-10-02;16.708
2011-10-03;33.167
2011-10-04;69.174
2011-10-05;48.083
2011-10-06;27.458
2011-10-07;21.250
2011-10-08;17.000
2011-10-09;14.792
2011-10-10;18.625
2011-10-11;37.238
2011-10-12;37.333
2011-10-13;68.208
2011-10-14;65.818
2011-10-15;25.042
2011-10-16;28.333
2011-10-17;51.750
2011-10-18;29.750
2011-10-19;31.083
2011-10-20;23.292
2011-10-21;24.208
2011-10-22;33.375
2011-10-23;37.000
2011-10-24;17.957
2011-10-25;12.143
2011-10-26;20.042
2011-10-27;15.381
2011-10-28;18.278
2011-10-29;14.042
2011-10-30;12.833
2011-10-31;17.375
2011-11-01;11.500
2011-11-02;46.667
2011-11-03;89.250
2011-11-04;58.417
2011-11-05;22.625
2011-11-06;12.917
2011-11-07;21.708
2011-11-08;43.792
2011-11-09;37.333
2011-11-10;26.792
2011-11-11;26.125
2011-11-12;24.333
2011-11-13;17.833
2011-11-14;20.429
2011-11-15;17.792
2011-11-16;19.375
2011-11-17;16.958
2011-11-18;15.917
2011-11-19;17.208
2011-11-20;15.292
2011-11-21;26.375
2011-11-22;21.542
2011-11-23;15.083
2011-11-24;16.083
2011-11-25;15.667
2011-11-26;20.875
2011-11-27;13.542
2011-11-28;8.750
2011-11-29;12.708
2011-11-30;20.182
2011-12-01;20.500
2011-12-02;17.083
2011-12-03;14.000
2011-12-04;12.417
2011-12-05;17.417
2011-12-06;27.667
2011-12-07;17.958
2011-12-08;19.417
2011-12-09;24.333
2011-12-10;19.958
2011-12-11;14.958
2011-12-12;20.000
2011-12-13;15.667
2011-12-14;24.542
2011-12-15;15.375
2011-12-16;20.625
2011-12-17;19.083
2011-12-18;18.125
2011-12-19;22.875
2011-12-20;17.833
2011-12-21;18.000
2011-12-22;19.792
2011-12-23;19.042
2011-12-24;17.542
2011-12-25;13.875
2011-12-26;15.792
2011-12-27;17.417
2011-12-28;16.958
2011-12-29;17.250
2011-12-30;21.375
2011-12-31;20.542
2012-01-01;18.708
2012-01-02;20.792
2012-01-03;23.708
2012-01-04;18.208
2012-01-05;17.375
2012-01-06;19.708
2012-01-07;15.750
2012-01-08;14.167
2012-01-09;15.083
2012-01-10;16.818
2012-01-11;14.750
2012-01-12;17.917
2012-01-13;20.083
2012-01-14;19.042
2012-01-15;19.250
2012-01-16;17.458
2012-01-17;14.042
2012-01-18;18.375
2012-01-19;26.042
2012-01-20;21.917
2012-01-21;18.042
2012-01-22;14.833
2012-01-23;16.792
2012-01-24;15.833
2012-01-25;17.000
2012-01-26;14.500
2012-01-27;14.917
2012-01-28;17.250
2012-01-29;17.875
2012-01-30;19.250
2012-01-31;16.458
2012-02-01;17.250
2012-02-02;20.583
2012-02-03;20.708
2012-02-04;18.042
2012-02-05;17.458
2012-02-06;21.167
2012-02-07;20.917
2012-02-08;20.500
2012-02-09;17.458
2012-02-10;61.792
2012-02-11;29.458
2012-02-12;16.792
2012-02-13;15.708
2012-02-14;15.708
2012-02-15;22.292
2012-02-16;21.917
2012-02-17;23.625
2012-02-18;16.250
2012-02-19;15.333
2012-02-20;18.375
2012-02-21;13.500
2012-02-22;11.958
2012-02-23;17.167
2012-02-24;17.792
2012-02-25;18.042
2012-02-26;21.667
2012-02-27;19.667
2012-02-28;18.583
2012-02-29;20.292
2012-03-01;17.458
2012-03-02;19.625
2012-03-03;15.333
2012-03-04;17.875
2012-03-05;19.667
2012-03-06;28.750
2012-03-07;54.167
2012-03-08;24.250
2012-03-09;22.250
2012-03-10;21.333
2012-03-11;20.375
2012-03-12;16.792
2012-03-13;16.875
2012-03-14;16.208
2012-03-15;18.000
2012-03-16;34.292
2012-03-17;43.125
2012-03-18;34.542
2012-03-19;40.000
2012-03-20;36.500
2012-03-21;27.478
2012-03-22;25.708
2012-03-23;22.667
2012-03-24;34.417
2012-03-25;70.000
2012-03-26;68.375
2012-03-27;58.000
2012-03-28;81.208
2012-03-29;60.333
2012-03-30;25.708
2012-03-31;18.667
2012-04-01;18.083
2012-04-02;11.458
2012-04-03;14.333
2012-04-04;13.870
2012-04-05;13.875
2012-04-06;14.333
2012-04-07;15.250
2012-04-08;13.792
2012-04-09;17.125
2012-04-10;15.375
2012-04-11;17.208
2012-04-12;18.417
2012-04-13;17.125
2012-04-14;14.250
2012-04-15;12.708
2012-04-16;20.167
2012-04-17;19.167
2012-04-18;16.208
2012-04-19;9.833
2012-04-20;10.708
2012-04-21;12.625
2012-04-22;12.333
2012-04-23;17.250
2012-04-24;14.143
2012-04-25;17.500
2012-04-26;14.292
2012-04-27;15.042
2012-04-28;14.667
2012-04-29;16.375
2012-04-30;18.542
2012-05-01;15.792
2012-05-02;18.833
2012-05-03;24.875
2012-05-04;14.000
2012-05-05;14.333
2012-05-06;9.917
2012-05-07;8.000
2012-05-08;14.792
2012-05-09;16.913
2012-05-10;56.308
2012-05-11;72.917
2012-05-12;81.542
2012-05-13;48.917
2012-05-14;22.083
2012-05-15;15.542
2012-05-16;18.417
2012-05-17;14.500
2012-05-18;38.125
2012-05-19;24.333
2012-05-20;31.292
2012-05-21;38.000
2012-05-22;44.208
2012-05-23;48.083
2012-05-24;29.708
2012-05-25;20.875
2012-05-26;16.875
2012-05-27;12.167
2012-05-28;29.125
2012-05-29;44.792
2012-05-30;82.542
2012-05-31;57.333
2012-06-01;71.917
2012-06-02;82.458
2012-06-03;64.208
2012-06-04;71.625
2012-06-05;29.292
2012-06-06;31.750
2012-06-07;46.636
2012-06-08;39.875
2012-06-09;24.750
2012-06-10;36.583
2012-06-11;46.750
2012-06-12;61.125
2012-06-13;44.500
2012-06-14;44.542
2012-06-15;38.565
2012-06-16;57.542
2012-06-17;51.750
2012-06-18;39.917
2012-06-19;25.333
2012-06-21;56.857
2012-06-22;54.542
2012-06-23;21.000
2012-06-24;20.583
2012-06-25;29.542
2012-06-26;56.083
2012-06-27;67.667
2012-06-28;35.208
2012-06-29;30.792
2012-06-30;30.833
2012-07-01;74.417
2012-07-02;92.208
2012-07-03;60.333
2012-07-04;52.583
2012-07-05;63.042
2012-07-06;51.208
2012-07-07;20.250
2012-07-08;12.208
2012-07-09;39.667
2012-07-10;69.417
2012-07-11;45.417
2012-07-12;21.417
2012-07-13;13.125
2012-07-14;51.500
2012-07-15;40.750
2012-07-16;48.542
2012-07-17;24.292
2012-07-18;13.083
2012-07-19;36.750
2012-07-20;61.067
2012-07-23;43.083
2012-07-24;60.333
2012-07-25;52.708
2012-07-26;50.208
2012-07-27;34.875
2012-07-28;22.833
2012-07-29;44.208
2012-07-30;15.708
2012-07-31;28.167
2012-08-01;34.708
2012-08-02;32.125
2012-08-03;21.375
2012-08-04;38.750
2012-08-05;37.917
2012-08-06;30.250
2012-08-07;34.208
2012-08-08;43.458
2012-08-09;42.958
2012-08-10;61.042
2012-08-11;60.125
2012-08-12;19.917
2012-08-13;21.792
2012-08-14;21.875
2012-08-15;16.750
2012-08-16;35.958
2012-08-17;62.833
2012-08-18;71.708
2012-08-19;64.667
2012-08-20;48.292
2012-08-21;56.333
2012-08-22;31.154
2012-08-23;17.214
2012-08-24;36.750
2012-08-25;52.833
2012-08-26;34.792
2012-08-27;37.625
2012-08-28;58.708
2012-08-29;36.042
2012-08-30;27.000
2012-08-31;28.130
2012-09-01;30.375
2012-09-02;25.792
2012-09-03;21.042
2012-09-04;27.750
2012-09-05;44.125
2012-09-06;44.875
2012-09-07;47.500
2012-09-08;42.708
2012-09-09;18.875
2012-09-10;19.958
2012-09-11;22.458
2012-09-12;14.125
2012-09-13;13.333
2012-09-14;13.833
2012-09-15;12.542
2012-09-16;13.917
2012-09-17;19.143
2012-09-18;12.364
2012-09-19;11.375
2012-09-20;35.083
2012-09-21;47.417
2012-09-22;45.458
2012-09-23;48.458
2012-09-24;31.292
2012-09-25;17.042
2012-09-26;23.333
2012-09-27;17.783
2012-09-28;14.792
2012-09-29;14.792
2012-09-30;13.583
2012-10-01;18.500
2012-10-02;16.375
2012-10-03;17.708
2012-10-04;17.125
2012-10-05;16.000
2012-10-06;20.625
2012-10-07;19.125
2012-10-08;18.042
2012-10-09;16.042
2012-10-10;20.375
2012-10-11;30.875
2012-10-12;15.083
2012-10-13;18.958
2012-10-14;17.667
2012-10-15;19.833
2012-10-16;37.958
2012-10-17;21.542
2012-10-18;19.250
2012-10-19;22.136
2012-10-20;26.333
2012-10-21;19.042
2012-10-22;18.708
2012-10-23;17.391
2012-10-24;13.750
2012-10-25;15.708
2012-10-26;15.455
2012-10-27;13.125
2012-10-28;15.542
2012-10-29;17.583
2012-10-30;16.500
2012-10-31;15.667
2012-11-01;18.333
2012-11-02;18.083
2012-11-03;12.952
2012-11-04;11.227
2012-11-05;9.435
2012-11-06;11.667
2012-11-07;14.083
2012-11-08;14.042
2012-11-09;14.500
2012-11-10;17.792
2012-11-11;13.375
2012-11-12;17.250
2012-11-13;16.875
2012-11-14;18.833
2012-11-15;16.917
2012-11-16;11.500
2012-11-17;13.792
2012-11-18;15.208
2012-11-19;15.684
2012-11-20;14.400
2012-12-01;21.895
2012-12-02;11.750
2012-12-03;13.000
2012-12-08;14.846
2012-12-09;14.727
2012-12-10;24.250
2013-02-21;19.50769231
2013-02-22;15.80833333
2013-02-23;11.14166667
2013-02-24;15.15909091
2013-02-25;16.25
2013-02-26;14.83333333
2013-02-27;13.77083333
2013-02-28;15.5625
2013-03-01;15.08333333
2013-03-02;14.59583333
2013-03-03;14.82083333
2013-03-04;17.00416667
2013-03-05;21.925
2013-03-06;19.625
2013-03-07;22.7875
2013-03-08;27.1125
2013-03-09;18.6625
2013-03-10;17.99166667
2013-03-11;23.62916667
2013-03-12;21.29583333
2013-03-13;18.95833333
2013-03-14;17.61666667
2013-03-15;19.1
2013-03-16;19.425
2013-03-17;12.7
2013-03-18;12.62608696
2013-03-19;12.36521739
2013-03-20;14.7125
2013-03-21;16.125
2013-03-22;28.67083333
2013-03-23;28.61666667
2013-03-24;20.03333333
2013-03-25;9.27826087
2013-03-26;15.13684211
2013-03-27;17.175
2013-03-28;18.4375
2013-03-29;17.11666667
2013-03-30;11.20833333
2013-03-31;14.79583333
2013-04-01;18.7625
2013-04-02;25.75833333
2013-04-03;20.90434783
2013-04-04;14.56521739
2013-04-05;14.00952381
2013-04-06;12.74583333
2013-04-07;14.14166667
2013-04-08;15.89583333
2013-04-09;13.90833333
2013-04-10;15.70833333
2013-04-11;13.53333333
2013-04-12;11.375
2013-04-13;16.05833333
2013-04-14;13.8
2013-04-15;20.38181818
2013-04-16;8.775
2013-04-17;12.175
2013-04-18;11.29166667
2013-04-19;11.4
2013-04-20;11.89583333
2013-04-21;20.3125
2013-04-22;20.73529412
2013-04-23;15.95
2013-04-24;13.11666667
2013-04-25;13.64583333
2013-04-26;9.934782609
2013-04-27;11.49166667
2013-04-28;13.20416667
2013-04-29;14.07083333
2013-04-30;9.791666667
2013-05-01;8.4
2013-05-02;10.59166667
2013-05-03;23.71666667
2013-05-04;22.57083333
2013-05-05;30.2625
2013-05-06;38.74583333
2013-05-07;38.60666667
2013-05-10;20.1
2013-05-11;18.77083333
2013-05-12;12.86666667
2013-05-13;12.37916667
2013-05-14;16.69166667
2013-05-15;17.53333333
2013-05-16;19.35416667
2013-05-17;14.2
2013-05-18;22.30833333
2013-05-19;30.57083333
2013-05-20;28.32083333
2013-05-21;17.65833333
2013-05-22;16.30833333
2013-05-23;18.60833333
2013-05-24;23.625
2013-05-25;21.2125
2013-05-26;16.58636364
2013-05-27;36.2125
2013-05-28;41.8875
2013-05-29;37.5375
2013-05-30;46.19583333
2013-05-31;32.6875
2013-06-01;28.97083333
2013-06-02;30.36666667
2013-06-03;34.17083333
2013-06-04;44.00833333
2013-06-05;36.02083333
2013-06-06;22.04166667
2013-06-07;14.49166667
2013-06-08;18.9375
2013-06-09;25.19166667
2013-06-10;26.25833333
2013-06-11;44.2
2013-06-12;40.0625
2013-06-13;31.3625
2013-06-14;61.65
2013-06-15;54.5
2013-06-16;43.16666667
2013-06-17;33.89583333
2013-06-18;51.09166667
2013-06-19;34.4
2013-06-20;41.74583333
2013-06-21;14.27083333
2013-06-22;21.39583333
2013-06-23;38.85833333
2013-06-24;32.48333333
2013-06-25;16.05
2013-06-26;35.84166667
2013-06-27;41.42083333
2013-06-28;44.025
2013-06-29;18.30833333
2013-06-30;37.31666667
2013-07-01;50.40833333
2013-07-02;17.87083333
2013-07-03;18.97083333
2013-07-04;49.8
2013-07-05;36.875
2013-07-06;21.48333333
2013-07-07;9.108333333
2013-07-08;23.2875
2013-07-09;32.24166667
2013-07-10;43.85833333
2013-07-11;51.32916667
2013-07-12;29.84583333
2013-07-13;20.90416667
2013-07-14;12.32083333
2013-07-15;20.3625
2013-07-16;36.1625
2013-07-17;19
2013-07-18;42.03478261
2013-07-19;58.50416667
2013-07-20;35.58333333
2013-07-21;13.09583333
2013-07-22;24.92083333
2013-07-23;53.025
2013-07-24;60.2625
2013-07-25;43.09166667
2013-07-26;20.30416667
2013-07-27;18.76666667
2013-07-28;25.9
2013-07-29;21.82083333
2013-07-30;20.31666667
2013-07-31;11.8125
2013-08-01;12.69583333
2013-08-02;37.25416667
2013-08-03;51.14583333
2013-08-04;31.5125
2013-08-05;18.40416667
2013-08-06;15.05416667
2013-08-07;16.83333333
2013-08-08;20.1
2013-08-09;25.34583333
2013-08-10;32.22083333
2013-08-11;37.375
2013-08-12;46.63333333
2013-08-13;29.45416667
2013-08-14;49.65
2013-08-15;27.98333333
2013-08-16;13.87916667
2013-08-17;16.82083333
2013-08-18;22.075
2013-08-19;25.5375
2013-08-20;25.5125
2013-08-21;24.39166667
2013-08-22;16.25416667
2013-08-23;37.6
2013-08-24;31.90416667
2013-08-25;15.04166667
2013-08-26;19.23333333
2013-08-27;21.975
2013-08-28;33.29583333
2013-08-29;23.15416667
2013-08-30;32.375
2013-08-31;17.375
2013-09-01;23.33333333
2013-09-02;25.53478261
2013-09-03;7.665217391
2013-09-04;13.14583333
2013-09-05;14.27916667
2013-09-06;16.62083333
2013-09-07;21.86666667
2013-09-08;61.3875
2013-09-09;48.9625
2013-09-10;11.77083333
2013-09-11;11.91304348
2013-09-12;18.27916667
2013-09-13;15.83913043
2013-09-14;14.4625
2013-09-15;13.84583333
2013-09-16;12.5
2013-09-17;14.15
2013-09-18;40.8875
2013-09-19;59.43333333
2013-09-20;53.90833333
2013-09-21;58.7375
2013-09-22;37.47916667
2013-09-23;17.13913043
2013-09-24;19.03333333
2013-09-25;10.98333333
2013-09-26;12.91666667
2013-09-27;20.91666667
2013-09-28;24.27083333
2013-09-29;14.6125
2013-09-30;65.70416667
2013-10-01;42.4875
2013-10-02;12.325
2013-10-03;15.8
2013-10-04;11.0875
2013-10-05;8.7125
2013-10-06;11.13636364
2013-10-07;13.05652174
2013-10-08;20.77916667
2013-10-09;38.17083333
2013-10-10;12.175
2013-10-11;14.03333333
2013-10-12;12.9
2013-10-13;51.92083333
2013-10-14;36.17916667
2013-10-15;16.03333333
2013-10-16;16.33333333
2013-10-17;14.75
2013-10-18;16.275
2013-10-19;11.16521739
2013-10-20;9.85
2013-10-21;36.4875
2013-10-22;51.0625
2013-10-23;35.90833333
2013-10-24;29.57916667
2013-10-25;38.80416667
2013-10-26;27.02083333
2013-10-27;20.15833333
2013-10-28;21.8125
2013-10-29;44.79166667
2013-10-30;21.16521739
2013-10-31;18.9625
2013-11-01;17.4
2013-11-02;14.62916667
2013-11-03;14.95
2013-11-04;17.95652174
2013-11-05;16.00833333
2013-11-06;18.76086957
2013-11-07;14.9047619
2013-11-08;20.39166667
2013-11-09;17.74583333
2013-11-10;39.175
2013-11-11;40.98333333
2013-11-12;26.05416667
2013-11-13;23.625
2013-11-14;19.7
2013-11-15;18.475
2013-11-16;18.00833333
2013-11-17;19.05416667
2013-11-18;23.02083333
2013-11-19;22.89583333
2013-11-20;18.70833333
2013-11-21;18.39583333
2013-11-22;24.35416667
2013-11-23;25.62916667
2013-11-24;20.11666667
2013-11-25;24.22083333
2013-11-26;23.74583333
2013-11-27;25.87083333
2013-11-28;27.15833333
2013-11-29;30.175
2013-11-30;22.50833333
2013-12-01;18.00416667
2013-12-02;20.98571429
2013-12-03;23.22857143
2013-12-04;19.15833333
2013-12-05;22.64583333
2013-12-06;21.7375
2013-12-07;22.1
2013-12-08;20.25833333
2013-12-09;30.30909091
2013-12-10;30.45384615
2013-12-11;25.225
2013-12-12;31.5125
2013-12-13;28.02083333
2013-12-14;28.67083333
2013-12-15;29.13333333
2013-12-16;30.54166667
2013-12-17;32.17916667
2013-12-18;26.25833333
2013-12-19;27.5125
2013-12-20;29.95833333
2013-12-21;30.50416667
2013-12-22;25.9125
2013-12-23;27.225
2013-12-24;26.92083333
2013-12-25;24.44583333
2013-12-26;39.15
2013-12-27;29.7875
2013-12-28;28.26666667
2013-12-29;24.05833333
2013-12-30;26.7625
2013-12-31;23.8125
14-01-01;21.963
14-01-02;25.600
14-01-03;23.442
14-01-04;32.396
14-01-05;33.854
14-01-06;26.904
14-01-07;30.038
14-01-08;26.258
14-01-09;27.442
14-01-10;30.575
14-01-11;25.413
14-01-12;23.542
14-01-13;22.721
14-01-14;22.483
14-01-15;20.454
14-01-16;22.642
14-01-17;20.613
14-01-18;43.413
14-01-19;49.650
14-01-20;34.433
14-01-21;27.917
14-01-22;24.767
14-01-23;15.778
14-01-25;16.708
14-01-26;15.758
14-01-27;20.088
14-01-28;20.096
14-01-30;17.204
14-01-31;17.683
14-02-01;16.658
14-02-02;19.167
14-02-03;19.908
14-02-06;15.354
14-02-07;17.417
14-02-08;17.888
14-02-09;22.163
14-02-10;20.325
14-02-11;17.795
14-02-12;21.929
14-02-13;23.496
14-02-14;23.554
14-02-15;23.104
14-02-16;20.792
14-02-17;16.367
14-02-18;16.520
14-12-10;18.664
14-12-11;18.567
14-12-12;30.138
14-12-13;24.470
14-12-14;21.544
14-12-15;19.727
14-12-28;18.533
14-12-31;19.621
2015-01-01;20.774
2015-01-02;25.846
2015-01-05;28.200
2015-01-06;18.492
2015-01-07;25.504
2015-01-08;23.009
2015-01-09;20.346
2015-01-10;34.776
2015-01-11;16.574
2015-01-12;13.558
2015-01-13;12.557
2015-01-14;10.830
2015-01-15;7.114
2015-01-16;13.863
2015-01-17;16.888
2015-01-18;3.300
2015-01-19;19.227
2015-01-20;19.471
2015-01-21;14.495
2015-01-22;18.465
2015-01-23;18.867
2015-01-24;14.438
2015-01-25;21.913
2015-01-26;24.354
2015-01-27;26.296
2015-01-28;17.158
2015-01-31;21.850
2015-02-01;20.025
2015-02-02;13.729
2015-02-03;28.250
2015-02-04;14.213
2015-02-05;12.000
2015-02-10;28.943
2015-02-11;23.918
2015-02-12;18.788
2015-02-13;30.029
2015-02-14;19.900
2015-02-15;20.608
2015-02-16;20.629
2015-02-17;18.496
2015-02-18;17.638
2015-02-19;27.288
2015-02-20;21.146
2015-02-21;19.004
2015-02-22;17.658
2015-02-23;17.504
2015-02-24;24.416
2015-02-25;20.742
2015-02-26;20.300
2015-02-27;22.538
2015-02-28;22.029
2015-03-01;23.221
2015-03-02;61.538
2015-03-03;47.867
2015-03-04;28.329
2015-03-05;21.063
2015-03-06;25.650
2015-03-07;22.483
2015-03-08;17.226
2015-03-09;31.146
2015-03-10;24.875
2015-03-11;23.321
2015-03-12;53.817
2015-03-13;98.363
2015-03-14;42.358
2015-03-15;38.863
2015-03-16;48.779
2015-03-17;35.967
2015-03-18;32.992
2015-03-19;34.183
2015-03-20;24.479
2015-03-21;19.867
2015-03-22;22.617
2015-03-23;24.500
2015-03-24;27.238
2015-03-25;21.083
2015-03-26;25.346
2015-03-27;28.371
2015-03-28;29.054
2015-03-29;27.829
2015-03-30;26.004
2015-03-31;24.433
2015-04-01;22.733
2015-04-02;19.500
2015-04-03;23.042
2015-04-04;30.029
2015-04-05;34.348
2015-04-06;42.638
2015-04-07;30.979
2015-04-08;34.846
2015-04-09;34.050
2015-04-10;34.988
2015-04-11;37.958
2015-04-12;40.954
2015-04-13;48.708
2015-04-14;44.275
2015-04-15;39.567
2015-04-17;28.600
2015-04-18;46.774
2015-04-19;54.171
2015-04-20;25.182
2015-04-21;19.350
2015-04-22;21.752
2015-05-08;64.352
2015-05-09;45.763
2015-05-10;48.550
2015-05-11;48.163
2015-05-12;36.579
2015-05-13;31.388
2015-05-14;42.875
2015-05-15;72.492
2015-05-16;65.738
2015-05-17;58.446
2015-05-18;39.392
2015-05-19;50.513
2015-05-20;58.233
2015-05-21;86.021
2015-05-22;87.879
2015-05-23;76.963
2015-05-24;42.825
2015-05-25;52.529
2015-05-26;40.704
2015-05-27;29.521
2015-05-28;25.983
2015-05-29;39.125
2015-05-30;56.842
2015-05-31;50.167
2015-06-01;27.933
2015-06-02;23.542
2015-06-03;29.908
2015-06-04;40.900
2015-06-05;48.633
2015-06-06;56.371
2015-06-07;53.621
2015-06-08;33.657
2015-06-09;24.842
2015-06-10;23.888
2015-06-11;36.939
2015-06-12;48.896
2015-06-13;54.283
2015-06-14;45.736
2015-06-15;49.567
2015-06-16;46.900
2015-06-17;66.083
2015-06-18;68.458
2015-06-19;45.238
2015-06-20;35.971
2015-06-21;31.188
2015-06-22;18.387
2015-06-23;98.867
2015-06-24;83.033
2015-06-25;33.892
2015-06-26;53.636
2015-06-27;65.660
2015-06-28;62.878
2015-06-29;55.900
2015-07-01;45.125
2015-07-02;53.304
2015-07-03;68.073
2015-07-04;77.688
2015-07-05;44.760
2015-07-06;51.906
2015-07-07;43.635
2015-07-08;38.385
2015-07-09;23.250
2015-07-10;23.250
2015-07-11;46.219
2015-07-12;49.969
2015-07-13;28.228
2015-07-14;46.988
2015-07-15;50.010
2015-07-16;53.104
2015-07-17;74.469
2015-07-18;74.594
2015-07-19;41.167
2015-07-20;53.853
2015-07-21;54.598
2015-07-22;51.473
2015-07-23;64.656
2015-07-24;39.207
2015-07-25;61.145
2015-07-26;54.823
2015-07-27;46.432
2015-07-28;54.545
2015-07-29;63.896
2015-07-30;67.906
2015-07-31;57.229
2015-08-01;42.903
2015-08-02;46.353
2015-08-03;43.627
2015-08-04;21.598
2015-08-05;17.260
2015-08-06;15.458
2015-08-07;18.538
2015-08-10;11.950
2015-08-11;19.889
2015-08-12;18.278
2015-08-13;24.177
2015-08-14;22.844
2015-08-15;38.698
2015-08-16;24.510
2015-08-17;16.917
2015-08-18;16.927
2015-08-19;35.188
2015-08-20;65.677
2015-08-21;49.281
2015-08-22;26.833
2015-08-23;26.115
2015-08-24;19.177
2015-08-25;50.073
2015-08-26;43.783
2015-08-28;40.650
2015-08-29;24.385
2015-08-30;39.365
2015-08-31;38.896
2015-09-01;27.427
2015-09-02;50.969
2015-09-03;48.458
2015-09-04;22.828
2015-09-05;28.000
2015-09-06;37.271
2015-09-07;40.969
2015-09-08;31.677
2015-09-09;53.698
2015-09-10;42.323
2015-09-11;21.288
2015-09-12;31.271
2015-09-13;52.990
2015-09-14;38.333
2015-09-15;58.049
2015-09-16;66.375
2015-09-17;47.177
2015-09-18;42.438
2015-09-19;34.652
2015-09-22;18.694
2015-09-23;14.656
2015-09-24;12.042
2015-09-25;11.875
2015-09-26;11.865
2015-09-27;13.281
2015-09-28;20.333
2015-09-29;15.604
2015-09-30;13.208
2015-10-01;13.042
2015-10-02;15.865
2015-10-03;18.198
2015-10-04;16.469
2015-10-05;11.448
2015-10-06;16.802
2015-10-07;14.260
2015-10-08;26.135
2015-10-09;65.156
2015-10-10;34.802
2015-10-11;21.292
2015-10-12;16.219
2015-10-13;22.865
2015-10-14;14.938
2015-10-15;20.333
2015-10-16;20.781
2015-10-17;14.500
2015-10-18;17.948
2015-10-19;21.990
2015-10-20;22.198
2015-10-21;18.438
2015-10-22;19.292
2015-10-23;18.656
2015-10-24;15.583
2015-10-25;14.424
2015-10-26;18.198
2015-10-27;17.229
2015-10-28;23.958
2015-10-29;16.385
2015-10-30;16.042
2015-10-31;18.813
2015-11-01;23.469
2015-11-02;14.948
2015-11-03;18.365
2015-11-04;18.385
2015-11-05;20.000
2015-11-06;19.698
2015-11-07;14.469
2015-11-08;25.431
2015-11-09;33.196
2015-11-10;28.250
2015-11-12;19.962
2015-11-13;15.417
2015-11-14;14.552
2015-11-15;14.146
2015-11-16;28.292
2015-11-17;28.406
2015-11-18;37.792
2015-11-19;25.146
2015-11-20;22.010
2015-11-21;18.573
2015-11-22;14.292
2015-11-23;18.792
2015-11-24;25.792
2015-11-25;38.656
2015-11-26;29.865
2015-11-27;17.983
2015-11-28;20.271
2015-11-29;23.000
2015-11-30;21.792
2015-12-01;19.240
2015-12-02;20.156
2015-12-03;20.094
2015-12-04;20.146
2015-12-05;19.313
2015-12-06;14.688
2015-12-07;17.073
2015-12-08;16.281
2015-12-09;14.848
2015-12-10;19.865
2015-12-11;34.292
2015-12-12;30.385
2015-12-13;19.156
2015-12-14;17.750
2015-12-15;16.635
2015-12-16;20.167
2015-12-17;15.125
2015-12-18;18.271
2015-12-19;28.240
2015-12-20;25.490
2015-12-21;24.323
2015-12-22;21.844
2015-12-23;17.646
2015-12-24;15.385
2015-12-25;14.292
2015-12-26;16.719
2015-12-27;14.021
2015-12-28;13.323
2015-12-29;13.272
2015-12-30;12.283
2015-12-31;15.240
2016-01-01;21.600
2016-01-02;20.100
2016-01-03;18.600
2016-01-04;22.800
2016-01-05;14.200
2016-01-07;16.300
2016-01-08;20.500
2016-01-09;20.200
2016-01-10;16.500
2016-01-11;18.800
2016-01-12;12.100
2016-01-13;17.800
2016-01-14;17.000
2016-01-15;13.100
2016-01-16;12.900
2016-01-17;13.400
2016-01-18;13.600
2016-01-19;14.700
2016-01-20;17.000
2016-01-21;28.800
2016-01-22;28.900
2016-01-23;26.800
2016-01-24;15.000
2016-01-25;22.300
2016-01-26;34.000
2016-01-27;34.300
2016-01-28;18.300
2016-01-29;14.300
2016-01-30;23.600
2016-01-31;49.200
2016-02-01;32.600
2016-02-02;38.000
2016-02-03;34.600
2016-02-05;20.200
2016-02-06;43.200
2016-02-07;42.500
2016-02-08;31.700
2016-02-09;18.400
2016-02-10;17.300
2016-02-11;26.600
2016-02-12;34.700
2016-02-13;45.300
2016-02-14;25.300
2016-02-15;38.400
2016-02-16;30.100
2016-02-17;25.600
2016-02-18;19.700
2016-02-19;25.200
2016-02-20;19.100
2016-02-21;18.000
2016-02-22;22.000
2016-02-23;20.500
2016-02-24;19.600
2016-02-25;17.100
2016-02-26;17.900
2016-02-27;17.100
2016-02-28;30.000
2016-02-29;33.600
2016-03-01;31.500
2016-03-02;33.200
2016-03-03;11.400
2016-03-04;13.900
2016-03-05;16.800
2016-03-06;15.300
2016-03-07;36.200
2016-03-08;26.500
2016-03-09;18.000
2016-03-10;22.200
2016-03-11;18.400
2016-03-12;19.700
2016-03-13;13.900
2016-03-14;13.100
2016-03-15;14.100
2016-03-16;11.100
2016-03-17;17.800
2016-03-18;19.400
2016-03-19;16.900
2016-03-20;19.100
2016-03-21;22.700
2016-03-22;22.500
2016-03-23;22.200
2016-03-24;17.600
2016-03-25;14.300
2016-03-26;20.200
2016-03-27;18.500
2016-03-28;21.600
2016-03-29;17.800
2016-03-30;18.100
2016-03-31;16.800
2016-04-01;33.400
2016-04-02;21.400
2016-04-03;21.600
2016-04-04;20.700
2016-04-05;13.600
2016-04-06;12.700
2016-04-07;18.100
2016-04-08;16.900
2016-04-09;17.800
2016-04-10;12.500
2016-04-11;15.000
2016-04-12;10.900
2016-04-13;14.700
2016-04-14;17.400
2016-04-15;17.400
2016-04-16;16.500
2016-04-17;13.100
2016-04-18;17.700
2016-04-19;13.900
2016-04-20;9.300
2016-04-21;16.800
2016-04-22;53.100
2016-04-23;81.600
2016-04-24;85.700
2016-04-25;52.100
2016-04-26;53.100
2016-04-27;51.900
2016-04-28;54.300
2016-04-29;47.400
2016-04-30;42.500
2016-05-01;42.400
2016-05-02;33.100
2016-05-03;21.900
2016-05-04;18.500
2016-05-05;13.600
2016-05-06;26.200
2016-05-07;49.000
2016-05-08;28.800
2016-05-09;20.000
2016-05-10;15.500
2016-05-11;13.300
2016-05-12;13.700
2016-05-16;17.800
2016-05-17;24.400
2016-05-18;22.600
2016-05-19;23.600
2016-05-20;28.900
2016-05-22;55.600
2016-05-23;68.200
2016-05-24;52.700
2016-05-25;26.900
2016-05-26;28.000
2016-05-27;38.000
2016-05-28;32.200
2016-05-29;30.900
2016-05-30;35.700
2016-05-31;47.600
2016-06-02;81.800
2016-06-03;61.300
2016-06-04;39.800
2016-06-07;38.500
2016-06-08;47.500
2016-06-09;38.700
2016-06-10;24.100
2016-06-11;21.800
2016-06-12;22.300
2016-06-13;29.900
2016-06-14;30.100
2016-06-15;21.000
2016-06-16;10.200
2016-06-17;17.500
2016-06-18;21.500
2016-06-19;18.300
2016-06-20;21.900
2016-06-21;14.400
2016-06-22;18.300
2016-06-23;26.700
2016-06-24;44.800
2016-06-25;39.300
2016-06-26;19.800
2016-06-27;10.300
2016-06-28;32.200
2016-06-29;33.400
2016-06-30;28.400
2016-07-01;28.900
2016-07-02;33.600
2016-07-03;27.100
2016-07-04;21.100
2016-07-05;40.000
2016-07-06;30.700
2016-07-07;22.400
2016-07-08;15.100
2016-07-09;16.400
2016-07-10;46.000
2016-07-11;34.600
2016-07-12;17.600
2016-07-13;20.200
2016-07-14;18.800
2016-07-15;22.000
2016-07-16;29.300
2016-07-17;17.800
2016-07-18;10.800
2016-07-19;17.800
2016-07-20;24.800
2016-07-21;40.300
2016-07-22;32.200
2016-07-23;14.900
2016-07-24;10.000
2016-07-25;13.900
2016-07-26;51.400
2016-07-27;48.900
2016-07-28;36.500
2016-07-29;26.800
2016-07-30;22.700
2016-07-31;12.100
2016-08-01;43.300
2016-08-02;33.200
2016-08-03;17.900
2016-08-04;14.400
2016-08-05;22.900
2016-08-06;18.000
2016-08-07;17.700
2016-08-08;21.000
2016-08-09;30.300
2016-08-10;17.100
2016-08-11;16.700
2016-08-12;12.500
2016-08-13;16.800
2016-08-14;28.800
2016-08-15;25.300
2016-08-16;24.000
2016-08-17;16.100
2016-08-18;39.500
2016-08-19;28.600
2016-08-20;27.100
2016-08-21;29.300
2016-08-22;14.800
2016-08-23;11.200
2016-08-24;10.100
2016-08-25;20.200
2016-08-26;20.300
2016-08-27;21.100
2016-08-28;15.700
2016-08-29;35.700
2016-08-30;26.900
2016-08-31;10.900
2016-09-01;10.300
2016-09-02;42.300
2016-09-03;60.500
2016-09-04;35.800
2016-09-05;13.300
2016-09-06;56.000
2016-09-07;22.100
2016-09-08;15.300
2016-09-09;14.000
2016-09-10;37.800
2016-09-11;16.400
2016-09-12;21.700
2016-09-13;24.400
2016-09-14;19.100
2016-09-15;13.300
2016-09-16;10.000
2016-09-17;8.100
2016-09-18;7.600
2016-09-19;18.200
2016-09-20;18.400
2016-09-21;9.700
2016-09-22;14.200
2016-09-23;14.400
2016-09-24;16.000
2016-09-25;11.800
2016-09-26;11.200
2016-09-27;31.600
2016-09-28;21.600
2016-09-29;49.300
2016-09-30;29.600
2016-10-01;12.900
2016-10-02;10.300
2016-10-03;14.500
2016-10-04;21.800
2016-10-05;19.600
2016-10-06;15.600
2016-10-08;12.800
2016-10-09;27.000
2016-10-10;15.000
2016-10-11;21.900
2016-10-12;33.400
2016-10-13;28.700
2016-10-14;17.000
2016-10-15;17.900
2016-10-16;11.900
2016-10-17;11.900
2016-10-18;15.200
2016-10-19;12.800
2016-10-20;13.300
2016-10-21;13.600
2016-10-22;15.800
2016-10-25;15.700
2016-10-26;10.500
2016-10-27;16.600
2016-10-28;12.900
2016-10-29;9.900
2016-10-30;9.000
2016-10-31;11.100
2016-11-01;9.500
2016-11-02;7.100
2016-11-03;12.300
2016-11-04;20.700
2016-11-05;15.300
2016-11-06;11.700
2016-11-07;23.600
2016-11-08;26.600
2016-11-09;10.800
2016-11-10;23.000
2016-11-11;18.900
2016-11-12;13.700
2016-11-13;12.000
2016-11-14;24.700
2016-11-15;13.900
2016-11-16;14.100
2016-11-17;14.600
2016-11-18;19.300
2016-11-19;14.100
2016-11-20;10.500
2016-11-21;12.200
2016-11-22;12.800
2016-11-23;14.200
2016-11-24;14.500
2016-11-25;17.900
2016-11-26;14.900
2016-11-27;15.000
2016-11-28;8.500
2016-11-29;13.100
2016-11-30;12.400
2016-12-01;10.400
2016-12-02;12.200
2016-12-03;13.000
2016-12-04;8.300
2016-12-05;13.500
2016-12-06;15.200
2016-12-07;15.600
2016-12-08;21.500
2016-12-09;35.700
2016-12-10;24.600
2016-12-11;14.300
2016-12-12;19.100
2016-12-13;22.700
2016-12-14;27.200
2016-12-15;24.700
2016-12-16;19.700
2016-12-17;22.800
2016-12-18;22.800
2016-12-19;21.200
2016-12-20;22.200
2016-12-21;22.200
2016-12-22;15.600
2016-12-23;20.300
2016-12-24;21.300
2016-12-25;17.800
2016-12-26;16.200
2016-12-27;18.900
2016-12-28;22.700
2016-12-29;17.800
2016-12-30;17.900
2016-12-31;18.700
