"Date","mean","std","nbValues"
1997-10-25,30,NA,1
1997-10-26,78,NA,1
1997-10-27,49,NA,1
1997-10-28,51,NA,1
1997-10-29,55,NA,1
1997-10-30,47,NA,1
1997-10-31,83,NA,1
1997-11-01,41,NA,1
1997-11-02,34,NA,1
1997-11-03,76,NA,1
1997-11-04,97,NA,1
1997-11-05,74,NA,1
1997-11-06,62,NA,1
1997-11-07,50,NA,1
1997-11-13,45,NA,1
1997-11-14,38,NA,1
1997-11-15,43,NA,1
1997-11-16,40,NA,1
1997-11-17,40,NA,1
1997-11-18,40,NA,1
1997-11-19,40,NA,1
1997-11-20,42,NA,1
1997-11-21,40,NA,1
1997-11-22,40,NA,1
1997-11-23,40,NA,1
1997-11-24,43,NA,1
1997-11-25,50,NA,1
1997-11-26,42,NA,1
1997-11-27,40,NA,1
1997-11-28,38,NA,1
1997-11-29,40,NA,1
1997-11-30,35,NA,1
1997-12-01,38,NA,1
1997-12-02,40,NA,1
1997-12-03,45,NA,1
1997-12-04,40,NA,1
1997-12-05,78,NA,1
1997-12-06,41,NA,1
1997-12-07,25,NA,1
1997-12-08,50,NA,1
1997-12-09,64,NA,1
1997-12-12,40,NA,1
1997-12-13,40,NA,1
1997-12-14,40,NA,1
1997-12-15,56,NA,1
1997-12-16,43,NA,1
1997-12-17,62,NA,1
1997-12-18,74,NA,1
1997-12-19,43,NA,1
1997-12-20,40,NA,1
1997-12-21,40,NA,1
1997-12-22,32,NA,1
1997-12-23,42,NA,1
1997-12-24,40,NA,1
1997-12-25,41,NA,1
1997-12-26,41,NA,1
1997-12-28,22,NA,1
1997-12-29,41,NA,1
1998-01-01,40,NA,1
1998-01-02,43,NA,1
1998-01-03,48,NA,1
1998-01-04,41,NA,1
1998-01-05,65,NA,1
1998-01-06,82,NA,1
1998-01-07,52,NA,1
1998-01-08,64,NA,1
1998-01-09,56,NA,1
1998-01-10,40,NA,1
1998-01-11,33,NA,1
1998-01-12,64,NA,1
1998-01-13,15,NA,1
1998-01-14,49,NA,1
1998-01-15,86,NA,1
1998-01-16,89,NA,1
1998-01-17,52,NA,1
1998-01-18,51,NA,1
1998-01-19,63,NA,1
1998-01-22,73,NA,1
1998-01-23,112,NA,1
1998-01-24,34,NA,1
1998-01-25,24,NA,1
1998-01-26,59,NA,1
1998-01-27,83,NA,1
1998-02-27,34,NA,1
1998-02-28,23,NA,1
1998-03-01,21,NA,1
1998-03-02,24,NA,1
1998-03-03,25,NA,1
1998-03-04,17,NA,1
1998-03-05,28,NA,1
1998-03-06,26,NA,1
1998-03-07,26,NA,1
1998-03-08,27,NA,1
1998-03-09,32,NA,1
1998-03-10,34,NA,1
1998-03-11,40,NA,1
1998-03-12,37,NA,1
1998-03-13,31,NA,1
1998-03-14,25,NA,1
1998-03-15,25,NA,1
1998-03-16,25,NA,1
1998-03-17,20,NA,1
1998-03-18,21,NA,1
1998-03-19,25,NA,1
1998-03-20,29,NA,1
1998-03-21,31,NA,1
1998-03-22,20,NA,1
1998-03-25,38,NA,1
1998-03-26,30,NA,1
1998-03-27,24,NA,1
1998-03-28,29,NA,1
1998-03-29,28,NA,1
1998-03-30,25,NA,1
1998-03-31,30,NA,1
1998-04-01,30,NA,1
1998-04-02,24,NA,1
1998-04-03,22,NA,1
1998-04-04,22,NA,1
1998-04-05,24,NA,1
1998-04-06,21,NA,1
1998-04-07,21,NA,1
1998-04-08,4,NA,1
1998-04-09,17,NA,1
1998-04-10,14,NA,1
1998-04-11,19,NA,1
1998-04-12,14,NA,1
1998-04-13,35,NA,1
1998-04-14,22,NA,1
1998-04-15,17,NA,1
1998-04-16,28,NA,1
1998-04-17,24,NA,1
1998-04-18,22,NA,1
1998-04-19,23,NA,1
1998-04-20,21,NA,1
1998-04-21,33,NA,1
1998-04-22,23,NA,1
1998-04-23,19,NA,1
1998-04-24,25,NA,1
1998-04-25,21,NA,1
1998-04-26,21,NA,1
1998-04-27,24,NA,1
1998-04-28,24,NA,1
1998-04-29,14,NA,1
1998-04-30,14,NA,1
1998-05-01,27,NA,1
1998-05-02,25,NA,1
1998-05-03,23,NA,1
1998-05-04,21,NA,1
1998-05-05,22,NA,1
1998-05-06,25,NA,1
1998-05-07,26,NA,1
1998-05-08,21,NA,1
1998-05-09,22,NA,1
1998-05-10,18,NA,1
1998-05-11,22,NA,1
1998-05-12,10,NA,1
1998-05-13,6,NA,1
1998-05-14,12,NA,1
1998-05-15,13,NA,1
1998-05-16,14,NA,1
1998-05-17,16,NA,1
1998-05-18,16,NA,1
1998-05-19,13,NA,1
1998-05-28,30,NA,1
1998-05-29,29,NA,1
1998-05-30,18,NA,1
1998-05-31,22,NA,1
1998-06-01,16,NA,1
1998-06-02,28,NA,1
1998-06-04,22,NA,1
1998-06-05,23,NA,1
1998-06-06,20,NA,1
1998-06-07,14,NA,1
1998-06-08,20,NA,1
1998-06-09,23,NA,1
1998-06-10,21.5,0.71,2
1998-06-11,20,1.41,2
1998-06-12,22.5,0.71,2
1998-06-13,21,4.24,2
1998-06-14,12,0,2
1998-06-15,17,NA,1
1998-06-16,20,NA,1
1998-06-17,21,NA,1
1998-06-18,19,NA,1
1998-06-19,21,NA,1
1998-06-20,21,NA,1
1998-06-21,20,NA,1
1998-06-22,22,NA,1
1998-06-23,22,NA,1
1998-06-24,21,NA,1
1998-06-25,21,NA,1
1998-06-26,22,NA,1
1998-06-27,21,NA,1
1998-06-28,21,NA,1
1998-06-29,21,NA,1
1998-06-30,17,NA,1
1998-07-03,22,NA,1
1998-07-04,21,NA,1
1998-07-05,20,NA,1
1998-07-06,20,NA,1
1998-07-07,14,NA,1
1998-07-08,21,NA,1
1998-07-09,20,NA,1
1998-07-10,22,NA,1
1998-07-11,24,NA,1
1998-07-12,18,NA,1
1998-07-13,20,NA,1
1998-07-14,26,NA,1
1998-07-15,24,NA,1
1998-07-22,11,NA,1
1998-07-23,21,NA,1
1998-07-24,22,NA,1
1998-07-25,14,NA,1
1998-07-26,11,1.41,2
1998-07-27,22.5,0.71,2
1998-07-28,21,NA,1
1998-07-30,13,NA,1
1998-07-31,13,NA,1
1998-08-01,13.5,3.54,2
1998-08-02,15.5,3.54,2
1998-08-03,15,NA,1
1998-08-04,14,NA,1
1998-08-05,8,NA,1
1998-08-06,10.5,0.71,2
1998-08-07,21,1.41,2
1998-08-08,14,2.83,2
1998-08-09,19.5,4.95,2
1998-08-10,19,0,2
1998-08-11,22,NA,1
1998-08-12,24,NA,1
1998-08-13,15,NA,1
1998-08-14,15.5,3.54,2
1998-08-15,14,2.83,2
1998-08-16,17,4.24,2
1998-08-17,17.5,0.71,2
1998-08-18,23.5,0.71,2
1998-08-19,21,1.41,2
1998-08-20,20.5,4.95,2
1998-08-21,22,4.24,2
1998-08-23,11,NA,1
1998-08-24,20,7.07,2
1998-08-25,26,2.83,2
1998-08-26,19,0,2
1998-08-27,23,2.83,2
1998-08-28,28.5,6.36,2
1998-08-29,13,0,2
1998-08-30,16,4.24,2
1998-08-31,18.5,2.12,2
1998-09-01,13.5,0.71,2
1998-09-02,27,4.24,2
1998-09-05,16,NA,1
1998-09-06,19,NA,1
1998-09-07,14,NA,1
1998-09-08,21,NA,1
1998-09-09,20,NA,1
1998-09-10,18.5,3.54,2
1998-09-11,15.5,2.12,2
1998-09-12,18.5,2.12,2
1998-09-13,15,NA,1
1998-09-14,22,NA,1
1998-09-15,21,2.83,2
1998-09-16,20.5,0.71,2
1998-09-17,24,0,2
1998-09-18,28,4.24,2
1998-09-19,21.5,2.12,2
1998-11-14,26,NA,1
1998-11-15,21,NA,1
1998-11-17,29,NA,1
1998-11-18,40,NA,1
1998-11-21,25,NA,1
1998-11-22,23,NA,1
1998-12-01,19,NA,1
1998-12-02,25,NA,1
1998-12-03,26,NA,1
1998-12-04,32,NA,1
1998-12-05,24,NA,1
1998-12-06,24,NA,1
1998-12-07,14,NA,1
1998-12-08,24,NA,1
1998-12-09,25,NA,1
1998-12-10,24,NA,1
1998-12-11,24,NA,1
1998-12-15,22,NA,1
1998-12-16,23,NA,1
1998-12-17,18,NA,1
1998-12-18,8,NA,1
1998-12-19,10,NA,1
1998-12-20,9,NA,1
1998-12-21,9,NA,1
1998-12-22,12,NA,1
1998-12-23,10,NA,1
1998-12-24,8,NA,1
1998-12-25,8,NA,1
1998-12-26,12,NA,1
1998-12-27,11,NA,1
1998-12-28,13,NA,1
1998-12-29,11,NA,1
1998-12-30,14,NA,1
1998-12-31,10,NA,1
1999-01-01,2,NA,1
1999-01-02,2,NA,1
1999-01-03,2,NA,1
1999-01-04,1,NA,1
1999-01-05,2,NA,1
1999-01-06,2,NA,1
1999-01-07,2,NA,1
1999-01-08,2,NA,1
1999-01-09,1,NA,1
1999-01-10,1,NA,1
1999-01-11,1,NA,1
1999-01-12,1,NA,1
1999-01-13,0,NA,1
1999-01-14,1,NA,1
1999-01-15,10,NA,1
1999-01-16,10,NA,1
1999-01-17,10,NA,1
1999-01-18,10,NA,1
1999-01-19,12,NA,1
1999-01-20,11,NA,1
1999-01-21,10,NA,1
1999-01-22,10,NA,1
1999-01-23,10,NA,1
1999-01-24,12,NA,1
1999-01-25,0,NA,1
1999-01-26,15,NA,1
1999-01-27,11,NA,1
1999-01-28,11,NA,1
1999-01-29,18,NA,1
1999-01-30,18,NA,1
1999-01-31,27,NA,1
1999-02-01,27,NA,1
1999-02-02,21,NA,1
1999-02-03,41,NA,1
1999-02-04,32,NA,1
1999-02-05,21,NA,1
1999-02-06,37,NA,1
1999-02-07,30,NA,1
1999-02-08,20,NA,1
1999-02-09,25,NA,1
1999-02-10,28,NA,1
1999-02-11,16,NA,1
1999-02-12,20,NA,1
1999-02-13,17,NA,1
1999-02-14,12,NA,1
1999-02-15,11,NA,1
1999-02-16,6,NA,1
1999-03-06,20,NA,1
1999-03-07,21,NA,1
1999-03-08,34,NA,1
1999-03-09,29,NA,1
1999-03-10,25,NA,1
1999-03-11,22,NA,1
1999-03-12,20,NA,1
1999-03-13,24,NA,1
1999-03-14,16,NA,1
1999-03-15,24,NA,1
1999-03-16,21,NA,1
1999-03-19,22,NA,1
1999-03-20,21,NA,1
1999-03-21,24,NA,1
1999-03-22,24,NA,1
1999-03-23,28,NA,1
1999-03-25,20,NA,1
1999-03-26,21,NA,1
1999-03-27,14,NA,1
1999-03-28,13,NA,1
1999-04-04,17,NA,1
1999-04-05,25,NA,1
1999-04-06,30,NA,1
1999-04-07,39,NA,1
1999-04-08,29,NA,1
1999-04-09,25,NA,1
1999-04-10,33,NA,1
1999-04-11,16,NA,1
1999-04-12,17,NA,1
1999-04-13,23,NA,1
1999-05-20,14,NA,1
1999-05-21,14,NA,1
1999-05-22,14,NA,1
1999-05-23,16,NA,1
1999-05-24,22,NA,1
1999-05-25,16,NA,1
1999-05-26,14,NA,1
1999-05-27,14,NA,1
1999-05-28,16,NA,1
1999-05-29,15,NA,1
1999-05-30,17,NA,1
1999-05-31,25,NA,1
1999-06-01,29,NA,1
1999-06-04,23,NA,1
1999-06-05,16,NA,1
1999-06-06,23,NA,1
1999-06-07,23,NA,1
1999-06-08,30,NA,1
1999-06-09,31,NA,1
1999-06-10,26,NA,1
1999-06-11,16,NA,1
1999-06-12,23,NA,1
1999-06-13,15,NA,1
1999-06-14,18,NA,1
1999-06-15,14,NA,1
1999-06-16,17,NA,1
1999-06-17,26,NA,1
1999-06-18,21,NA,1
1999-06-19,23,NA,1
1999-06-20,20,NA,1
1999-06-21,15,NA,1
1999-06-22,16,NA,1
1999-06-23,16,NA,1
1999-06-24,17,NA,1
1999-06-25,13,NA,1
1999-06-26,14,NA,1
1999-06-27,9,NA,1
1999-06-28,11,NA,1
1999-06-29,16,NA,1
1999-06-30,15,NA,1
1999-07-01,18,NA,1
1999-07-02,19,NA,1
1999-07-03,6,NA,1
1999-07-04,10,NA,1
1999-07-05,24,NA,1
1999-07-06,14,NA,1
1999-07-07,11,NA,1
1999-07-08,26,NA,1
1999-07-09,15,NA,1
1999-07-10,14,NA,1
1999-07-11,15,NA,1
1999-07-12,18,NA,1
1999-07-13,15,NA,1
1999-07-14,20,NA,1
1999-07-15,18,NA,1
1999-07-16,30,NA,1
1999-07-17,18,NA,1
1999-07-18,12,NA,1
1999-07-19,13,NA,1
1999-07-20,17,NA,1
1999-07-21,21,NA,1
1999-07-22,17,NA,1
1999-07-23,16,NA,1
1999-07-24,18,NA,1
1999-07-25,8,NA,1
1999-07-26,10,NA,1
1999-07-27,12,NA,1
1999-07-28,13,NA,1
1999-07-29,19,NA,1
1999-07-30,27,NA,1
1999-07-31,15,NA,1
1999-08-01,14,NA,1
1999-08-02,12,NA,1
1999-08-03,27,NA,1
1999-08-04,20,NA,1
1999-08-05,15,NA,1
1999-08-06,15,NA,1
1999-08-07,20,NA,1
1999-08-08,11,NA,1
1999-08-09,10,NA,1
1999-08-10,14,NA,1
1999-08-11,12,NA,1
1999-08-12,14,NA,1
1999-08-13,14,NA,1
1999-08-14,11,NA,1
1999-08-16,23,NA,1
1999-08-17,30,NA,1
1999-08-20,15,NA,1
1999-08-21,12,NA,1
1999-08-22,19,NA,1
1999-08-23,21,NA,1
1999-08-24,13,NA,1
1999-08-25,13,NA,1
1999-09-15,14,NA,1
1999-09-16,21,NA,1
1999-09-17,12,NA,1
1999-09-18,7,NA,1
1999-09-19,13,NA,1
1999-09-20,22,NA,1
1999-09-21,27,NA,1
1999-09-22,12,NA,1
1999-09-23,13,NA,1
1999-09-24,19,NA,1
1999-09-25,10,NA,1
1999-09-26,13,NA,1
1999-09-27,19,NA,1
1999-09-28,20,NA,1
1999-09-29,17,NA,1
1999-09-30,14,NA,1
1999-10-01,16,NA,1
1999-10-02,17,NA,1
1999-10-03,9,NA,1
1999-10-04,16,NA,1
1999-10-05,14,NA,1
1999-10-06,17,NA,1
1999-10-07,17,NA,1
1999-10-08,17,NA,1
1999-10-28,31,NA,1
1999-11-03,25,NA,1
1999-11-04,21,NA,1
1999-11-05,20,NA,1
1999-11-06,20,NA,1
1999-11-07,18,NA,1
1999-11-08,25,NA,1
1999-11-09,28,NA,1
1999-11-10,19,NA,1
1999-11-11,17,NA,1
1999-11-12,24,NA,1
1999-11-13,25,NA,1
1999-11-14,12,NA,1
1999-11-29,18,NA,1
1999-11-30,22,NA,1
1999-12-01,16,NA,1
1999-12-02,13,NA,1
1999-12-03,9,NA,1
1999-12-04,15,NA,1
1999-12-05,11,NA,1
1999-12-06,21,NA,1
1999-12-07,20,NA,1
1999-12-08,9,NA,1
1999-12-09,23,NA,1
1999-12-10,27,NA,1
1999-12-11,31,NA,1
1999-12-12,24,NA,1
1999-12-13,25,NA,1
1999-12-14,30,NA,1
1999-12-17,35,NA,1
1999-12-18,31,NA,1
1999-12-19,21,NA,1
1999-12-20,31,NA,1
1999-12-21,17,NA,1
1999-12-22,63,NA,1
1999-12-23,21,NA,1
1999-12-24,24,NA,1
1999-12-25,23,NA,1
1999-12-26,24,NA,1
1999-12-27,19,NA,1
1999-12-28,23,NA,1
1999-12-29,28,NA,1
1999-12-30,24,NA,1
1999-12-31,32,NA,1
2000-01-01,20,NA,1
2000-01-02,10,NA,1
2000-01-03,21,NA,1
2000-01-04,22,NA,1
2000-01-05,23,NA,1
2000-01-06,19,NA,1
2000-01-07,22,NA,1
2000-01-08,10,NA,1
2000-01-09,9,NA,1
2000-01-10,23,NA,1
2000-01-11,29,NA,1
2000-01-12,12,NA,1
2000-01-13,31,NA,1
2000-01-14,36,NA,1
2000-01-15,7,NA,1
2000-01-17,23,NA,1
2000-01-18,44,NA,1
2000-01-19,42,NA,1
2000-01-20,38,NA,1
2000-01-21,38,NA,1
2000-01-22,32,NA,1
2000-01-23,20,NA,1
2000-01-24,22,NA,1
2000-01-25,16,NA,1
2000-01-26,14,NA,1
2000-01-28,25,NA,1
2000-01-29,21,NA,1
2000-01-30,18,NA,1
2000-01-31,21,NA,1
2000-02-01,22,NA,1
2000-02-02,27,NA,1
2000-02-03,21,NA,1
2000-02-04,23,NA,1
2000-02-05,17,NA,1
2000-02-06,13,NA,1
2000-02-07,19,NA,1
2000-02-08,22,NA,1
2000-02-09,20,NA,1
2000-02-10,18,NA,1
2000-02-11,19,NA,1
2000-02-12,20,NA,1
2000-02-13,69,NA,1
2000-02-14,17,NA,1
2000-02-15,25,NA,1
2000-02-16,24,NA,1
2000-02-17,33,NA,1
2000-02-18,24,NA,1
2000-02-19,27,NA,1
2000-02-20,23,NA,1
2000-02-21,19,NA,1
2000-02-22,34,NA,1
2000-03-03,32,NA,1
2000-03-04,27,NA,1
2000-03-05,24,NA,1
2000-03-06,25,NA,1
2000-03-07,23,NA,1
2000-03-08,17,NA,1
2000-03-09,12,NA,1
2000-03-10,60,NA,1
2000-03-11,26,NA,1
2000-03-12,40,NA,1
2000-03-13,48,NA,1
2000-03-14,54,NA,1
2000-03-15,63,NA,1
2000-03-16,64,NA,1
2000-03-17,42,NA,1
2000-03-18,43,NA,1
2000-03-19,34,NA,1
2000-03-20,67,NA,1
2000-03-21,41,NA,1
2000-03-22,26,NA,1
2000-03-23,46,NA,1
2000-03-24,51,NA,1
2000-03-25,32,NA,1
2000-03-26,19,NA,1
2000-03-27,26,NA,1
2000-03-28,32,NA,1
2000-03-29,17,NA,1
2000-03-30,18,NA,1
2000-03-31,25,NA,1
2000-04-01,21,NA,1
2000-04-02,14,NA,1
2000-04-03,11,NA,1
2000-04-04,29,NA,1
2000-04-05,30,NA,1
2000-04-06,24,NA,1
2000-04-13,29,NA,1
2000-04-14,33,NA,1
2000-04-15,28,NA,1
2000-04-16,38,NA,1
2000-04-17,32,NA,1
2000-04-18,23,NA,1
2000-04-19,24,NA,1
2000-04-20,27,NA,1
2000-04-21,23,NA,1
2000-04-22,20,NA,1
2000-04-23,11,NA,1
2000-04-24,25,NA,1
2000-04-25,19,NA,1
2000-04-26,30,NA,1
2000-04-27,28,NA,1
2000-04-28,34,NA,1
2000-04-29,36,NA,1
2000-04-30,31,NA,1
2000-05-01,24,NA,1
2000-05-02,35,NA,1
2000-05-03,41,NA,1
2000-05-04,26,NA,1
2000-05-05,25,NA,1
2000-05-06,19,NA,1
2000-05-07,11,NA,1
2000-05-08,26,NA,1
2000-05-09,27,NA,1
2000-05-10,28,NA,1
2000-05-11,32,NA,1
2000-05-12,39,NA,1
2000-05-13,20,NA,1
2000-05-14,11,NA,1
2000-05-15,18,NA,1
2000-05-16,25,NA,1
2000-05-17,35.5,12.02,2
2000-05-18,25.5,3.54,2
2000-05-19,20,NA,1
2000-05-20,25,NA,1
2000-05-21,24,NA,1
2000-05-22,23,NA,1
2000-05-23,18,NA,1
2000-05-24,9,8.49,2
2000-05-25,10,11.31,2
2000-05-26,15,NA,1
2000-05-27,12,NA,1
2000-05-28,15,NA,1
2000-05-29,15,NA,1
2000-05-30,13,NA,1
2000-05-31,30.5,27.58,2
2000-06-01,15,NA,1
2000-06-02,18,NA,1
2000-06-03,17,NA,1
2000-06-04,7,NA,1
2000-06-05,13,NA,1
2000-06-06,14,NA,1
2000-06-07,13,NA,1
2000-06-08,13,NA,1
2000-06-09,17,NA,1
2000-06-10,11,NA,1
2000-06-11,8,NA,1
2000-06-12,14,NA,1
2000-06-13,16,NA,1
2000-06-14,13,NA,1
2000-06-15,11,NA,1
2000-06-16,16,NA,1
2000-06-17,10,NA,1
2000-06-18,43,50.91,2
2000-06-19,39,36.77,2
2000-06-20,36,32.53,2
2000-06-21,48,46.67,2
2000-06-22,37.5,37.48,2
2000-06-23,10.5,0.71,2
2000-06-24,11.5,0.71,2
2000-06-25,9,1.41,2
2000-06-26,16.5,0.71,2
2000-06-27,10,0,2
2000-06-28,11.5,0.71,2
2000-06-29,12,NA,1
2000-06-30,15,NA,1
2000-07-01,15,NA,1
2000-07-02,12,NA,1
2000-07-03,12,NA,1
2000-07-04,12,NA,1
2000-07-05,15,NA,1
2000-07-06,9,NA,1
2000-07-07,10,NA,1
2000-07-08,70,NA,1
2000-07-09,64,NA,1
2000-07-10,64,NA,1
2000-07-11,103,NA,1
2000-07-12,40,36.77,2
2000-07-13,38.5,38.89,2
2000-07-14,37,32.53,2
2000-07-15,8.5,0.71,2
2000-07-16,8,1.41,2
2000-07-17,10.5,2.12,2
2000-07-18,13,1.41,2
2000-07-19,16,2.83,2
2000-07-20,14,2.83,2
2000-07-23,50,NA,1
2000-07-24,45,NA,1
2000-07-25,65,NA,1
2000-07-26,73,NA,1
2000-07-27,65,NA,1
2000-07-28,68,NA,1
2000-07-29,107,NA,1
2000-07-30,55,NA,1
2000-07-31,57,NA,1
2000-08-01,82,NA,1
2000-08-02,79,NA,1
2000-08-03,60,NA,1
2000-08-04,68,NA,1
2000-08-05,46,49.5,2
2000-08-06,41,49.5,2
2000-08-07,38,38.18,2
2000-08-08,38.5,43.13,2
2000-08-09,32,33.94,2
2000-08-10,39.5,31.82,2
2000-08-11,37,41.01,2
2000-08-12,31.5,34.65,2
2000-08-13,28,31.11,2
2000-08-14,55,59.4,2
2000-08-15,53.5,58.69,2
2000-08-16,51.5,54.45,2
2000-08-17,9,NA,1
2000-08-18,8,NA,1
2000-08-19,10,NA,1
2000-08-20,11,NA,1
2000-08-21,8,NA,1
2000-08-22,11,NA,1
2000-08-23,10,NA,1
2000-08-24,10,NA,1
2000-08-25,13,NA,1
2000-08-26,11,NA,1
2000-08-27,9,NA,1
2000-08-28,9,NA,1
2000-08-29,10,NA,1
2000-08-30,12,NA,1
2000-08-31,10,NA,1
2000-09-01,13,NA,1
2000-09-02,13,NA,1
2000-09-03,17,NA,1
2000-09-04,11,NA,1
2000-09-05,16,NA,1
2000-09-06,15,NA,1
2000-09-07,10,NA,1
2000-09-08,16,NA,1
2000-09-09,11.5,2.12,2
2000-09-10,9.5,0.71,2
2000-09-11,12.5,0.71,2
2000-09-12,11.5,0.71,2
2000-09-13,7.5,3.54,2
2000-09-14,9,1.41,2
2000-09-15,16,4.24,2
2000-09-16,8,1.41,2
2000-09-17,10,1.41,2
2000-09-18,49,50.91,2
2000-09-19,47.5,51.62,2
2000-09-20,68.5,74.25,2
2000-09-21,11,NA,1
2000-09-22,11,NA,1
2000-09-23,18,NA,1
2000-09-24,11,NA,1
2000-09-25,13,NA,1
2000-09-26,12,NA,1
2000-09-27,11,NA,1
2000-09-28,13,NA,1
2000-09-29,9,NA,1
2000-10-01,11,NA,1
2000-10-02,15,NA,1
2000-10-03,52.5,47.38,2
2000-10-04,43,45.25,2
2000-10-05,52.5,54.45,2
2000-10-06,39.5,40.31,2
2000-10-07,10,0,2
2000-10-08,9,0,2
2000-10-09,7,1.41,2
2000-10-10,18,2.83,2
2000-10-11,13,1.41,2
2000-10-12,10,1.41,2
2000-10-13,8,0,2
2000-10-14,51,48.08,2
2000-10-15,52,49.5,2
2000-10-16,67,70.71,2
2000-10-17,73.5,79.9,2
2000-10-18,60.5,60.1,2
2000-10-19,65.5,65.76,2
2000-10-20,50.5,54.45,2
2000-10-21,47.5,50.2,2
2000-10-22,48.5,50.2,2
2000-10-23,63.5,60.1,2
2000-10-24,78,69.3,2
2000-10-25,43,46.67,2
2000-10-26,37.5,37.48,2
2000-10-27,58,60.81,2
2000-10-28,44,43.84,2
2000-10-29,42,45.25,2
2000-10-30,57,49.5,2
2000-10-31,57,49.5,2
2000-11-01,63,43.84,2
2000-11-02,21,NA,1
2000-11-03,24,NA,1
2000-11-04,22,NA,1
2000-11-05,19,NA,1
2000-11-06,22,NA,1
2000-11-07,17,NA,1
2000-11-08,17,NA,1
2000-11-09,22,NA,1
2000-11-10,21,4.24,2
2000-11-11,55.5,51.62,2
2000-11-12,50.5,48.79,2
2000-11-13,59.5,57.28,2
2000-11-14,45,38.18,2
2000-11-15,80,NA,1
2000-11-16,73,NA,1
2000-11-17,89,NA,1
2000-11-18,10,NA,1
2000-11-19,12,NA,1
2000-11-20,14,NA,1
2000-11-21,16,NA,1
2000-11-22,13,0,2
2000-11-23,11.5,0.71,2
2000-11-24,12,1.41,2
2000-11-25,12.5,2.12,2
2000-11-26,11,1.41,2
2000-11-27,17.5,0.71,2
2000-11-28,16,NA,1
2000-11-29,14,NA,1
2000-11-30,15.5,0.71,2
2000-12-01,71.5,79.9,2
2000-12-02,13.5,0.71,2
2000-12-03,29.5,23.33,2
2000-12-04,50.5,50.2,2
2000-12-05,59.5,60.1,2
2000-12-06,63,65.05,2
2000-12-07,48.5,45.96,2
2000-12-08,15.5,0.71,2
2000-12-09,16.5,2.12,2
2000-12-10,14.5,0.71,2
2000-12-11,16,1.41,2
2000-12-12,13,0,2
2000-12-13,12.5,0.71,2
2000-12-14,12,1.41,2
2000-12-15,27.5,16.26,2
2000-12-16,43,39.6,2
2000-12-17,46,43.84,2
2000-12-18,56.5,58.69,2
2000-12-19,57,56.57,2
2000-12-20,61,60.81,2
2000-12-21,61,63.64,2
2000-12-22,57.5,55.86,2
2000-12-23,63,65.05,2
2000-12-24,50,49.5,2
2000-12-25,46.5,45.96,2
2000-12-26,46.5,41.72,2
2000-12-27,51.5,40.31,2
2000-12-28,13,NA,1
2000-12-29,14,NA,1
2000-12-30,10,NA,1
2001-01-01,11,NA,1
2001-01-02,15,NA,1
2001-01-03,13,NA,1
2001-01-04,14,NA,1
2001-01-05,25,NA,1
2001-01-06,13,NA,1
2001-01-07,14,NA,1
2001-01-08,13,NA,1
2001-01-09,15,NA,1
2001-01-10,24,NA,1
2001-01-11,19,NA,1
2001-01-12,20,NA,1
2001-01-13,17,NA,1
2001-01-14,14,7.07,2
2001-01-15,16,8.49,2
2001-01-16,13.5,4.95,2
2001-01-17,19.5,4.95,2
2001-01-18,15,4.24,2
2001-01-19,13,2.83,2
2001-01-20,12,2.83,2
2001-01-21,11.5,3.54,2
2001-01-22,11.5,3.54,2
2001-01-23,13.5,2.12,2
2001-01-24,11.5,2.12,2
2001-01-25,12.5,3.54,2
2001-01-26,15.5,4.95,2
2001-01-27,12.5,4.95,2
2001-01-28,11,4.24,2
2001-01-29,15,4.24,2
2001-01-30,17.5,4.95,2
2001-01-31,19,7.07,2
2001-02-01,15,2.83,2
2001-02-02,14.5,3.54,2
2001-02-03,12,2.83,2
2001-02-04,11.5,2.12,2
2001-02-05,14.5,4.95,2
2001-02-06,13.5,3.54,2
2001-02-07,14.5,3.54,2
2001-02-08,12.5,4.95,2
2001-02-09,13.5,3.54,2
2001-02-10,11,4.24,2
2001-02-11,7,0,2
2001-02-12,10,4.24,2
2001-02-13,15,NA,1
2001-02-14,12,NA,1
2001-02-15,12,NA,1
2001-02-16,14.5,3.54,2
2001-02-17,13,2.83,2
2001-02-18,13.5,3.54,2
2001-02-19,12,7.07,2
2001-02-20,11,4.24,2
2001-02-21,11,5.66,2
2001-02-22,12.5,6.36,2
2001-02-23,16,7.07,2
2001-02-24,12,4.24,2
2001-02-25,7,1.41,2
2001-02-26,16.5,14.85,2
2001-02-27,22.5,12.02,2
2001-02-28,16,7.07,2
2001-03-01,16.5,7.78,2
2001-03-02,13,4.24,2
2001-03-03,11.5,2.12,2
2001-03-04,10.5,3.54,2
2001-03-05,9,2.83,2
2001-03-06,22.5,14.85,2
2001-03-07,29,NA,1
2001-03-08,19,NA,1
2001-03-09,12,NA,1
2001-03-10,9,NA,1
2001-03-11,11,NA,1
2001-03-12,9.5,3.54,2
2001-03-13,13,4.24,2
2001-03-14,9.5,3.54,2
2001-03-15,12.5,4.95,2
2001-03-16,11.5,2.12,2
2001-03-17,12.5,2.12,2
2001-03-18,12,1.41,2
2001-03-19,14,5.66,2
2001-03-20,14.5,4.95,2
2001-03-21,18.5,9.19,2
2001-03-22,16,7.07,2
2001-03-23,17.5,6.36,2
2001-03-24,15,5.66,2
2001-03-25,10,2.83,2
2001-03-26,7.5,2.12,2
2001-03-27,8.5,3.54,2
2001-03-28,11,5.66,2
2001-03-29,9,NA,1
2001-03-30,10,2.83,2
2001-03-31,10,NA,1
2001-04-01,9,NA,1
2001-04-02,15,NA,1
2001-04-03,17,NA,1
2001-04-04,18,NA,1
2001-04-05,19,NA,1
2001-04-06,12,NA,1
2001-04-07,13,NA,1
2001-04-08,9,NA,1
2001-04-09,15,NA,1
2001-04-10,23,NA,1
2001-04-11,16,NA,1
2001-04-12,15,NA,1
2001-04-13,7,NA,1
2001-04-14,13,NA,1
2001-04-15,14,NA,1
2001-04-16,14,NA,1
2001-04-17,12,NA,1
2001-04-18,12,NA,1
2001-04-19,12,NA,1
2001-04-20,13,NA,1
2001-04-21,16,NA,1
2001-04-22,17,NA,1
2001-04-23,19,NA,1
2001-04-24,25,NA,1
2001-04-25,16,NA,1
2001-04-26,19,NA,1
2001-04-27,16,1.41,2
2001-04-28,13.5,0.71,2
2001-04-29,14,2.83,2
2001-04-30,16.5,0.71,2
2001-05-01,13,1.41,2
2001-05-02,9,0,2
2001-05-03,10.5,0.71,2
2001-05-04,9.5,0.71,2
2001-05-05,5.5,2.12,2
2001-05-06,13,NA,1
2001-05-07,24,11.31,2
2001-05-08,25.5,3.54,2
2001-05-09,21.5,3.54,2
2001-05-10,16.5,0.71,2
2001-05-11,12.5,2.12,2
2001-05-12,11.5,0.71,2
2001-05-13,9.5,0.71,2
2001-05-14,11,2.83,2
2001-05-15,14,1.41,2
2001-05-16,18,9.9,2
2001-05-17,11,1.41,2
2001-05-18,13,NA,1
2001-05-19,10,NA,1
2001-05-20,7,NA,1
2001-05-22,4,NA,1
2001-05-23,4,NA,1
2001-05-24,4,NA,1
2001-05-26,18,NA,1
2001-05-27,16,NA,1
2001-05-28,12,NA,1
2001-05-29,12,NA,1
2001-05-30,11,1.41,2
2001-05-31,14,2.83,2
2001-06-01,14.5,3.54,2
2001-06-02,13,5.66,2
2001-06-03,10,2.83,2
2001-06-04,11.5,3.54,2
2001-06-05,14,4.24,2
2001-06-06,13.5,4.95,2
2001-06-07,13.5,4.95,2
2001-06-08,16,7.07,2
2001-06-09,12,4.24,2
2001-06-10,12.5,4.95,2
2001-06-11,13,4.24,2
2001-06-12,13.5,4.95,2
2001-06-13,13.5,4.95,2
2001-06-14,14.5,3.54,2
2001-06-15,16.5,0.71,2
2001-06-16,10.5,0.71,2
2001-06-17,10,0,2
2001-06-18,11,0,2
2001-06-19,11.5,0.71,2
2001-06-20,10,1.41,2
2001-06-21,11,1.41,2
2001-06-22,10,0,2
2001-06-23,15,4.24,2
2001-06-24,12,4.24,2
2001-06-25,17,5.66,2
2001-06-26,11.5,2.12,2
2001-06-27,12,1.41,2
2001-06-28,18,2.83,2
2001-06-29,23,NA,1
2001-07-01,23.5,16.26,2
2001-07-02,14.5,6.36,2
2001-07-03,10.5,4.95,2
2001-07-04,5.5,4.95,2
2001-07-05,16.5,6.36,2
2001-07-06,25.5,21.92,2
2001-07-07,7.5,0.71,2
2001-07-08,7.5,0.71,2
2001-07-09,18.5,9.19,2
2001-07-10,32,15.56,2
2001-07-11,29,21.21,2
2001-07-12,34,25.46,2
2001-07-13,29.5,24.75,2
2001-07-14,14,4.24,2
2001-07-15,16,9.9,2
2001-07-16,18.5,12.02,2
2001-07-17,21,15.56,2
2001-07-18,19.5,13.44,2
2001-07-19,21.5,13.44,2
2001-07-20,29.5,24.75,2
2001-07-21,10.5,2.12,2
2001-07-22,9.5,0.71,2
2001-07-23,19,NA,1
2001-08-04,21,NA,1
2001-08-05,11,NA,1
2001-08-06,20,NA,1
2001-08-07,49,NA,1
2001-08-08,18,NA,1
2001-08-09,15,8.49,2
2001-08-10,25.5,20.51,2
2001-08-11,15.5,9.19,2
2001-08-12,11.5,6.36,2
2001-08-13,18,14.14,2
2001-08-14,24.5,7.78,2
2001-08-15,26,15.56,2
2001-08-16,16,8.49,2
2001-08-17,20,12.73,2
2001-08-18,13.5,3.54,2
2001-08-19,12.5,2.12,2
2001-08-20,41.5,36.06,2
2001-08-21,30,26.87,2
2001-08-22,21.5,6.36,2
2001-08-23,27,24.04,2
2001-08-24,10,NA,1
2001-08-25,10,NA,1
2001-08-26,10,NA,1
2001-08-27,11,NA,1
2001-08-28,12,NA,1
2001-08-29,10,NA,1
2001-08-30,9,NA,1
2001-08-31,9,NA,1
2001-09-01,19.5,12.02,2
2001-09-02,18,8.49,2
2001-09-03,21,14.14,2
2001-09-04,37.5,37.48,2
2001-09-05,30.5,28.99,2
2001-09-06,31,31.11,2
2001-09-07,35,32.53,2
2001-09-08,14,4.24,2
2001-09-09,11,1.41,2
2001-09-10,32,32.53,2
2001-09-11,31.5,33.23,2
2001-09-12,21.5,10.61,2
2001-09-13,26.5,23.33,2
2001-09-14,24.5,20.51,2
2001-09-15,17.5,10.61,2
2001-09-16,7.5,0.71,2
2001-09-17,33.5,28.99,2
2001-09-18,39.5,26.16,2
2001-09-19,33,25.46,2
2001-09-20,34.5,13.44,2
2001-09-21,22,7.07,2
2001-09-22,20.5,13.44,2
2001-09-23,14,2.83,2
2001-09-24,33,25.46,2
2001-09-25,26,21.21,2
2001-09-26,29.5,27.58,2
2001-09-27,28,22.63,2
2001-09-28,24,19.8,2
2001-09-29,14,8.49,2
2001-09-30,2,NA,1
2001-10-01,6.5,0.71,2
2001-10-02,8,1.41,2
2001-10-03,15.5,0.71,2
2001-10-04,8,1.41,2
2001-10-05,16,1.41,2
2001-10-06,14,1.41,2
2001-10-07,10,1.41,2
2001-10-08,14,2.83,2
2001-10-09,17.5,2.12,2
2001-10-10,16,1.41,2
2001-10-11,15,2.83,2
2001-10-12,11.5,2.12,2
2001-10-13,12,0,2
2001-10-14,10.5,3.54,2
2001-10-15,15.5,0.71,2
2001-10-16,14,1.41,2
2001-10-17,17,4.24,2
2001-10-18,16,5.66,2
2001-10-19,13.5,6.36,2
2001-10-20,13,4.24,2
2001-10-21,12.5,4.95,2
2001-10-22,14,5.66,2
2001-10-23,15,5.66,2
2001-10-24,13.5,4.95,2
2001-10-25,13,4.24,2
2001-10-26,12.5,2.12,2
2001-10-27,14,5.66,2
2001-10-28,14,2.83,2
2001-10-29,14.5,4.95,2
2001-10-30,13,5.66,2
2001-10-31,14.5,6.36,2
2001-11-01,17,5.66,2
2001-11-02,18.5,2.12,2
2001-11-03,23.5,7.78,2
2001-11-04,14.5,4.95,2
2001-11-05,11,4.24,2
2001-11-06,14,1.41,2
2001-11-07,22,2.83,2
2001-11-08,22.5,7.78,2
2001-11-09,27,4.24,2
2001-11-10,17.5,0.71,2
2001-11-11,21.5,6.36,2
2001-11-12,21.5,9.19,2
2001-11-13,21,7.07,2
2001-11-14,20,7.07,2
2001-11-15,18,4.24,2
2001-11-16,19,1.41,2
2001-11-17,16.5,0.71,2
2001-11-18,21.5,4.95,2
2001-11-19,18,2.83,2
2001-11-20,23.5,2.12,2
2001-11-21,20.5,3.54,2
2001-11-22,13.5,0.71,2
2001-11-23,15,0,2
2001-11-24,13.5,7.78,2
2001-11-25,18,2.83,2
2001-11-26,18.5,7.78,2
2001-11-27,22.5,3.54,2
2001-11-28,8,NA,1
2001-11-29,25,NA,1
2001-11-30,25,NA,1
2001-12-01,21.5,0.71,2
2001-12-02,16.5,3.54,2
2001-12-03,19.5,3.54,2
2001-12-04,18,2.83,2
2001-12-05,19,5.66,2
2001-12-06,15,4.24,2
2001-12-07,21,7.07,2
2001-12-08,18.5,4.95,2
2001-12-09,16,4.24,2
2001-12-10,19,NA,1
2001-12-11,34,NA,1
2001-12-12,26,NA,1
2001-12-13,5,NA,1
2001-12-14,24,NA,1
2001-12-15,24,NA,1
2001-12-16,20,NA,1
2001-12-17,22,NA,1
2001-12-18,22,NA,1
2001-12-19,20,NA,1
2001-12-20,21,NA,1
2001-12-21,19,8.49,2
2001-12-22,18,4.24,2
2001-12-23,10.5,4.95,2
2001-12-24,24,7.07,2
2001-12-25,22,8.49,2
2001-12-26,21,5.66,2
2001-12-27,19.5,3.54,2
2001-12-28,25.5,10.61,2
2001-12-29,21.5,6.36,2
2001-12-30,18,5.66,2
2001-12-31,17,5.66,2
2002-01-01,11,NA,1
2002-01-02,12,NA,1
2002-01-03,17,NA,1
2002-01-04,20,NA,1
2002-01-05,15,NA,1
2002-01-06,11,NA,1
2002-01-07,14,NA,1
2002-01-08,14,NA,1
2002-01-09,14,NA,1
2002-01-10,19,NA,1
2002-01-11,21,NA,1
2002-01-12,19,NA,1
2002-01-13,17,NA,1
2002-01-14,14,NA,1
2002-01-15,17,NA,1
2002-01-16,17,NA,1
2002-01-17,16,NA,1
2002-01-18,14,NA,1
2002-01-19,11,NA,1
2002-01-20,13,NA,1
2002-01-21,14,NA,1
2002-01-31,15,NA,1
2002-02-02,13,NA,1
2002-02-03,12,NA,1
2002-02-04,16,NA,1
2002-02-05,15,NA,1
2002-02-06,13,NA,1
2002-02-07,12,NA,1
2002-02-08,14,NA,1
2002-02-09,11,NA,1
2002-02-10,13,NA,1
2002-02-11,15,1.41,2
2002-02-12,13,1.41,2
2002-02-13,13.5,2.12,2
2002-02-14,19,2.83,2
2002-02-15,16.5,3.54,2
2002-02-16,13.5,2.12,2
2002-02-17,10.5,0.71,2
2002-02-18,14.5,6.36,2
2002-02-19,16,2.83,2
2002-02-20,22,0,2
2002-02-21,12,1.41,2
2002-02-22,24,4.24,2
2002-02-23,22,2.83,2
2002-02-24,19,NA,1
2002-02-25,21,NA,1
2002-02-26,26,1.41,2
2002-02-27,24.5,2.12,2
2002-02-28,23,2.83,2
2002-03-01,15.5,9.19,2
2002-03-02,7.5,2.12,2
2002-03-03,9.5,3.54,2
2002-03-04,23,1.41,2
2002-03-05,23.5,0.71,2
2002-03-06,20,4.24,2
2002-03-07,25,NA,1
2002-03-08,20,NA,1
2002-03-09,19,NA,1
2002-03-10,20,NA,1
2002-03-11,22,NA,1
2002-03-12,16,NA,1
2002-03-13,14.5,4.95,2
2002-03-14,17.5,4.95,2
2002-03-15,16,4.24,2
2002-03-16,11.5,0.71,2
2002-03-17,8,1.41,2
2002-03-18,9,2.83,2
2002-03-19,12,0,2
2002-03-20,10.5,9.19,2
2002-03-21,7.5,4.95,2
2002-03-22,14,1.41,2
2002-03-23,12.5,0.71,2
2002-03-24,10,2.83,2
2002-03-25,12,2.83,2
2002-03-26,15.5,3.54,2
2002-03-27,13,1.41,2
2002-03-28,13.5,4.95,2
2002-03-29,12,5.66,2
2002-03-30,9.5,3.54,2
2002-03-31,8,1.41,2
2002-04-01,18.5,6.36,2
2002-04-02,14.5,3.54,2
2002-04-03,15,2.83,2
2002-04-04,13.5,2.12,2
2002-04-05,16.5,4.95,2
2002-04-06,17.5,4.95,2
2002-04-07,17.5,12.02,2
2002-04-08,11.5,7.78,2
2002-04-09,10,9.9,2
2002-04-10,20,12.73,2
2002-04-11,27.5,0.71,2
2002-04-12,22,1.41,2
2002-04-13,17.5,0.71,2
2002-04-14,13.5,2.12,2
2002-04-15,9.5,2.12,2
2002-04-16,14.5,0.71,2
2002-04-17,14,2.83,2
2002-04-18,13.5,0.71,2
2002-04-19,16,0,2
2002-04-20,18,0,2
2002-04-21,11.5,0.71,2
2002-04-22,13,0,2
2002-04-23,11.5,0.71,2
2002-04-24,12.5,0.71,2
2002-04-25,12.5,0.71,2
2002-04-26,12,NA,1
2002-04-27,18,NA,1
2002-04-28,8,NA,1
2002-04-29,14,NA,1
2002-04-30,14,NA,1
2002-05-01,16,NA,1
2002-05-02,10,NA,1
2002-05-03,10,NA,1
2002-05-04,12,1.41,2
2002-05-05,7,0,2
2002-05-06,16.5,2.12,2
2002-05-07,15,1.41,2
2002-05-08,17,1.41,2
2002-05-09,15.5,2.12,2
2002-05-10,18.5,0.71,2
2002-05-11,15,4.24,2
2002-05-12,13,4.24,2
2002-05-13,13.5,2.12,2
2002-05-14,15,4.24,2
2002-05-15,11.5,2.12,2
2002-05-16,13,5.66,2
2002-05-17,13,4.24,2
2002-05-18,12,5.66,2
2002-05-19,10,7.07,2
2002-05-20,13,4.24,2
2002-05-21,14,4.24,2
2002-05-22,13,5.66,2
2002-05-23,12.5,3.54,2
2002-05-24,9,NA,1
2002-05-25,10,NA,1
2002-05-26,14,NA,1
2002-05-27,13,NA,1
2002-05-28,9,NA,1
2002-05-29,9,NA,1
2002-05-30,10,NA,1
2002-05-31,8,NA,1
2002-06-02,13,NA,1
2002-06-03,19,NA,1
2002-06-04,13,NA,1
2002-06-05,10,NA,1
2002-06-06,9,NA,1
2002-06-07,12,NA,1
2002-06-08,8,0,2
2002-06-09,5,2.83,2
2002-06-10,5,2.83,2
2002-06-11,7,NA,1
2002-06-12,7,NA,1
2002-06-13,6,NA,1
2002-06-14,10,NA,1
2002-06-15,11.5,3.54,2
2002-06-16,11.5,3.54,2
2002-06-17,16,NA,1
2002-06-18,11.5,3.54,2
2002-06-19,19,15.56,2
2002-06-20,15,4.24,2
2002-06-21,14.5,3.54,2
2002-06-22,12,4.24,2
2002-06-23,10.5,4.95,2
2002-06-24,24,16.97,2
2002-06-25,7.5,0.71,2
2002-06-26,9,4.24,2
2002-06-27,10.5,3.54,2
2002-06-28,10,1.41,2
2002-06-29,7,2.83,2
2002-06-30,7,2.83,2
2002-07-01,10.5,4.95,2
2002-07-02,11,2.83,2
2002-07-03,11.5,4.95,2
2002-07-04,6.5,3.54,2
2002-07-05,9,2.83,2
2002-07-06,13,2.83,2
2002-07-07,15,5.66,2
2002-07-08,14,1.41,2
2002-07-09,8,1.41,2
2002-07-10,11,5.66,2
2002-07-11,14.5,3.54,2
2002-07-12,19,5.66,2
2002-07-13,9,2.83,2
2002-07-14,12,4.24,2
2002-07-15,11,4.24,2
2002-07-16,6,1.41,2
2002-07-17,12.5,3.54,2
2002-07-18,11,4.24,2
2002-07-19,10,2.83,2
2002-07-20,9.5,6.36,2
2002-07-21,7.5,4.95,2
2002-07-22,13.5,6.36,2
2002-07-23,12.5,6.36,2
2002-07-24,8,4.24,2
2002-07-25,10.5,7.78,2
2002-07-26,10,5.66,2
2002-07-27,8.5,6.36,2
2002-07-28,7.5,3.54,2
2002-07-29,9,4.24,2
2002-07-30,8,1.41,2
2002-07-31,9.5,2.12,2
2002-08-01,21.5,2.12,2
2002-08-02,14,2.83,2
2002-08-03,9,2.83,2
2002-08-04,8.5,3.54,2
2002-08-05,9.5,3.54,2
2002-08-06,6,NA,1
2002-08-07,8,NA,1
2002-08-08,13.5,4.95,2
2002-08-09,16,7.07,2
2002-08-10,11.5,0.71,2
2002-08-11,17,2.83,2
2002-08-12,23,NA,1
2002-08-13,17,NA,1
2002-08-14,16.5,9.19,2
2002-08-15,15.5,6.36,2
2002-08-16,9,5.66,2
2002-08-17,7.5,3.54,2
2002-08-18,13.5,6.36,2
2002-08-19,14,5.66,2
2002-08-20,12.5,6.36,2
2002-08-21,11.5,7.78,2
2002-08-22,10.5,4.95,2
2002-08-23,12.5,4.95,2
2002-08-24,13,5.66,2
2002-08-25,12.5,6.36,2
2002-08-26,8,NA,1
2002-08-27,11,NA,1
2002-08-28,7,NA,1
2002-08-29,10,NA,1
2002-08-30,8,NA,1
2002-08-31,8,NA,1
2002-09-01,10,NA,1
2002-09-02,9,NA,1
2002-09-03,8,NA,1
2002-09-04,13,NA,1
2002-09-05,9,NA,1
2002-09-06,9,4.24,2
2002-09-07,8,2.83,2
2002-09-08,6,1.41,2
2002-09-09,9,2.83,2
2002-09-10,20.5,19.09,2
2002-09-11,12,5.66,2
2002-09-12,11,4.24,2
2002-09-13,9,4.24,2
2002-09-14,7.5,0.71,2
2002-09-15,10,4.24,2
2002-09-16,10.5,4.95,2
2002-09-17,14,5.66,2
2002-09-18,17,7.07,2
2002-09-19,22,4.24,2
2002-09-20,16,5.66,2
2002-09-21,10,4.24,2
2002-09-22,9.5,4.95,2
2002-09-23,10,5.66,2
2002-09-24,14,5.66,2
2002-09-25,16,7.07,2
2002-09-26,9,1.41,2
2002-09-27,8,1.41,2
2002-09-28,8,0,2
2002-09-29,6.5,0.71,2
2002-09-30,12.5,9.19,2
2002-10-01,6.5,0.71,2
2002-10-02,6.5,0.71,2
2002-10-03,7,1.41,2
2002-10-04,6.5,0.71,2
2002-10-05,5,0,2
2002-10-06,7,0,2
2002-10-07,13,1.41,2
2002-10-08,11.5,0.71,2
2002-10-09,23,11.31,2
2002-10-10,9,NA,1
2002-10-11,7,NA,1
2002-10-12,7,NA,1
2002-10-13,6,NA,1
2002-10-14,9,NA,1
2002-10-15,8,NA,1
2002-10-16,6,NA,1
2002-10-17,7,NA,1
2002-10-18,7,NA,1
2002-10-19,7,NA,1
2002-10-20,7,NA,1
2002-10-21,8,NA,1
2002-10-22,9,NA,1
2002-10-23,15,NA,1
2002-10-24,9,NA,1
2002-10-25,7,NA,1
2002-10-26,8,NA,1
2002-10-27,7,NA,1
2002-10-28,8,NA,1
2002-10-29,6,NA,1
2002-10-30,7,NA,1
2002-10-31,9,NA,1
2002-11-01,9,NA,1
2002-11-02,12,NA,1
2002-11-03,9,NA,1
2002-11-04,10,NA,1
2002-11-05,11,NA,1
2002-11-06,12,NA,1
2002-11-07,12,NA,1
2002-11-08,11,NA,1
2002-11-09,11,NA,1
2002-11-10,9,NA,1
2002-11-11,9,NA,1
2002-11-12,10,NA,1
2002-11-13,11,NA,1
2002-11-14,17,NA,1
2002-11-15,12,NA,1
2002-11-16,11,NA,1
2002-11-17,10,NA,1
2002-11-18,12,NA,1
2002-11-19,14,NA,1
2002-11-20,16,NA,1
2002-11-21,9,NA,1
2002-11-22,7,NA,1
2002-11-23,13,NA,1
2002-11-24,11,NA,1
2002-11-25,10,NA,1
2002-11-26,10,NA,1
2002-11-27,13,NA,1
2002-11-28,12,NA,1
2002-11-29,17,NA,1
2002-11-30,10,NA,1
2002-12-01,11,NA,1
2002-12-02,11,NA,1
2002-12-03,10,NA,1
2002-12-04,13,NA,1
2002-12-05,11,NA,1
2002-12-06,12,NA,1
2002-12-07,13,NA,1
2002-12-08,13,NA,1
2002-12-09,12,NA,1
2002-12-10,11,NA,1
2002-12-11,11,NA,1
2002-12-12,10,NA,1
2002-12-13,12,NA,1
2002-12-14,14,NA,1
2002-12-15,9,NA,1
2002-12-16,12,NA,1
2002-12-17,15,NA,1
2002-12-18,13,NA,1
2002-12-19,12,NA,1
2002-12-20,9,NA,1
2002-12-21,14,NA,1
2002-12-22,13,NA,1
2002-12-23,10,NA,1
2002-12-24,12,NA,1
2002-12-25,12,NA,1
2002-12-26,12,NA,1
2002-12-27,12,NA,1
2002-12-28,12,NA,1
2002-12-29,11,NA,1
2002-12-30,10,NA,1
2002-12-31,8,NA,1
2003-05-09,11,NA,1
2003-05-10,10,NA,1
2003-05-11,9,NA,1
2003-05-12,14,NA,1
2003-05-13,15,NA,1
2003-05-14,15,NA,1
2003-05-15,15,NA,1
2003-05-16,13,NA,1
2003-05-17,10,NA,1
2003-05-18,10,NA,1
2003-05-19,11,NA,1
2003-05-20,17,NA,1
2003-05-21,16,NA,1
2003-05-22,12,NA,1
2003-05-23,14,NA,1
2003-05-24,8,NA,1
2003-05-25,7,NA,1
2003-05-26,7,NA,1
2003-05-27,10,NA,1
2003-05-28,10,NA,1
2003-05-29,10,NA,1
2003-05-30,11,NA,1
2003-05-31,9,NA,1
2003-06-01,9,NA,1
2003-06-02,15,NA,1
2003-06-03,12,NA,1
2003-06-04,11,NA,1
2003-06-05,12,NA,1
2003-06-06,11,NA,1
2003-06-07,11,NA,1
2003-06-08,9,NA,1
2003-06-09,8,NA,1
2003-06-10,10,NA,1
2003-06-11,11,NA,1
2003-06-12,11,NA,1
2003-06-13,9,NA,1
2003-06-14,7,NA,1
2003-06-15,9,NA,1
2003-06-16,8,NA,1
2003-06-17,9,NA,1
2003-06-18,9,NA,1
2003-06-19,15,NA,1
2003-06-20,8,NA,1
2003-06-21,9,NA,1
2003-06-22,8,NA,1
2003-06-23,8,NA,1
2003-06-24,7,NA,1
2003-06-25,8,NA,1
2003-06-26,8,NA,1
2003-06-27,7,NA,1
2003-06-28,6,NA,1
2003-06-29,7,NA,1
2003-06-30,6,NA,1
2003-07-01,9,NA,1
2003-07-02,9,NA,1
2003-07-03,10,NA,1
2003-07-04,9,NA,1
2003-07-05,5,NA,1
2003-07-06,4,NA,1
2003-07-07,5,NA,1
2003-07-08,8,NA,1
2003-07-09,6,NA,1
2003-07-10,6,NA,1
2003-07-11,8,NA,1
2003-07-12,7,NA,1
2003-07-13,10,NA,1
2003-07-14,7,NA,1
2003-07-15,7,NA,1
2003-07-16,9,NA,1
2003-07-17,11,NA,1
2003-07-18,6,NA,1
2003-07-19,6,NA,1
2003-07-20,5,NA,1
2003-07-21,9,NA,1
2003-07-22,7,NA,1
2003-07-23,10,NA,1
2003-07-24,11,NA,1
2003-07-25,8,NA,1
2003-07-26,8,NA,1
2003-07-27,8,NA,1
2003-07-28,8,NA,1
2003-07-29,17,NA,1
2003-07-30,11,NA,1
2003-07-31,9,NA,1
2003-08-01,16,NA,1
2003-08-02,8,NA,1
2003-08-03,9,NA,1
2003-08-04,10,NA,1
2003-08-05,9,NA,1
2003-08-06,12,NA,1
2003-08-21,10,NA,1
2003-08-22,8,NA,1
2003-08-23,8,NA,1
2003-08-24,7,NA,1
2003-08-25,7,NA,1
2003-08-26,10,NA,1
2003-08-27,7,NA,1
2003-08-28,8,NA,1
2003-08-29,10,NA,1
2003-08-30,12,NA,1
2003-08-31,8,NA,1
2003-09-01,8,NA,1
2003-09-02,10,NA,1
2003-09-03,15,NA,1
2003-09-04,17,NA,1
2003-09-05,7,NA,1
2003-09-06,8,NA,1
2003-09-07,9,NA,1
2003-09-08,11,NA,1
2003-09-09,12,NA,1
2003-09-10,8,NA,1
2003-09-11,12,NA,1
2003-09-12,11,NA,1
2003-09-13,11,NA,1
2003-09-14,9,NA,1
2003-09-15,8,NA,1
2003-09-16,9,NA,1
2003-09-17,9,NA,1
2003-09-18,8,NA,1
2003-09-19,12,NA,1
2003-09-20,16,NA,1
2003-09-21,13,NA,1
2003-09-22,22,NA,1
2003-09-23,18,NA,1
2003-09-24,15,NA,1
2003-09-25,26,NA,1
2003-09-26,7,NA,1
2003-09-27,6,NA,1
2003-09-28,6,NA,1
2003-09-29,6,NA,1
2003-09-30,8,NA,1
2003-10-01,11,NA,1
2003-10-02,13,NA,1
2003-10-03,12,NA,1
2003-10-04,8,NA,1
2003-10-05,8,NA,1
2003-10-06,12,NA,1
2003-10-07,11,NA,1
2003-10-08,15,NA,1
2003-10-09,13,NA,1
2003-10-10,10,NA,1
2003-10-11,8,NA,1
2003-10-12,7,NA,1
2003-10-13,9,NA,1
2003-10-14,14,NA,1
2003-10-15,18,NA,1
2003-10-16,15,NA,1
2003-10-17,10,NA,1
2003-10-18,7,NA,1
2003-10-19,9,NA,1
2003-10-20,11,NA,1
2003-10-21,9,NA,1
2003-10-22,9,NA,1
2003-10-23,10,NA,1
2003-10-24,10,NA,1
2003-10-25,8,NA,1
2003-10-26,11,NA,1
2003-10-27,23,NA,1
2003-10-28,25,NA,1
2003-10-29,31,NA,1
2003-10-30,20,NA,1
2003-10-31,19,NA,1
2003-11-01,23,NA,1
2003-11-02,13,NA,1
2003-11-03,10,NA,1
2003-11-04,13,NA,1
2003-11-05,18,NA,1
2003-11-06,12,NA,1
2003-11-07,13,NA,1
2003-11-08,14,NA,1
2003-11-09,16,NA,1
2003-11-10,18,NA,1
2003-11-11,13,NA,1
2003-11-12,13,NA,1
2003-11-13,12,NA,1
2003-11-14,14,NA,1
2003-11-15,19,NA,1
2003-11-16,12,NA,1
2003-11-17,18,NA,1
2003-11-18,16,NA,1
2003-11-19,12,NA,1
2003-11-22,16,NA,1
2003-11-23,16,NA,1
2003-11-24,17,NA,1
2003-11-25,15,NA,1
2003-11-26,15,NA,1
2003-11-27,10,NA,1
2003-11-28,13,NA,1
2003-11-29,11,NA,1
2003-11-30,15,NA,1
2003-12-01,21,NA,1
2003-12-02,16,NA,1
2003-12-03,16,NA,1
2003-12-04,15,NA,1
2003-12-05,13,NA,1
2003-12-06,16,NA,1
2003-12-07,10,NA,1
2003-12-08,19,NA,1
2003-12-09,22,NA,1
2003-12-10,19,NA,1
2003-12-11,14,NA,1
2003-12-12,10,NA,1
2003-12-13,11,NA,1
2003-12-14,13,NA,1
2003-12-15,13,NA,1
2003-12-16,13,NA,1
2003-12-17,14,NA,1
2003-12-18,17,NA,1
2003-12-19,18,NA,1
2003-12-20,14,NA,1
2003-12-21,18,NA,1
2003-12-22,14,NA,1
2003-12-23,16,NA,1
2003-12-24,19,NA,1
2003-12-25,13,NA,1
2003-12-26,14,NA,1
2003-12-27,17,NA,1
2003-12-28,22,NA,1
2003-12-29,21,NA,1
2003-12-30,19,NA,1
2003-12-31,14,NA,1
2004-01-01,8,NA,1
2004-01-02,10,NA,1
2004-01-03,21,NA,1
2004-01-04,19,NA,1
2004-01-05,16,NA,1
2004-01-06,15,NA,1
2004-01-07,17,NA,1
2004-01-08,17,NA,1
2004-01-09,15,NA,1
2004-01-10,15,NA,1
2004-01-11,14,NA,1
2004-01-12,17,NA,1
2004-01-13,12,NA,1
2004-01-14,13,NA,1
2004-01-15,14,NA,1
2004-01-16,15,NA,1
2004-01-17,15,NA,1
2004-01-18,15,NA,1
2004-01-19,16,NA,1
2004-01-20,23,NA,1
2004-01-21,29,NA,1
2004-01-22,18,NA,1
2004-01-23,21,NA,1
2004-01-24,23,NA,1
2004-01-25,21,NA,1
2004-01-26,23,NA,1
2004-01-27,23,NA,1
2004-01-28,16,NA,1
2004-01-29,20,NA,1
2004-01-30,17,NA,1
2004-01-31,12,NA,1
2004-02-01,12,NA,1
2004-02-02,16,NA,1
2004-02-03,13,NA,1
2004-02-04,52,NA,1
2004-02-05,13,NA,1
2004-02-06,11,NA,1
2004-02-07,16,NA,1
2004-02-08,15,NA,1
2004-02-09,17,NA,1
2004-02-10,16,NA,1
2004-02-11,20,NA,1
2004-02-12,18,NA,1
2004-02-13,18,NA,1
2004-02-14,17,NA,1
2004-02-15,14,NA,1
2004-02-16,12,NA,1
2004-02-17,12,NA,1
2004-02-18,15,NA,1
2004-02-19,26,NA,1
2004-02-20,15,NA,1
2004-02-21,19,NA,1
2004-02-22,18,NA,1
2004-02-23,24,NA,1
2004-02-24,16,NA,1
2004-02-25,19,NA,1
2004-02-26,12,NA,1
2004-02-27,12,NA,1
2004-02-28,28,NA,1
2004-02-29,15,NA,1
2004-03-10,2,NA,1
2004-03-11,1,NA,1
2004-03-26,13,NA,1
2004-03-27,12,NA,1
2004-03-28,12,NA,1
2004-03-29,20,NA,1
2004-03-30,16,NA,1
2004-03-31,16,NA,1
2004-04-01,15,NA,1
2004-04-02,12,NA,1
2004-04-03,15,NA,1
2004-04-04,11,NA,1
2004-04-05,13,NA,1
2004-04-06,10,NA,1
2004-04-07,13,NA,1
2004-04-08,7,NA,1
2004-04-09,6,NA,1
2004-04-10,8,NA,1
2004-04-11,7,NA,1
2004-04-12,12,NA,1
2004-04-24,10,NA,1
2004-04-25,6,NA,1
2004-04-26,10,NA,1
2004-04-27,9,NA,1
2004-04-28,13,NA,1
2004-04-29,11,NA,1
2004-04-30,14,NA,1
2004-05-01,14,NA,1
2004-05-02,6,NA,1
2004-05-03,13,NA,1
2004-05-04,13,NA,1
2004-05-05,11,NA,1
2004-05-06,15,NA,1
2004-05-07,21,NA,1
2004-05-08,14,NA,1
2004-05-09,6,NA,1
2004-05-10,9,NA,1
2004-05-11,10,NA,1
2004-05-12,14,NA,1
2004-05-13,14,NA,1
2004-05-14,13,NA,1
2004-05-15,13,NA,1
2004-05-16,9,NA,1
2004-05-17,13,NA,1
2004-05-18,9,NA,1
2004-05-19,12,NA,1
2004-05-20,15,NA,1
2004-05-21,15,NA,1
2004-05-22,8,NA,1
2004-05-23,5,NA,1
2004-05-24,5,NA,1
2004-05-25,5,NA,1
2004-05-26,9,NA,1
2004-05-27,10,NA,1
2004-05-28,9,NA,1
2004-05-29,7,NA,1
2004-05-30,6,NA,1
2004-05-31,6,NA,1
2004-06-01,6,NA,1
2004-06-02,5,NA,1
2004-06-03,7,NA,1
2004-06-04,6,NA,1
2004-06-05,6,NA,1
2004-06-06,8,NA,1
2004-06-07,10,NA,1
2004-06-08,9,NA,1
2004-06-09,10,NA,1
2004-06-10,9,NA,1
2004-06-11,8,NA,1
2004-06-12,7,NA,1
2004-06-13,5,NA,1
2004-06-14,12,NA,1
2004-06-15,12,NA,1
2004-06-16,10,NA,1
2004-06-17,5,NA,1
2004-06-18,4,NA,1
2004-06-19,4,NA,1
2004-06-20,4,NA,1
2004-06-21,5,NA,1
2004-06-22,5,NA,1
2004-06-23,4,NA,1
2004-06-24,4,NA,1
2004-06-25,6,NA,1
2004-06-26,5,NA,1
2004-06-27,5,NA,1
2004-06-28,8,NA,1
2004-06-29,7,NA,1
2004-06-30,7,NA,1
2004-07-01,11,NA,1
2004-07-02,9,NA,1
2004-07-03,7,NA,1
2004-07-04,5,NA,1
2004-07-05,8,NA,1
2004-07-06,8,NA,1
2004-07-07,8,NA,1
2004-07-08,5,NA,1
2004-07-09,6,NA,1
2004-07-10,4,NA,1
2004-07-11,4,NA,1
2004-07-12,8,NA,1
2004-07-13,8,NA,1
2004-07-14,8,NA,1
2004-07-15,8,NA,1
2004-07-16,6,NA,1
2004-07-17,8,NA,1
2004-07-18,10,NA,1
2004-07-19,9,NA,1
2004-07-20,12,NA,1
2004-07-21,10,NA,1
2004-07-22,8,NA,1
2004-07-23,9,NA,1
2004-07-24,7,NA,1
2004-07-25,9,NA,1
2004-07-26,8,NA,1
2004-07-27,6,NA,1
2004-07-28,8,NA,1
2004-07-29,6,NA,1
2004-07-30,6,NA,1
2004-07-31,7,NA,1
2004-08-01,5,NA,1
2004-08-02,6,NA,1
2004-08-03,9,NA,1
2004-08-04,8,NA,1
2004-08-05,7,NA,1
2004-08-06,7,NA,1
2004-08-07,6,NA,1
2004-08-08,7,NA,1
2004-08-09,7,NA,1
2004-08-10,6,NA,1
2004-08-11,6,NA,1
2004-08-12,9,NA,1
2004-08-13,6,NA,1
2004-08-14,6,NA,1
2004-08-15,5,NA,1
2004-08-20,4,NA,1
2004-08-21,4,NA,1
2004-08-22,3,NA,1
2004-08-23,8,NA,1
2004-08-24,10,NA,1
2004-08-25,6,NA,1
2004-08-26,6,NA,1
2004-08-27,8,NA,1
2004-08-28,9,NA,1
2004-08-29,5,NA,1
2004-08-30,8,NA,1
2004-08-31,9,NA,1
2004-09-01,6,NA,1
2004-09-14,10,NA,1
2004-09-19,7,NA,1
2004-09-20,21,NA,1
2004-09-21,20,NA,1
2004-09-22,18,NA,1
2004-09-23,8,NA,1
2004-09-24,8,NA,1
2004-09-25,7,NA,1
2004-09-26,7,NA,1
2004-09-27,7,NA,1
2004-09-28,11,NA,1
2004-09-29,11,NA,1
2004-09-30,8,NA,1
2004-10-01,6,NA,1
2004-10-02,7,NA,1
2004-10-03,5,NA,1
2004-10-04,6,NA,1
2004-10-05,7,NA,1
2004-10-06,9,NA,1
2004-10-07,12,NA,1
2004-10-08,8,NA,1
2004-10-09,15,NA,1
2004-10-10,12,NA,1
2004-10-11,19,NA,1
2004-10-12,17,NA,1
2004-10-13,19,NA,1
2004-10-14,8,NA,1
2004-10-15,15,NA,1
2004-10-16,11,NA,1
2004-10-17,10,NA,1
2004-10-18,8,NA,1
2004-10-19,9,NA,1
2004-10-20,11,NA,1
2004-10-21,13.5,3.54,2
2004-10-22,16.5,2.12,2
2004-10-23,15.5,2.12,2
2004-10-24,10,1.41,2
2004-10-25,16.5,2.12,2
2004-10-26,19.5,2.12,2
2004-10-27,22.5,7.78,2
2004-10-28,20,7.07,2
2004-10-29,16.5,4.95,2
2004-10-30,10.5,3.54,2
2004-10-31,11,5.66,2
2004-11-01,14.5,6.36,2
2004-11-02,12.5,6.36,2
2004-11-03,12,2.83,2
2004-11-04,16,5.66,2
2004-11-05,19.5,12.02,2
2004-11-06,14.5,6.36,2
2004-11-07,9.5,4.95,2
2004-11-08,14,4.24,2
2004-11-09,18.5,3.54,2
2004-11-10,21,4.24,2
2004-11-11,15,5.66,2
2004-11-12,15.5,6.36,2
2004-11-13,10,0,2
2004-11-14,12,5.66,2
2004-11-15,16.5,2.12,2
2004-11-16,18,4.24,2
2004-11-17,17.5,0.71,2
2004-11-18,16,1.41,2
2004-11-19,12,2.83,2
2004-11-20,11.5,2.12,2
2004-11-21,11.5,3.54,2
2004-11-22,18.5,4.95,2
2004-11-23,19.5,6.36,2
2004-11-24,21,11.31,2
2004-11-25,11,7.07,2
2004-11-26,15.5,4.95,2
2004-11-27,12.5,0.71,2
2004-11-28,14,4.24,2
2004-11-29,22,7.07,2
2004-11-30,21,4.24,2
2004-12-01,21.5,4.95,2
2004-12-02,19.5,10.61,2
2004-12-03,16,8.49,2
2004-12-04,13.5,6.36,2
2004-12-05,13.5,3.54,2
2004-12-06,16.5,6.36,2
2004-12-07,15,7.07,2
2004-12-08,14.5,6.36,2
2004-12-09,13,7.07,2
2004-12-10,14.5,6.36,2
2004-12-11,14,5.66,2
2004-12-12,12.5,4.95,2
2004-12-13,17,5.66,2
2004-12-14,14.5,4.95,2
2004-12-15,21,11.31,2
2004-12-16,19.5,10.61,2
2004-12-17,20,11.31,2
2004-12-18,17,4.24,2
2004-12-19,14.5,3.54,2
2004-12-20,18.5,4.95,2
2004-12-21,15,5.66,2
2004-12-22,16,5.66,2
2004-12-23,13.5,2.12,2
2004-12-24,17,2.83,2
2004-12-25,16,2.83,2
2004-12-26,17,1.41,2
2004-12-27,17,NA,1
2004-12-28,18,NA,1
2004-12-29,16,NA,1
2004-12-30,17,NA,1
2004-12-31,13,NA,1
2005-01-01,10,NA,1
2005-01-02,13,NA,1
2005-01-14,18,NA,1
2005-01-15,8,NA,1
2005-01-16,22,NA,1
2005-01-17,23,NA,1
2005-01-18,23,NA,1
2005-01-19,16,NA,1
2005-01-20,22,NA,1
2005-01-21,32,NA,1
2005-01-22,25,NA,1
2005-01-23,19,NA,1
2005-01-24,37,NA,1
2005-01-25,31,NA,1
2005-01-26,25,NA,1
2005-01-27,34,NA,1
2005-01-28,22,NA,1
2005-01-29,13,NA,1
2005-01-30,25,NA,1
2005-01-31,33,NA,1
2005-02-01,25,NA,1
2005-02-02,21,7.07,2
2005-02-03,27,5.66,2
2005-02-04,29,0,2
2005-02-05,22.5,3.54,2
2005-02-06,21,7.07,2
2005-02-07,33.5,3.54,2
2005-02-08,28,2.83,2
2005-02-09,31,2.83,2
2005-02-10,24,NA,1
2005-02-11,31,NA,1
2005-02-12,21,NA,1
2005-02-13,26,NA,1
2005-02-14,22.5,4.95,2
2005-02-15,18.5,4.95,2
2005-02-16,24,1.41,2
2005-02-17,28.5,0.71,2
2005-02-18,23.5,3.54,2
2005-02-19,19.5,2.12,2
2005-02-20,16.5,3.54,2
2005-02-21,14.5,4.95,2
2005-02-22,28.5,2.12,2
2005-02-23,29,7.07,2
2005-02-24,26.5,10.61,2
2005-02-25,17.5,6.36,2
2005-02-26,12.5,0.71,2
2005-02-27,12,2.83,2
2005-02-28,17.5,2.12,2
2005-03-01,20.5,0.71,2
2005-03-02,18,0,2
2005-03-03,21,0,2
2005-03-04,24,4.24,2
2005-03-05,19,1.41,2
2005-03-06,17,1.41,2
2005-03-07,22,1.41,2
2005-03-08,24.5,3.54,2
2005-03-09,28,NA,1
2005-03-10,18,NA,1
2005-03-11,15,NA,1
2005-03-12,15,NA,1
2005-03-13,9,NA,1
2005-03-14,18,NA,1
2005-03-15,12,NA,1
2005-03-16,16,NA,1
2005-03-17,20,NA,1
2005-03-18,18,NA,1
2005-03-19,12,NA,1
2005-03-20,14,NA,1
2005-03-21,18,NA,1
2005-03-22,11,NA,1
2005-03-23,12,NA,1
2005-03-24,17,NA,1
2005-03-25,18,NA,1
2005-03-26,17,NA,1
2005-03-27,12,NA,1
2005-03-28,16,NA,1
2005-03-29,16,NA,1
2005-03-30,19,NA,1
2005-03-31,21,NA,1
2005-04-01,17,NA,1
2005-04-02,27,18.38,2
2005-04-03,19,4.24,2
2005-04-04,21,NA,1
2005-04-05,19,1.41,2
2005-04-06,9,1.41,2
2005-04-07,10,0,2
2005-04-08,12,2.83,2
2005-04-09,7,1.41,2
2005-04-10,12,1.41,2
2005-04-11,19,1.41,2
2005-04-12,17.5,3.54,2
2005-04-13,13,1.41,2
2005-04-14,10.5,0.71,2
2005-04-15,12.5,3.54,2
2005-04-16,5.5,0.71,2
2005-04-17,8.5,3.54,2
2005-04-18,19,2.83,2
2005-04-19,18.5,2.12,2
2005-04-20,19.5,2.12,2
2005-04-21,21.5,0.71,2
2005-04-22,20,NA,1
2005-04-23,16,NA,1
2005-04-24,18,NA,1
2005-04-25,16,NA,1
2005-04-26,14,NA,1
2005-05-05,18,NA,1
2005-05-06,20.5,2.12,2
2005-05-07,13,2.83,2
2005-05-08,16,5.66,2
2005-05-09,26,7.07,2
2005-05-10,15.5,3.54,2
2005-05-11,15.5,3.54,2
2005-05-12,18,9.9,2
2005-05-13,19,7.07,2
2005-05-14,11,1.41,2
2005-05-15,13,2.83,2
2005-05-16,12.5,3.54,2
2005-05-17,14.5,0.71,2
2005-05-18,18,4.24,2
2005-05-19,20,0,2
2005-05-20,23,4.24,2
2005-05-21,9,1.41,2
2005-05-22,17,2.83,2
2005-05-23,15.5,2.12,2
2005-05-24,18,0,2
2005-05-25,24,2.83,2
2005-05-26,11.5,2.12,2
2005-05-27,14,2.83,2
2005-05-28,9,0,2
2005-05-29,8,1.41,2
2005-05-30,16,0,2
2005-05-31,12,2.83,2
2005-06-01,8.5,0.71,2
2005-06-02,8,1.41,2
2005-06-03,13.5,4.95,2
2005-06-04,9.5,2.12,2
2005-06-05,10.5,2.12,2
2005-06-06,9.5,0.71,2
2005-06-07,13.5,0.71,2
2005-06-08,20.5,12.02,2
2005-06-09,14.5,2.12,2
2005-06-10,13,2.83,2
2005-06-11,13,0,2
2005-06-12,16.5,3.54,2
2005-06-13,16,NA,1
2005-06-14,11,NA,1
2005-06-15,9,NA,1
2005-06-16,8,NA,1
2005-06-17,7,NA,1
2005-06-18,8,NA,1
2005-06-19,7,NA,1
2005-06-20,7,NA,1
2005-06-21,6,NA,1
2005-06-22,14,NA,1
2005-06-23,10,NA,1
2005-06-25,25,NA,1
2005-06-26,6,NA,1
2005-06-27,17,NA,1
2005-06-28,17,NA,1
2005-06-29,15,NA,1
2005-06-30,10,NA,1
2005-07-01,9,1.41,2
2005-07-02,8.5,0.71,2
2005-07-03,4.5,2.12,2
2005-07-04,9,0,2
2005-07-05,11.5,0.71,2
2005-07-06,12.5,0.71,2
2005-07-07,9,1.41,2
2005-07-08,10,2.83,2
2005-07-09,13.5,2.12,2
2005-07-10,9,0,2
2005-07-11,15.5,3.54,2
2005-07-12,27,NA,1
2005-07-13,12,NA,1
2005-07-14,11,NA,1
2005-07-15,15,NA,1
2005-07-16,7,NA,1
2005-07-17,10,NA,1
2005-07-18,11,4.24,2
2005-07-19,14,2.83,2
2005-07-20,9,1.41,2
2005-07-21,7,0,2
2005-07-22,10.5,0.71,2
2005-07-23,8.5,0.71,2
2005-07-24,6.5,0.71,2
2005-07-25,7,2.83,2
2005-07-26,11.5,0.71,2
2005-07-27,10.5,2.12,2
2005-07-28,13.5,4.95,2
2005-07-29,10,NA,1
2005-07-30,9,NA,1
2005-07-31,13,NA,1
2005-08-01,10,NA,1
2005-08-02,16,NA,1
2005-08-03,11,NA,1
2005-08-04,12,4.24,2
2005-08-05,12.5,3.54,2
2005-08-06,7,0,2
2005-08-07,4.5,0.71,2
2005-08-08,9.5,2.12,2
2005-08-09,11.5,2.12,2
2005-08-10,10,2.83,2
2005-08-11,8.5,0.71,2
2005-08-12,12,1.41,2
2005-08-13,9.5,0.71,2
2005-08-14,6.5,2.12,2
2005-08-15,9.5,0.71,2
2005-08-16,10.5,6.36,2
2005-08-17,17,NA,1
2005-08-18,23,NA,1
2005-08-19,7,NA,1
2005-08-20,10,NA,1
2005-08-21,7,NA,1
2005-08-22,18,NA,1
2005-08-23,12,NA,1
2005-08-24,7,NA,1
2005-08-25,14,NA,1
2005-08-26,13,NA,1
2005-08-27,9,0,2
2005-08-28,8,0,2
2005-08-29,15.5,0.71,2
2005-08-30,11.5,3.54,2
2005-08-31,14.5,2.12,2
2005-09-01,8,1.41,2
2005-09-02,12,2.83,2
2005-09-03,11.5,0.71,2
2005-09-04,10.5,0.71,2
2005-09-05,11,1.41,2
2005-09-06,14,5.66,2
2005-09-07,10.5,0.71,2
2005-09-08,13.5,2.12,2
2005-09-09,11.5,0.71,2
2005-09-10,11,1.41,2
2005-09-11,9,0,2
2005-09-12,9,2.83,2
2005-09-13,7,0,2
2005-09-14,12,NA,1
2005-09-15,21,NA,1
2005-09-16,15,NA,1
2005-09-17,18,NA,1
2005-09-18,11,NA,1
2005-09-19,13,NA,1
2005-09-20,13,NA,1
2005-09-21,19,NA,1
2005-09-22,19,1.41,2
2005-09-23,23.5,0.71,2
2005-09-24,17.5,0.71,2
2005-09-25,12,2.83,2
2005-09-26,15,5.66,2
2005-09-27,19,NA,1
2005-09-28,15,NA,1
2005-09-29,14,NA,1
2005-09-30,10,NA,1
2005-10-01,11,NA,1
2005-10-02,11,NA,1
2005-10-03,20,NA,1
2005-10-04,22,NA,1
2005-10-05,18,NA,1
2005-10-06,14,NA,1
2005-10-07,14,NA,1
2005-10-08,16,NA,1
2005-10-09,13,NA,1
2005-10-10,19,NA,1
2005-10-11,15,NA,1
2005-10-12,14,NA,1
2005-10-13,10,NA,1
2005-10-14,9,NA,1
2005-10-15,9,NA,1
2005-10-16,10,NA,1
2005-10-17,7,NA,1
2005-10-18,7,NA,1
2005-10-19,8,NA,1
2005-10-20,9,NA,1
2005-10-21,10,NA,1
2005-10-22,8,NA,1
2005-10-23,8,NA,1
2005-10-24,20,NA,1
2005-10-25,7,NA,1
2005-10-28,9,NA,1
2005-10-29,10,NA,1
2005-10-30,9,NA,1
2005-10-31,10,NA,1
2005-11-01,8,NA,1
2005-11-02,10,NA,1
2005-11-03,17,NA,1
2005-11-04,9,NA,1
2005-11-05,10,NA,1
2005-11-06,11,NA,1
2005-11-07,10,NA,1
2005-11-08,11,NA,1
2005-11-09,11,NA,1
2005-11-10,13,NA,1
2005-11-11,10,NA,1
2005-11-12,9,NA,1
2005-11-13,8,NA,1
2005-11-14,8,NA,1
2005-11-15,10,NA,1
2005-11-16,12,NA,1
2005-11-17,15,NA,1
2005-11-18,17,NA,1
2005-11-19,16,NA,1
2005-11-20,15,NA,1
2005-11-21,15,NA,1
2005-11-22,29,NA,1
2005-11-23,21,NA,1
2005-11-24,15,NA,1
2005-11-25,14,NA,1
2005-11-26,14,NA,1
2005-11-27,14,NA,1
2005-11-28,19,NA,1
2005-11-29,21,NA,1
2005-11-30,20,NA,1
2005-12-01,19,NA,1
2005-12-02,16,NA,1
2005-12-03,16,NA,1
2005-12-04,15,NA,1
2005-12-05,19,NA,1
2005-12-06,17,NA,1
2005-12-07,14,NA,1
2005-12-08,15,NA,1
2005-12-09,17,NA,1
2005-12-10,18,NA,1
2005-12-11,13,NA,1
2005-12-12,18,NA,1
2005-12-13,17,NA,1
2005-12-14,21,NA,1
2005-12-15,19,NA,1
2005-12-16,16,NA,1
2005-12-17,18,NA,1
2005-12-18,20,NA,1
2005-12-19,16,NA,1
2005-12-20,17,NA,1
2005-12-21,17,NA,1
2005-12-22,15,NA,1
2005-12-23,15,NA,1
2005-12-24,14,NA,1
2005-12-25,13,NA,1
2005-12-26,16,NA,1
2005-12-27,18,NA,1
2005-12-28,16,NA,1
2005-12-29,15,NA,1
2005-12-30,16,NA,1
2005-12-31,14,NA,1
2006-01-01,28,NA,1
2006-01-02,34,NA,1
2006-02-02,22,NA,1
2006-02-03,32,NA,1
2006-02-04,20,NA,1
2006-02-05,16,NA,1
2006-02-06,26,NA,1
2006-02-07,28,NA,1
2006-02-08,20,NA,1
2006-02-09,26,NA,1
2006-02-10,26,NA,1
2006-02-11,18,NA,1
2006-02-12,19,NA,1
2006-02-13,26,NA,1
2006-02-14,18,NA,1
2006-02-15,26,NA,1
2006-02-16,19,NA,1
2006-02-17,26,NA,1
2006-02-18,19,NA,1
2006-02-19,15,NA,1
2006-02-20,21,NA,1
2006-02-21,22,NA,1
2006-02-22,22,NA,1
2006-02-23,18,NA,1
2006-02-24,21,NA,1
2006-02-25,13,NA,1
2006-02-26,16,NA,1
2006-02-27,19,NA,1
2006-02-28,27,NA,1
2006-03-01,18,NA,1
2006-03-02,17,NA,1
2006-03-03,18,NA,1
2006-03-04,27,NA,1
2006-03-05,16,NA,1
2006-03-06,24,NA,1
2006-03-07,19,NA,1
2006-03-08,20,NA,1
2006-03-09,23,NA,1
2006-03-10,15,NA,1
2006-03-11,21,NA,1
2006-03-12,10,NA,1
2006-03-13,28,NA,1
2006-03-14,23,NA,1
2006-03-15,29,NA,1
2006-03-16,19,NA,1
2006-03-17,19,NA,1
2006-03-18,21,NA,1
2006-03-19,14,NA,1
2006-03-20,19,NA,1
2006-03-21,16,NA,1
2006-03-22,15,NA,1
2006-03-23,16,NA,1
2006-03-24,20,NA,1
2006-03-25,10,NA,1
2006-03-26,11,NA,1
2006-03-27,19,NA,1
2006-03-28,19,NA,1
2006-03-29,19,NA,1
2006-03-30,20,NA,1
2006-03-31,19,NA,1
2006-04-01,19,NA,1
2006-04-02,16,NA,1
2006-04-12,21,NA,1
2006-04-13,19,NA,1
2006-04-14,17,NA,1
2006-04-15,16,NA,1
2006-04-16,10,NA,1
2006-04-17,19,NA,1
2006-04-18,32,NA,1
2006-04-19,38,NA,1
2006-04-20,28,NA,1
2006-04-21,19,NA,1
2006-04-22,18,NA,1
2006-04-23,9,NA,1
2006-04-24,19,NA,1
2006-04-25,13,NA,1
2006-04-26,14,NA,1
2006-04-27,14,NA,1
2006-04-28,20,NA,1
2006-04-29,17,NA,1
2006-04-30,12,NA,1
2006-05-01,25,NA,1
2006-05-02,21,NA,1
2006-05-03,16,NA,1
2006-05-04,16,NA,1
2006-05-05,18,NA,1
2006-05-06,15,NA,1
2006-05-07,18,NA,1
2006-05-08,15,NA,1
2006-05-09,11,NA,1
2006-05-10,14,NA,1
2006-05-11,16,NA,1
2006-05-12,18,NA,1
2006-05-13,16,NA,1
2006-05-14,19,NA,1
2006-05-15,13,NA,1
2006-05-16,11,NA,1
2006-05-17,15,NA,1
2006-05-18,8,NA,1
2006-05-19,11,NA,1
2006-05-20,10,NA,1
2006-05-21,12,NA,1
2006-05-22,17,NA,1
2006-05-23,11,NA,1
2006-05-24,20,NA,1
2006-05-25,15,NA,1
2006-05-26,9,NA,1
2006-05-27,12,NA,1
2006-05-28,10,NA,1
2006-05-29,17,NA,1
2006-05-30,13,NA,1
2006-05-31,16,NA,1
2006-06-01,12,NA,1
2006-06-02,18,NA,1
2006-06-03,17,NA,1
2006-06-04,9,NA,1
2006-06-05,11,NA,1
2006-06-06,12,NA,1
2006-06-07,12,NA,1
2006-06-08,12,NA,1
2006-06-09,13,NA,1
2006-06-10,14,NA,1
2006-06-11,11,NA,1
2006-06-12,16,NA,1
2006-06-13,18,NA,1
2006-06-14,17,NA,1
2006-06-15,12,NA,1
2006-06-16,18,NA,1
2006-06-17,15,NA,1
2006-06-18,12,NA,1
2006-06-19,12,NA,1
2006-06-20,14,NA,1
2006-06-21,16,NA,1
2006-06-22,19,NA,1
2006-06-23,15,NA,1
2006-06-24,9,NA,1
2006-06-25,8,NA,1
2006-06-26,12,NA,1
2006-06-27,14,NA,1
2006-06-28,15,NA,1
2006-06-29,14,NA,1
2006-06-30,18,NA,1
2006-07-01,11,NA,1
2006-07-02,12,NA,1
2006-07-03,16,NA,1
2006-07-04,12,NA,1
2006-07-05,12,NA,1
2006-07-06,7,NA,1
2006-07-07,11,NA,1
2006-07-08,14,NA,1
2006-07-09,12,NA,1
2006-07-10,16,NA,1
2006-07-11,14,NA,1
2006-07-12,16,NA,1
2006-07-13,16,NA,1
2006-07-14,13,NA,1
2006-07-15,12,NA,1
2006-07-16,11,NA,1
2006-07-17,13,NA,1
2006-07-18,17,NA,1
2006-07-19,13,NA,1
2006-07-20,13,NA,1
2006-07-21,14,NA,1
2006-07-22,15,NA,1
2006-07-23,11,NA,1
2006-07-24,6,NA,1
2006-07-25,12,NA,1
2006-07-26,13,NA,1
2006-07-27,17.5,2.12,2
2006-07-28,7,1.41,2
2006-07-29,16,4.24,2
2006-07-30,11.5,6.36,2
2006-07-31,15.5,3.54,2
2006-08-01,20,11.31,2
2006-08-02,14.5,2.12,2
2006-08-03,9.5,3.54,2
2006-08-04,9,0,2
2006-08-05,8.5,3.54,2
2006-08-06,9,2.83,2
2006-08-07,9,5.66,2
2006-08-08,5.5,0.71,2
2006-08-09,9,1.41,2
2006-08-10,7,2.83,2
2006-08-11,11,1.41,2
2006-08-12,8.5,0.71,2
2006-08-13,9,4.24,2
2006-08-14,16.5,0.71,2
2006-08-15,9,5.66,2
2006-08-16,14,NA,1
2006-08-26,20,NA,1
2006-08-27,13,NA,1
2006-08-31,10,NA,1
2006-09-01,12,NA,1
2006-09-02,11,NA,1
2006-09-03,10,NA,1
2006-09-04,12,NA,1
2006-09-05,11,NA,1
2006-09-08,9,NA,1
2006-09-09,10,NA,1
2006-09-10,8,NA,1
2006-09-11,11,NA,1
2006-09-12,14,NA,1
2006-09-13,12,NA,1
2006-09-28,17,NA,1
2006-09-29,17,NA,1
2006-09-30,14,NA,1
2006-10-01,12,NA,1
2006-10-02,21,NA,1
2006-10-03,18,NA,1
2006-10-04,25,NA,1
2006-10-05,20,NA,1
2006-10-24,10,NA,1
2006-10-25,16,NA,1
2006-10-26,11,NA,1
2006-10-27,11,NA,1
2006-10-28,12,NA,1
2006-10-29,7,NA,1
2006-10-30,29,NA,1
2006-10-31,12,NA,1
2006-11-01,33,NA,1
2006-11-02,19,1.41,2
2006-11-03,15.5,2.12,2
2006-11-04,19,7.07,2
2006-11-05,14.5,2.12,2
2006-11-06,18,5.66,2
2006-11-07,22.5,2.12,2
2006-11-08,24.5,3.54,2
2006-11-09,20,0,2
2006-11-10,22,7.07,2
2006-11-11,15.5,0.71,2
2006-11-12,12,1.41,2
2006-11-13,14.5,4.95,2
2006-11-14,19.5,9.19,2
2006-11-15,20,1.41,2
2006-11-16,17.5,3.54,2
2006-11-17,15.5,7.78,2
2006-11-18,12.5,6.36,2
2006-11-19,10,4.24,2
2006-11-20,17.5,2.12,2
2006-11-21,26.5,3.54,2
2006-11-22,14.5,3.54,2
2006-11-23,11.5,4.95,2
2006-11-24,20,0,2
2006-11-25,14,9.9,2
2006-11-26,18.5,4.95,2
2006-11-27,16.5,0.71,2
2006-11-28,21.5,7.78,2
2006-11-29,19,4.24,2
2006-11-30,13,4.24,2
2006-12-01,22.5,0.71,2
2006-12-02,13.5,9.19,2
2006-12-03,14.5,10.61,2
2006-12-04,32.5,0.71,2
2006-12-05,26,NA,1
2006-12-06,12,NA,1
2006-12-07,12,NA,1
2006-12-08,15,NA,1
2006-12-09,14,NA,1
2006-12-10,10,NA,1
2006-12-11,10,NA,1
2006-12-12,13,NA,1
2006-12-13,20,0,2
2006-12-14,25.5,3.54,2
2006-12-15,18,11.31,2
2006-12-16,19.5,4.95,2
2006-12-17,12.5,7.78,2
2006-12-18,32,5.66,2
2006-12-19,22.5,3.54,2
2006-12-20,18,5.66,2
2006-12-21,23.5,13.44,2
2006-12-22,16,NA,1
2006-12-23,6,1.41,2
2006-12-24,7.5,2.12,2
2006-12-25,10.5,4.95,2
2006-12-26,22,NA,1
2006-12-27,17,NA,1
2006-12-28,14,NA,1
2006-12-29,8,NA,1
2006-12-30,9,NA,1
2006-12-31,8,NA,1
2007-01-01,5,NA,1
2007-01-02,11,NA,1
2007-01-03,11,NA,1
2007-01-04,8,NA,1
2007-01-05,6,NA,1
2007-01-06,8,NA,1
2007-01-07,8,NA,1
2007-01-08,25,NA,1
2007-01-09,16,NA,1
2007-01-10,20,NA,1
2007-01-11,18,NA,1
2007-01-12,21,NA,1
2007-01-13,9,NA,1
2007-01-14,2,NA,1
2007-01-15,19,NA,1
2007-01-16,15,NA,1
2007-01-17,7,NA,1
2007-01-18,10,NA,1
2007-01-19,16,NA,1
2007-01-20,18,NA,1
2007-01-21,13,NA,1
2007-01-22,20,NA,1
2007-01-23,27,NA,1
2007-01-24,32,NA,1
2007-01-25,19,NA,1
2007-01-26,23,NA,1
2007-01-27,26,NA,1
2007-01-28,12,NA,1
2007-01-29,11,NA,1
2007-01-30,17,NA,1
2007-01-31,14,NA,1
2007-02-01,21,NA,1
2007-02-02,22,NA,1
2007-02-03,10,NA,1
2007-02-04,4,NA,1
2007-02-05,17,NA,1
2007-02-06,11,NA,1
2007-02-07,25,NA,1
2007-02-08,18,NA,1
2007-02-09,11,NA,1
2007-02-10,10,NA,1
2007-02-11,15,NA,1
2007-02-12,27,NA,1
2007-02-21,18,NA,1
2007-02-22,15,NA,1
2007-02-23,20,NA,1
2007-02-24,16,NA,1
2007-02-25,13,NA,1
2007-02-26,12,NA,1
2007-02-27,14,NA,1
2007-02-28,14,NA,1
2007-03-01,17,NA,1
2007-03-02,22,NA,1
2007-03-03,18,4.24,2
2007-03-04,17.5,2.12,2
2007-03-05,20.5,0.71,2
2007-03-06,18,4.24,2
2007-03-07,17,5.66,2
2007-03-08,19.5,2.12,2
2007-03-09,16.5,4.95,2
2007-03-10,17.5,2.12,2
2007-03-11,9,2.83,2
2007-03-12,18,0,2
2007-03-13,24,NA,1
2007-03-14,15,NA,1
2007-03-15,29,NA,1
2007-03-16,24,NA,1
2007-03-17,7,NA,1
2007-03-18,7,NA,1
2007-03-19,16,NA,1
2007-03-20,19,NA,1
2007-03-21,16,NA,1
2007-03-22,15,NA,1
2007-03-23,19,NA,1
2007-03-24,16,NA,1
2007-03-25,16,NA,1
2007-03-26,21,NA,1
2007-03-27,17,NA,1
2007-03-28,21,NA,1
2007-03-29,15,NA,1
2007-03-30,12,NA,1
2007-03-31,17,NA,1
2007-04-01,13,NA,1
2007-04-02,14,NA,1
2007-04-03,21,NA,1
2007-04-04,20,NA,1
2007-04-05,16,NA,1
2007-04-06,9,NA,1
2007-04-07,4,NA,1
2007-04-08,4,NA,1
2007-04-09,10,NA,1
2007-04-10,11,NA,1
2007-04-11,14,NA,1
2007-04-12,13,NA,1
2007-04-13,14,NA,1
2007-04-14,7,NA,1
2007-04-15,14,NA,1
2007-04-16,11,NA,1
2007-04-17,21,NA,1
2007-04-18,18,NA,1
2007-04-19,13,NA,1
2007-04-20,12,NA,1
2007-04-21,13,NA,1
2007-04-22,11,NA,1
2007-04-23,16,NA,1
2007-04-24,23,NA,1
2007-04-25,16,NA,1
2007-04-26,13,NA,1
2007-04-27,10,NA,1
2007-04-28,11,NA,1
2007-04-29,11,NA,1
2007-04-30,16,NA,1
2007-05-01,17,NA,1
2007-05-02,12,NA,1
2007-05-03,14,NA,1
2012-02-25,30,NA,1
2012-02-26,20,NA,1
2012-02-27,46,NA,1
2012-02-28,51,NA,1
2012-02-29,68,NA,1
2012-03-01,60,NA,1
2012-03-02,53,NA,1
2012-03-03,46,NA,1
2012-03-04,40,NA,1
2012-03-05,39,NA,1
2012-03-06,38,NA,1
2012-03-07,39,NA,1
2012-03-08,60,NA,1
2012-03-09,55,NA,1
2012-03-10,30,NA,1
2012-03-11,31,NA,1
2012-03-12,27,NA,1
2012-03-13,44,NA,1
2012-03-14,45,NA,1
2012-03-15,43,NA,1
2012-03-16,39,NA,1
2012-03-17,37,NA,1
2012-03-18,36,NA,1
2012-03-19,31,NA,1
2012-03-20,28,NA,1
2012-03-21,35,NA,1
2012-03-22,47,NA,1
2012-03-23,49,NA,1
2012-03-24,41,NA,1
2012-03-25,32,NA,1
2012-03-26,33,NA,1
2012-03-27,41,NA,1
2012-03-28,38,NA,1
2012-03-29,59,NA,1
2012-03-30,57,NA,1
2012-03-31,42,NA,1
2012-04-01,40,NA,1
2012-04-02,32,NA,1
2012-04-03,45,NA,1
2012-04-04,29,NA,1
2012-04-05,41,NA,1
2012-04-06,24,NA,1
2012-04-07,28,NA,1
2012-04-08,25,NA,1
2012-04-09,43,NA,1
2012-04-19,50,NA,1
2012-04-20,44,NA,1
2012-04-21,31,NA,1
2012-04-22,30,NA,1
2012-04-23,25,NA,1
2012-04-24,25,NA,1
2012-04-25,32,NA,1
2012-04-26,35,NA,1
2012-04-27,25,NA,1
2012-04-28,26,NA,1
2012-04-29,29,NA,1
2012-04-30,50,NA,1
2012-05-01,44,NA,1
2012-05-02,37,NA,1
2012-05-03,38,NA,1
2012-05-04,51,NA,1
2012-05-05,26,NA,1
2012-05-06,31,NA,1
2012-05-07,29,NA,1
2012-05-08,27,NA,1
2012-05-09,28,NA,1
2012-05-10,32,NA,1
2012-05-11,35,NA,1
2012-05-12,34,NA,1
2012-05-13,23,NA,1
2012-05-14,26,NA,1
2012-05-15,31,NA,1
2012-05-16,48,NA,1
2012-05-17,39,NA,1
2012-05-18,43,NA,1
2012-05-19,31,NA,1
2012-05-20,28,NA,1
2012-05-21,35,NA,1
2012-05-22,36,NA,1
2012-05-23,25,NA,1
2012-05-24,36,NA,1
2012-05-25,38,NA,1
2012-05-26,26,NA,1
2012-05-27,21,NA,1
2012-05-28,29,NA,1
2012-05-29,30,NA,1
2012-05-30,28,NA,1
2012-05-31,29,NA,1
2012-06-01,32,NA,1
2012-06-02,20,NA,1
2012-06-03,24,NA,1
2012-06-04,17,NA,1
2012-06-05,20,NA,1
2012-06-06,32,NA,1
2012-06-07,26,NA,1
2012-06-08,24,NA,1
2012-06-09,26,NA,1
2012-06-10,18,NA,1
2012-06-11,29,NA,1
2012-06-12,32,NA,1
2012-06-13,42,NA,1
2012-06-14,25,NA,1
2012-06-15,26,NA,1
2012-06-16,25,NA,1
2012-06-17,19,NA,1
2012-06-18,26,NA,1
2012-06-19,26,NA,1
2012-06-20,30,NA,1
2012-06-21,31,NA,1
2012-06-22,22,NA,1
2012-06-23,25,NA,1
2012-06-24,26,NA,1
2012-06-25,32,NA,1
2012-06-26,36,NA,1
2012-06-28,28,NA,1
2012-06-29,35,NA,1
2012-06-30,33,NA,1
2012-07-01,22,NA,1
2012-07-02,33,NA,1
2012-07-03,32,NA,1
2012-07-04,39,NA,1
2012-07-05,57,NA,1
2012-07-06,40,NA,1
2012-07-07,31,NA,1
2012-07-08,18,NA,1
2012-07-09,40,NA,1
2012-07-10,39,NA,1
2012-07-11,26,NA,1
2012-07-12,41,NA,1
2012-07-13,38,NA,1
2012-07-14,30,NA,1
2012-07-15,17,NA,1
2012-07-16,22,NA,1
2012-07-17,27,NA,1
2012-07-18,32,NA,1
2012-07-19,40,NA,1
2012-07-20,36,NA,1
2012-07-21,34,NA,1
2012-07-22,26,NA,1
2012-07-23,14,NA,1
2012-07-24,46,NA,1
2012-07-25,29,NA,1
2012-07-26,28,NA,1
2012-07-27,23,NA,1
2012-07-28,36,NA,1
2012-07-29,29,NA,1
2012-07-30,30,NA,1
2012-07-31,46,NA,1
2012-08-01,33,NA,1
2012-08-02,31,NA,1
2012-08-03,31,NA,1
2012-08-04,21,NA,1
2012-08-05,13,NA,1
2012-08-06,22,NA,1
2012-08-07,39,NA,1
2012-08-08,35,NA,1
2012-08-09,28,NA,1
2012-08-10,29,NA,1
2012-08-11,27,NA,1
2012-08-12,29,NA,1
2012-08-13,38,NA,1
2012-08-14,33,NA,1
2012-08-15,43,NA,1
2012-08-16,38,NA,1
2012-08-17,32,NA,1
2012-08-18,31,NA,1
2012-08-19,28,NA,1
2012-08-20,32,NA,1
2012-08-21,35,NA,1
2012-08-25,35,NA,1
2012-08-26,28,NA,1
2012-08-27,48,NA,1
2012-08-28,34,NA,1
2012-08-29,26,NA,1
2012-08-30,29,NA,1
2012-08-31,27,NA,1
2012-09-01,21,NA,1
2012-09-02,20,NA,1
2012-09-03,23,NA,1
2012-09-04,33,NA,1
2012-09-05,29,NA,1
2012-09-06,26,NA,1
2012-09-07,29,NA,1
2012-09-08,32,NA,1
2012-09-09,25,NA,1
2012-09-10,23,NA,1
2012-09-11,25,NA,1
2012-09-12,20,NA,1
2012-09-13,30,NA,1
2012-09-14,39,NA,1
2012-09-15,36,NA,1
2012-09-16,23,NA,1
2012-09-17,20,NA,1
2012-09-18,37,NA,1
2012-09-19,29,NA,1
2012-09-20,24,NA,1
2012-09-21,47,NA,1
2012-09-22,30,NA,1
2012-09-23,26,NA,1
2012-09-24,25,NA,1
2012-09-25,27,NA,1
2012-09-26,30,NA,1
2012-09-27,40,NA,1
2012-09-28,52,NA,1
2012-09-29,26,NA,1
2012-09-30,20,NA,1
2012-10-01,27,NA,1
2012-10-02,33,NA,1
2012-10-03,43,NA,1
2012-10-04,36,NA,1
2012-10-05,36,NA,1
2012-10-06,38,NA,1
2012-10-07,30,NA,1
2012-10-08,57,NA,1
2012-10-09,31,NA,1
2012-10-10,34,NA,1
2012-10-11,54,NA,1
2012-10-12,47,NA,1
2012-10-13,35,NA,1
2012-10-14,25,NA,1
2012-10-15,53,NA,1
2012-10-16,76,NA,1
2012-10-17,51,NA,1
2012-10-18,35,NA,1
2012-10-19,38,NA,1
2012-10-20,39,NA,1
2012-10-21,35,NA,1
2012-10-22,39,NA,1
2012-10-23,39,NA,1
2012-10-24,39,NA,1
2012-10-25,37,NA,1
2012-10-26,32,NA,1
2012-10-27,31,NA,1
2012-10-28,31,NA,1
2012-10-29,48,NA,1
2012-10-30,35,NA,1
2012-10-31,31,NA,1
2012-11-01,30,NA,1
2012-11-02,37,NA,1
2012-11-03,36,NA,1
2012-11-04,29,NA,1
2012-11-05,40,NA,1
2012-11-06,37,NA,1
2012-11-07,34,NA,1
2012-11-08,42,NA,1
2012-11-09,45,NA,1
2012-11-10,33,NA,1
2012-11-11,35,NA,1
2012-11-12,39,NA,1
2012-11-13,58,NA,1
2012-11-14,55,NA,1
2012-11-15,47,NA,1
2012-11-16,47,NA,1
2012-11-17,37,NA,1
2012-11-18,35,NA,1
2012-11-19,42,NA,1
2012-11-27,43,NA,1
2012-11-28,41,NA,1
2012-11-29,35,NA,1
2012-11-30,49,NA,1
2012-12-01,41,NA,1
2012-12-02,43,NA,1
2012-12-03,51,NA,1
2012-12-04,37,NA,1
2012-12-05,55,NA,1
2012-12-06,53,NA,1
2012-12-07,68,NA,1
2012-12-08,56,NA,1
2012-12-09,45,NA,1
2012-12-10,71,NA,1
2012-12-11,61,NA,1
2012-12-12,51,NA,1
2012-12-13,56,NA,1
2012-12-14,51,NA,1
2012-12-15,58,NA,1
2012-12-16,38,NA,1
2012-12-17,51,NA,1
2012-12-18,50,NA,1
2012-12-19,55,NA,1
2012-12-20,43,NA,1
2012-12-21,40,NA,1
2012-12-22,40,NA,1
2012-12-23,46,NA,1
2012-12-24,57,NA,1
2012-12-25,42,NA,1
2012-12-26,34,NA,1
2012-12-27,42,NA,1
2012-12-28,43,NA,1
2012-12-29,49,NA,1
2012-12-30,52,NA,1
2014-03-07,0,NA,1
2014-03-08,0,NA,1
2014-03-09,0,NA,1
2014-03-10,0,NA,1
2014-03-11,0,NA,1
2014-03-12,0,NA,1
2014-03-13,0,NA,1
2014-03-14,0,NA,1
2014-03-15,0,NA,1
2014-03-16,0,NA,1
2014-03-17,0,NA,1
2014-03-18,0,NA,1
2014-03-19,0,NA,1
2014-03-20,0,NA,1
2014-03-21,0,NA,1
2014-03-22,0,NA,1
2014-03-23,0,NA,1
2014-04-16,0,NA,1
2014-04-17,0,NA,1
2014-04-18,0,NA,1
2014-04-19,0,NA,1
2014-04-20,0,NA,1
2014-04-21,0,NA,1
2014-04-22,0,NA,1
2014-04-23,0,NA,1
2014-04-24,0,NA,1
2014-04-25,0,NA,1
2014-04-26,0,NA,1
2014-04-27,0,NA,1
2014-04-28,0,NA,1
2014-04-29,0,NA,1
2014-04-30,0,NA,1
2014-05-01,0,NA,1
2014-05-02,0,NA,1
2014-05-03,0,NA,1
2014-05-04,0,NA,1
2014-05-05,0,NA,1
2014-05-06,0,NA,1
2014-05-07,0,NA,1
2014-05-08,0,NA,1
2014-05-09,0,NA,1
2014-05-10,0,NA,1
2014-05-11,0,NA,1
2014-05-12,0,NA,1
2014-05-13,0,NA,1
2015-04-22,19.9,NA,1
2015-04-23,20.8,NA,1
2015-04-24,16,NA,1
2015-04-25,11.9,NA,1
2015-04-26,10.7,NA,1
2015-04-27,10.9,NA,1
2015-04-28,10.4,NA,1
2015-04-29,12.2,NA,1
2015-04-30,12.9,NA,1
2015-05-01,9.5,NA,1
2015-05-02,11.5,NA,1
2015-05-03,8.6,NA,1
2015-05-04,15.4,NA,1
2015-05-05,19.9,NA,1
2015-05-06,17.2,NA,1
2015-05-07,13.4,NA,1
2015-05-08,16.9,NA,1
2015-05-09,14.9,NA,1
2015-05-10,13.7,NA,1
2015-05-11,18.4,NA,1
2015-05-12,27.7,NA,1
2015-05-13,24.5,NA,1
2015-05-14,17.9,NA,1
2015-05-15,23.5,NA,1
2015-05-16,13.6,NA,1
2015-05-17,12.4,NA,1
2015-05-18,12.4,NA,1
2015-05-19,22.4,NA,1
2015-05-20,12.9,NA,1
2015-05-21,11.5,NA,1
2015-05-22,14.9,NA,1
2015-05-23,13.6,NA,1
2015-05-24,9.2,NA,1
2015-05-25,11.1,NA,1
2015-05-26,9.9,NA,1
2015-05-27,10,NA,1
2015-05-28,16.4,NA,1
2015-05-29,19.6,NA,1
2015-05-30,11.2,NA,1
2015-05-31,8.7,NA,1
2015-06-01,14.3,NA,1
2015-06-02,16.7,NA,1
2015-06-03,19.2,NA,1
2015-06-04,23,NA,1
2015-06-05,14,NA,1
2015-06-06,6.3,NA,1
2015-06-07,4.1,NA,1
2015-06-08,16.4,NA,1
2015-06-09,12,NA,1
2015-06-10,16.8,NA,1
2015-06-11,16.5,NA,1
2015-06-12,16.2,NA,1
2015-06-13,33.4,NA,1
2015-06-14,8,NA,1
2015-06-15,42.3,NA,1
2015-06-16,17.6,NA,1
2015-06-17,11.2,NA,1
2015-06-18,12.2,NA,1
2015-06-19,15.1,NA,1
2015-06-20,23.6,NA,1
2015-06-21,14.8,NA,1
2015-06-22,13.9,NA,1
2015-06-23,15,NA,1
2015-06-24,18.9,NA,1
2015-06-25,17.3,NA,1
2015-06-26,16.8,NA,1
2015-06-27,10.5,NA,1
2015-06-28,14.5,NA,1
2015-06-29,17.5,NA,1
2015-06-30,13.9,NA,1
2015-07-01,14.1,NA,1
2015-07-02,17.2,NA,1
2015-07-03,17.7,NA,1
2015-07-04,13,NA,1
2015-07-05,11.3,NA,1
2015-07-06,16.6,NA,1
2015-07-07,17.4,NA,1
2015-07-08,16.9,NA,1
2015-07-09,15.4,NA,1
2015-07-10,25.7,NA,1
2015-07-11,14.3,NA,1
2015-07-12,11.9,NA,1
2015-07-13,16.4,NA,1
2015-07-14,17.7,NA,1
2015-07-15,16,NA,1
2015-07-16,13.5,NA,1
2015-07-17,17.8,NA,1
2015-07-18,11,NA,1
2015-07-19,15.1,NA,1
2015-07-20,15.5,NA,1
2015-07-21,17.4,NA,1
2015-07-22,13.6,NA,1
2015-07-23,14,NA,1
2015-07-24,17,NA,1
2015-07-25,10.7,NA,1
2015-07-26,6.6,NA,1
2015-07-27,10.5,NA,1
2015-07-28,21.3,NA,1
2015-07-29,16.3,NA,1
2015-07-30,21,NA,1
2015-07-31,16.3,NA,1
2015-08-01,30.4,NA,1
2015-08-02,10.8,NA,1
2015-08-03,15.8,NA,1
2015-08-04,16.9,NA,1
2015-08-05,17.1,NA,1
2015-08-06,19,NA,1
2015-08-07,17.1,NA,1
2015-08-08,10.3,NA,1
2015-08-09,10.3,NA,1
2015-08-10,15,NA,1
2015-08-11,16.8,NA,1
2015-08-12,22.1,NA,1
2015-08-13,14.8,NA,1
2015-08-14,18.7,NA,1
2015-08-15,9,NA,1
2015-08-16,10,NA,1
2015-08-17,23.3,NA,1
2015-08-18,19.1,NA,1
2015-08-19,19.1,NA,1
2015-08-20,38.2,NA,1
2015-08-21,19.7,NA,1
2015-08-22,10,NA,1
2015-08-23,8.8,NA,1
2015-08-24,16.7,NA,1
2015-08-25,20.8,NA,1
2015-08-26,19.7,NA,1
2015-08-27,14,NA,1
2015-08-30,6,NA,1
2015-08-31,9.8,NA,1
2015-09-01,11,NA,1
2015-09-02,33.6,NA,1
2015-09-03,12.5,NA,1
2015-09-04,10.5,NA,1
2015-09-05,9.9,NA,1
2015-09-06,7.2,NA,1
2015-09-07,7.5,NA,1
2015-09-08,8.2,NA,1
2015-09-09,12.2,NA,1
2015-09-10,8.6,NA,1
2015-09-11,16.1,NA,1
2015-09-12,10.7,NA,1
2015-09-13,10.6,NA,1
2015-09-14,7.3,NA,1
2015-09-15,17.7,NA,1
2015-09-16,10,NA,1
2015-09-17,7.4,NA,1
2015-09-18,7.7,NA,1
2015-09-19,9.6,NA,1
2015-09-20,8.6,NA,1
2015-09-21,10.4,NA,1
2015-09-22,9.6,NA,1
2015-09-23,11,NA,1
2015-09-24,9.8,NA,1
2015-09-25,10,NA,1
2015-09-26,8.1,NA,1
2015-09-27,7.5,NA,1
2015-09-28,14.2,NA,1
2015-09-29,13.7,NA,1
2015-09-30,22.4,NA,1
2015-10-01,11.5,NA,1
2015-10-02,7.9,NA,1
2015-10-03,10.6,NA,1
2015-10-04,10.4,NA,1
2015-10-05,11.3,NA,1
2015-10-06,9.5,NA,1
2015-10-07,9.3,NA,1
2015-10-08,12.1,NA,1
2015-10-09,12.5,NA,1
2015-10-10,9,NA,1
2015-10-11,12.7,NA,1
2015-10-12,12.6,NA,1
2015-10-13,12.3,NA,1
2015-10-14,12.2,NA,1
2015-10-15,9.4,NA,1
2015-10-16,8,NA,1
2015-10-17,10.3,NA,1
2015-10-18,8.7,NA,1
2015-10-19,16.4,NA,1
2015-10-20,13.1,NA,1
2015-10-21,12.1,NA,1
2015-10-22,13.3,NA,1
2015-10-23,8.8,NA,1
2015-10-24,11.5,NA,1
2015-10-25,15.2,NA,1
2015-10-26,12.5,NA,1
2015-10-27,18.3,NA,1
2015-10-28,12.3,NA,1
2015-10-29,11.2,NA,1
2015-10-30,11.8,NA,1
2015-10-31,8.5,NA,1
2015-11-01,11.3,NA,1
2015-11-02,10.9,NA,1
2015-11-03,11.7,NA,1
2015-11-04,12.3,NA,1
2015-11-05,13.1,NA,1
2015-11-06,11.6,NA,1
2015-11-07,9.9,NA,1
2015-11-08,7.6,NA,1
2015-11-09,11.9,NA,1
2015-11-10,12.6,NA,1
2015-11-11,13,NA,1
2015-11-12,13.7,NA,1
2015-11-13,13.7,NA,1
2015-11-14,13.3,NA,1
2015-11-15,13.9,NA,1
2015-11-16,14,NA,1
2015-11-17,14.6,NA,1
2015-11-18,12.1,NA,1
2015-11-19,9.3,NA,1
2015-11-20,19.6,NA,1
2015-11-21,15.1,NA,1
2015-11-22,14.8,NA,1
2015-11-23,15.1,NA,1
2015-11-24,12.4,NA,1
2015-11-25,14.6,NA,1
2015-11-26,9.9,NA,1
2015-11-27,10,NA,1
2015-11-28,7.4,NA,1
2015-11-29,9,NA,1
2015-11-30,33.2,NA,1
2015-12-01,67.1,NA,1
2015-12-02,45,NA,1
2015-12-03,70.2,NA,1
2015-12-04,74.8,NA,1
2015-12-05,62.4,NA,1
2015-12-06,86,NA,1
2015-12-07,79.3,NA,1
2015-12-08,52.3,NA,1
2015-12-09,51.8,NA,1
2015-12-10,60.2,NA,1
2015-12-11,58.4,NA,1
2015-12-12,40.8,NA,1
2015-12-13,80.6,NA,1
2015-12-14,67.8,NA,1
2015-12-15,100.9,NA,1
2015-12-16,64.4,NA,1
2015-12-17,46.8,NA,1
2015-12-18,15.2,NA,1
2015-12-19,13.3,NA,1
2015-12-20,9.7,NA,1
2015-12-21,15.3,NA,1
2015-12-22,36,NA,1
2015-12-23,26.7,NA,1
2015-12-24,18.2,NA,1
2015-12-25,16.8,NA,1
2015-12-26,17.1,NA,1
2015-12-27,17.8,NA,1
2015-12-28,18.5,NA,1
2015-12-29,21.3,NA,1
2015-12-30,13.6,NA,1
2015-12-31,18.4,NA,1
2016-01-01,18.5,NA,1
2016-01-02,12.4,NA,1
2016-01-03,14.1,NA,1
2016-01-04,11.3,NA,1
2016-01-05,15,NA,1
2016-01-06,10.9,NA,1
2016-01-07,14.5,NA,1
2016-01-08,14.6,NA,1
2016-01-09,15.6,NA,1
2016-01-10,16.4,NA,1
2016-01-11,13.8,NA,1
2016-01-12,16.4,NA,1
2016-01-13,22.3,NA,1
2016-01-14,21.2,NA,1
2016-01-15,24.9,NA,1
2016-01-16,19.1,NA,1
2016-01-17,14.5,NA,1
2016-01-18,16.5,NA,1
2016-01-19,14.7,NA,1
2016-01-20,15,NA,1
2016-01-21,17.1,NA,1
2016-01-22,17.2,NA,1
2016-01-23,11.4,NA,1
2016-01-24,10.4,NA,1
2016-01-25,15,NA,1
2016-01-26,18.8,NA,1
2016-01-27,16,NA,1
2016-01-28,18.2,NA,1
2016-01-29,16.4,NA,1
2016-01-30,16.7,NA,1
2016-01-31,15.6,NA,1
2016-02-01,14.5,NA,1
2016-02-02,17,NA,1
2016-02-03,14,NA,1
2016-02-04,20.5,NA,1
2016-02-05,15.7,NA,1
2016-02-06,13.8,NA,1
2016-02-07,12.2,NA,1
2016-02-08,12.7,NA,1
2016-02-09,15,NA,1
2016-02-10,15.5,NA,1
2016-02-11,20.8,NA,1
2016-02-12,16.6,NA,1
2016-02-13,15.3,NA,1
2016-02-14,15.9,NA,1
2016-02-15,14.3,NA,1
2016-02-16,23.6,NA,1
2016-02-17,16.3,NA,1
2016-02-18,16.6,NA,1
2016-02-19,12.8,NA,1
2016-02-20,19.1,NA,1
2016-02-21,20,NA,1
2016-02-22,16.1,NA,1
2016-02-23,12.3,NA,1
2016-02-24,12.9,NA,1
2016-02-25,19.1,NA,1
2016-02-26,16.2,NA,1
2016-02-27,17.9,NA,1
2016-02-28,12.8,NA,1
2016-02-29,13,NA,1
2016-03-01,15.1,NA,1
2016-03-02,18.7,NA,1
2016-03-03,19.4,NA,1
2016-03-04,21,NA,1
2016-03-05,15.9,NA,1
2016-03-06,12.9,NA,1
2016-03-07,12.4,NA,1
2016-03-08,20,NA,1
2016-03-09,22.2,NA,1
2016-03-10,31.3,NA,1
2016-03-11,32.5,NA,1
2016-03-12,26.2,NA,1
2016-03-13,18.4,NA,1
2016-03-14,16.8,NA,1
2016-03-15,19.1,NA,1
2016-03-16,13.9,NA,1
2016-03-17,12.6,NA,1
2016-03-18,16.5,NA,1
2016-03-19,13.1,NA,1
2016-03-20,10.1,NA,1
2016-03-21,16.8,NA,1
2016-03-22,16.3,NA,1
2016-03-23,15.6,NA,1
2016-03-24,20.2,NA,1
2016-03-25,12.8,NA,1
2016-03-26,14.1,NA,1
2016-03-27,13,NA,1
2016-03-28,22.1,NA,1
2016-03-29,17.8,NA,1
2016-03-30,18,NA,1
2016-03-31,89.3,NA,1
2016-04-01,14.3,NA,1
2016-04-02,15,NA,1
2016-04-03,17.4,NA,1
2016-04-04,18.8,NA,1
2016-04-05,17.5,NA,1
2016-04-06,20.1,NA,1
2016-04-07,16.8,NA,1
2016-04-08,15.1,NA,1
2016-04-09,17.5,NA,1
2016-04-10,16.1,NA,1
2016-04-11,12.8,NA,1
2016-04-12,14.4,NA,1
2016-04-13,13.7,NA,1
2016-04-14,13.6,NA,1
2016-04-15,16,NA,1
2016-04-16,12.9,NA,1
2016-04-17,12.8,NA,1
2016-04-18,14.8,NA,1
2016-04-19,16.8,NA,1
2016-04-20,20.3,NA,1
2016-04-21,23.7,NA,1
2016-04-22,24,NA,1
2016-04-23,11.2,NA,1
2016-04-24,10.6,NA,1
2016-04-25,11,NA,1
2016-04-26,12,NA,1
2016-04-27,11.8,NA,1
2016-04-28,10,NA,1
2016-04-29,12.3,NA,1
2016-04-30,10.3,NA,1
2016-05-01,10,NA,1
2016-05-02,12.9,NA,1
2016-05-03,16.2,NA,1
2016-05-04,9.7,NA,1
2016-05-05,10.2,NA,1
2016-05-06,8.7,NA,1
2016-05-07,8.1,NA,1
2016-05-08,12.4,NA,1
2016-05-09,12,NA,1
2016-05-10,19.4,NA,1
2016-05-11,19.5,NA,1
2016-05-12,16.9,NA,1
2016-05-13,14.4,NA,1
2016-05-14,11.4,NA,1
2016-05-15,13.6,NA,1
2016-05-16,16.6,NA,1
2016-05-17,11.5,NA,1
2016-05-18,18.5,NA,1
2016-05-19,14.7,NA,1
2016-05-20,13.7,NA,1
2016-05-21,14.2,NA,1
2016-05-22,8.7,NA,1
2016-05-23,8.8,NA,1
2016-05-24,7.3,NA,1
2016-05-25,15.8,NA,1
2016-05-26,15.6,NA,1
2016-05-27,10.4,NA,1
2016-05-28,10.5,NA,1
2016-05-29,10.5,NA,1
2016-05-30,11.6,NA,1
2016-05-31,10,NA,1
2016-06-01,9.3,NA,1
2016-06-02,8.1,NA,1
2016-06-03,7.2,NA,1
2016-06-04,8.9,NA,1
2016-06-05,7.9,NA,1
2016-06-06,11.1,NA,1
2016-06-07,13,NA,1
2016-06-08,10.9,NA,1
2016-06-09,8.8,NA,1
2016-06-10,11.5,NA,1
2016-06-11,10.2,NA,1
2016-06-12,8.8,NA,1
2016-06-13,7.7,NA,1
2016-06-14,10,NA,1
2016-06-15,9.8,NA,1
2016-06-16,10.6,NA,1
2016-06-17,10.3,NA,1
2016-06-18,12.4,NA,1
2016-06-19,10.3,NA,1
2016-06-20,8.1,NA,1
2016-06-21,9.7,NA,1
2016-06-22,14.5,NA,1
2016-06-23,16.4,NA,1
2016-06-24,15.5,NA,1
2016-06-25,11.2,NA,1
2016-06-26,10.5,NA,1
2016-06-27,14.9,NA,1
2016-06-28,10.1,NA,1
2016-06-29,8,NA,1
2016-06-30,16.2,NA,1
2016-07-01,10.1,NA,1
2016-07-02,5.9,NA,1
2016-07-03,11.5,NA,1
2016-07-04,14.4,NA,1
2016-07-05,11.5,NA,1
2016-07-06,194.8,NA,1
2016-07-07,13.6,NA,1
2016-07-08,14.7,NA,1
2016-07-09,9.4,NA,1
2016-07-10,10.5,NA,1
2016-07-11,9.8,NA,1
2016-07-12,11.4,NA,1
2016-07-13,9.1,NA,1
2016-07-14,11.1,NA,1
2016-07-15,11.9,NA,1
2016-07-16,10.3,NA,1
2016-07-17,9.4,NA,1
2016-07-18,11,NA,1
2016-07-19,14.9,NA,1
2016-07-20,14.3,NA,1
2016-07-21,13.2,NA,1
2016-07-22,10.4,NA,1
2016-07-23,13.3,NA,1
2016-07-24,12.8,NA,1
2016-07-25,14.4,NA,1
2016-07-26,11.1,NA,1
2016-07-27,12.8,NA,1
2016-07-28,7.9,NA,1
2016-07-29,14.4,NA,1
2016-07-30,14.8,NA,1
2016-07-31,8.2,NA,1
2016-08-01,13.2,NA,1
2016-08-02,11.8,NA,1
2016-08-03,14.1,NA,1
2016-08-04,10.5,NA,1
2016-08-05,7.8,NA,1
2016-08-06,10.7,NA,1
2016-08-07,9.7,NA,1
2016-08-08,12.2,NA,1
2016-08-09,9.8,NA,1
2016-08-10,9.5,NA,1
2016-08-11,10.7,NA,1
2016-08-12,10.3,NA,1
2016-08-13,8.6,NA,1
2016-08-14,8.2,NA,1
2016-08-15,13.6,NA,1
2016-08-16,12.1,NA,1
2016-08-17,11.3,NA,1
2016-08-18,11.5,NA,1
2016-08-19,12.3,NA,1
2016-08-20,6.9,NA,1
2016-08-21,7.2,NA,1
2016-08-22,71,NA,1
2016-08-23,7.6,NA,1
2016-08-24,10.3,NA,1
2016-08-25,7.2,NA,1
2016-08-26,7.2,NA,1
2016-08-27,11.4,NA,1
2016-08-28,9.2,NA,1
2016-08-29,7.2,NA,1
2016-08-30,12.1,NA,1
2016-09-02,12.8,NA,1
2016-09-03,9.4,NA,1
2016-09-04,10.1,NA,1
2016-09-05,12,NA,1
2016-09-06,12.5,NA,1
2016-09-07,12,NA,1
2016-09-08,15.3,NA,1
2016-09-09,18.3,NA,1
2016-09-10,8.5,NA,1
2016-09-11,8.2,NA,1
2016-09-12,10.2,NA,1
2016-09-13,11.1,NA,1
2016-09-14,10.8,NA,1
2016-09-15,11.5,NA,1
2016-09-16,9.6,NA,1
2016-09-17,11.2,NA,1
2016-09-18,10.4,NA,1
2016-09-19,12.5,NA,1
2016-09-20,8.6,NA,1
2016-09-23,11.9,NA,1
2016-09-24,10.8,NA,1
2016-09-25,8.1,NA,1
2016-09-26,9,NA,1
2016-09-27,10.6,NA,1
2016-09-28,8.6,NA,1
2016-09-29,12.8,NA,1
2016-09-30,11.8,NA,1
2016-10-01,13.3,NA,1
2016-10-02,10.6,NA,1
2016-10-03,8.3,NA,1
2016-10-04,9.5,NA,1
2016-10-05,10.1,NA,1
2016-10-06,10.7,NA,1
2016-10-07,11.7,NA,1
2016-10-08,12.4,NA,1
2016-10-09,8.7,NA,1
2016-10-10,13.6,NA,1
2016-10-11,11.7,NA,1
2016-10-12,11.3,NA,1
2016-10-13,12.2,NA,1
2016-10-14,9.7,NA,1
2016-10-15,9,NA,1
2016-10-16,9.4,NA,1
2016-10-17,9.7,NA,1
2016-10-18,9.9,NA,1
2016-10-19,10.5,NA,1
2016-10-20,10.5,NA,1
2016-10-21,8.8,NA,1
2016-10-22,10.4,NA,1
2016-10-23,10.6,NA,1
2016-10-24,9,NA,1
2016-10-25,11.5,NA,1
2016-10-26,8.5,NA,1
2016-10-27,11.4,NA,1
2016-10-28,12.4,NA,1
2016-10-29,14,NA,1
2016-10-30,18.2,NA,1
2016-10-31,9.5,NA,1
2016-11-01,12.1,NA,1
2016-11-02,12.9,NA,1
2016-11-03,9.7,NA,1
2016-11-04,13.3,NA,1
2016-11-05,12.8,NA,1
2016-11-06,7.2,NA,1
2016-11-07,10,NA,1
2016-11-08,8.8,NA,1
2016-11-09,9.9,NA,1
2016-11-10,8.6,NA,1
2016-11-11,9.4,NA,1
2016-11-12,9.8,NA,1
2016-11-13,7.7,NA,1
2016-11-14,12.2,NA,1
2016-11-15,13.1,NA,1
2016-11-16,13.9,NA,1
2016-11-17,11,NA,1
2016-11-18,7.4,NA,1
2016-11-19,9.5,NA,1
2016-11-20,9.3,NA,1
2016-11-21,8.6,NA,1
2016-11-22,9.1,NA,1
2016-11-23,14.8,NA,1
2016-11-24,12.8,NA,1
2016-11-25,13.4,NA,1
2016-11-26,10.3,NA,1
2016-11-27,15.6,NA,1
2016-11-28,12.2,NA,1
2016-11-29,15.9,NA,1
2016-11-30,12.1,NA,1
2016-12-01,10.7,NA,1
2016-12-02,12.2,NA,1
2016-12-03,9.3,NA,1
2016-12-04,13,NA,1
2016-12-05,12.4,NA,1
2016-12-06,12,NA,1
2016-12-07,14.4,NA,1
2016-12-08,13.6,NA,1
2016-12-09,11.5,NA,1
2016-12-10,16.1,NA,1
2016-12-11,13,NA,1
2016-12-12,13.6,NA,1
2016-12-13,12.2,NA,1
2016-12-14,15.6,NA,1
2016-12-15,13.2,NA,1
2016-12-16,14.6,NA,1
2016-12-17,15.8,NA,1
2016-12-18,15.3,NA,1
2016-12-19,17.8,NA,1
2016-12-20,18.75,2.62,2
2016-12-21,29.45,18.31,2
2016-12-22,87.15,101.05,2
2016-12-23,35.2,28,2
2016-12-24,20.7,9.19,2
2016-12-25,12.4,6.51,2
2016-12-26,23.85,8.7,2
2016-12-27,18.3,NA,1
2016-12-28,26.4,10.32,2
2016-12-29,17.7,2.4,2
2016-12-30,16,0.99,2
2016-12-31,12.05,2.19,2
2017-01-01,13.7,2.26,2
2017-01-02,23.65,11.67,2
2017-01-03,31,20.22,2
2017-01-04,26.3,21.35,2
2017-01-05,35.55,31.18,2
2017-01-06,16.15,0.35,2
2017-01-07,24.3,9.9,2
2017-01-08,19.95,8.56,2
2017-01-09,28.35,20.86,2
2017-01-10,37.65,33.16,2
2017-01-11,31.25,15.49,2
2017-01-12,27.9,14.28,2
2017-01-13,33.4,24.18,2
2017-01-14,22,7.07,2
2017-01-15,13.2,4.1,2
2017-01-16,32.15,17.18,2
2017-01-17,21,3.11,2
2017-01-18,25.85,12.8,2
2017-01-19,52.3,NA,1
2017-01-20,44.5,NA,1
2017-01-21,14.5,NA,1
2017-01-22,9.2,NA,1
2017-01-23,41.6,NA,1
2017-01-24,64.5,NA,1
2017-01-25,59.3,NA,1
2017-01-26,36.7,NA,1
2017-01-27,33.5,NA,1
2017-01-28,60.4,NA,1
2017-01-29,15.5,NA,1
2017-01-30,66.1,NA,1
2017-01-31,47.1,NA,1
2017-02-01,67.5,NA,1
2017-02-02,88.1,NA,1
2017-02-03,51.1,NA,1
2017-02-04,33.4,NA,1
2017-02-05,13.7,NA,1
2017-02-06,41.5,NA,1
2017-02-07,22.4,6.08,2
2017-02-08,25.9,18.95,2
2017-02-09,29.65,23.41,2
2017-02-10,30.2,19.8,2
2017-02-11,19.75,6.58,2
2017-02-12,12.7,0.71,2
2017-02-13,39.3,36.35,2
2017-02-14,25.25,14.64,2
2017-02-15,22.85,11.67,2
2017-02-16,34.75,30.05,2
2017-02-17,31.6,19.37,2
2017-02-18,23.9,15.84,2
2017-02-19,15.75,5.87,2
2017-02-20,23.55,18.03,2
2017-02-21,15.45,2.05,2
2017-02-22,28.45,16.62,2
2017-02-23,32.9,20.22,2
2017-02-24,27.75,19.45,2
2017-02-25,23.3,8.63,2
2017-02-26,14,1.13,2
2017-02-27,32.35,23.97,2
2017-02-28,23.7,10.18,2
2017-03-01,43.05,36.98,2
2017-03-02,39.85,32.6,2
2017-03-03,30.3,16.26,2
2017-03-04,20.2,6.93,2
2017-03-05,13.65,1.91,2
2017-03-06,11.2,8.77,2
2017-03-07,16.35,14.21,2
2017-03-08,37.85,13.79,2
2017-03-09,34.75,15.34,2
2017-03-10,24.8,4.67,2
2017-03-11,36.1,22.49,2
2017-03-12,14.4,5.94,2
2017-03-13,37,18.38,2
2017-03-14,38.95,21.71,2
2017-03-15,40.55,23.41,2
2017-03-16,25.95,15.34,2
2017-03-17,28,9.05,2
2017-03-18,20.65,4.6,2
2017-03-19,10.75,5.16,2
2017-03-20,26.2,14.57,2
2017-03-21,25.75,12.8,2
2017-03-22,30.55,28.07,2
2017-03-23,27.5,21.07,2
2017-03-24,22.2,10.75,2
2017-03-25,12.25,3.89,2
2017-03-26,12.45,2.05,2
2017-03-27,30.95,20.01,2
2017-03-28,13.8,NA,1
2017-03-29,13.4,NA,1
2017-03-30,16.9,NA,1
2017-03-31,22.2,NA,1
2017-04-01,15.1,NA,1
2017-04-02,13.6,NA,1
2017-04-03,13.7,NA,1
2017-04-04,17.5,NA,1
2017-04-05,23.3,NA,1
2017-04-06,20.2,NA,1
2017-04-07,21.5,NA,1
2017-04-08,17.9,NA,1
2017-04-09,14.5,NA,1
2017-04-10,13.3,NA,1
2017-04-11,12.7,NA,1
2017-04-12,16.1,NA,1
2017-04-13,11.9,NA,1
2017-04-14,12.8,NA,1
2017-04-15,10.8,NA,1
2017-04-16,13.6,NA,1
2017-04-17,22.9,NA,1
2017-04-18,24.3,NA,1
2017-04-19,20.7,NA,1
2017-04-20,20.6,NA,1
2017-04-21,21.2,NA,1
2017-04-22,19.1,NA,1
2017-04-23,13.1,NA,1
2017-04-24,22.6,NA,1
2017-04-25,10.6,NA,1
2017-04-26,15.1,NA,1
2017-04-27,19.8,NA,1
2017-04-28,16.2,NA,1
2017-04-29,16,NA,1
2017-04-30,14.4,NA,1
2017-05-01,13.8,NA,1
2017-05-02,18.9,NA,1
2017-05-03,19.4,NA,1
2017-05-04,13.3,NA,1
2017-05-05,14.9,NA,1
2017-05-06,14.7,NA,1
2017-05-07,15.1,NA,1
2017-05-08,15.3,NA,1
2017-05-09,10.6,NA,1
2017-05-10,13,NA,1
2017-05-11,10.7,NA,1
2017-05-12,14,NA,1
2017-05-13,13.7,NA,1
2017-05-14,9.5,NA,1
2017-05-15,8.6,NA,1
2017-05-16,7.9,NA,1
2017-05-17,12.9,NA,1
2017-05-18,12.4,NA,1
2017-05-19,11.8,NA,1
2017-05-20,9,NA,1
2017-05-21,8.8,NA,1
2017-05-22,13.8,NA,1
2017-05-23,12.7,NA,1
2017-05-24,7.9,NA,1
2017-05-25,11.6,NA,1
2017-05-26,10.1,NA,1
2017-05-27,12.4,NA,1
2017-05-28,11.2,NA,1
2017-05-29,10.9,NA,1
2017-05-30,11.9,NA,1
2017-05-31,8.6,NA,1
2017-06-01,14.5,NA,1
2017-06-02,14.7,NA,1
2017-06-03,11.6,NA,1
2017-06-04,9.3,NA,1
2017-06-05,9.3,NA,1
2017-06-06,13.1,NA,1
2017-06-07,12.7,NA,1
2017-06-08,12,NA,1
2017-06-09,10.9,NA,1
2017-06-10,11.95,3.46,2
2017-06-11,9.45,6.15,2
2017-06-12,20.75,5.87,2
2017-06-13,22.15,14.35,2
2017-06-14,24.6,16.69,2
2017-06-15,24.1,16.4,2
2017-06-16,24.3,16.83,2
2017-06-17,14.1,7.07,2
2017-06-18,8.75,3.18,2
2017-06-19,18.6,10.04,2
2017-06-20,30.3,26.73,2
2017-06-21,22.6,11.17,2
2017-06-22,22,13.58,2
2017-06-23,8.9,NA,1
2017-06-24,11.8,NA,1
2017-06-25,11.4,NA,1
2017-06-27,41.6,NA,1
2017-06-28,45.8,NA,1
2017-06-29,44.2,NA,1
2017-07-12,45.1,NA,1
2017-07-13,40.4,NA,1
2017-07-14,76.1,NA,1
2017-07-15,26.4,NA,1
2017-07-16,11.6,NA,1
2017-07-17,19.8,NA,1
2017-07-18,38.4,NA,1
2017-07-19,28.3,NA,1
2017-07-20,28.9,NA,1
2017-07-21,25.1,NA,1
2017-07-22,18.5,NA,1
2017-07-23,13,NA,1
2017-07-24,12.9,NA,1
2017-07-25,23.5,NA,1
2017-07-26,50.7,NA,1
2017-07-27,35.1,NA,1
2017-07-28,45.5,NA,1
2017-07-29,24.7,NA,1
2017-07-30,6.8,NA,1
2017-07-31,19,NA,1
2017-08-01,38.2,NA,1
2017-08-02,43.1,NA,1
2017-08-03,29.4,NA,1
2017-08-04,28.5,NA,1
2017-08-05,13.6,NA,1
2017-08-06,17.9,NA,1
2017-08-07,38.2,NA,1
2017-08-08,18.7,NA,1
2017-08-09,33.6,NA,1
2017-08-10,32.2,NA,1
2017-08-11,43.8,NA,1
2017-08-12,26.9,NA,1
2017-08-13,16.3,NA,1
2017-08-14,42.2,NA,1
2017-08-15,49.6,NA,1
2017-08-16,32.5,NA,1
2017-08-17,22.6,NA,1
2017-08-18,51.6,NA,1
2017-08-19,16.9,NA,1
2017-08-20,16.2,NA,1
2017-08-21,58.5,NA,1
2017-08-22,49.2,NA,1
2017-08-23,39.5,NA,1
2017-08-24,45.5,NA,1
2017-08-25,36.4,NA,1
2017-08-26,26.7,NA,1
2017-08-27,14.1,NA,1
2017-08-28,45.1,NA,1
2017-08-29,39.8,NA,1
2017-08-30,35.4,NA,1
2017-08-31,36.7,NA,1
2017-09-01,103.6,NA,1
2017-09-02,21.3,NA,1
2017-09-03,14.9,NA,1
2017-09-04,28,NA,1
2018-08-01,77.4,NA,1
2018-08-02,38.3,NA,1
2018-08-03,17.5,NA,1
2018-08-04,9.3,NA,1
2018-08-05,7.4,NA,1
2018-08-06,16.7,NA,1
2018-08-07,15.9,NA,1
2018-08-08,10.3,NA,1
2018-08-09,12.1,NA,1
2018-08-10,13.9,NA,1
2018-08-11,8.1,NA,1
2018-08-12,9.4,NA,1
2018-08-13,12.3,NA,1
2018-08-14,13.4,NA,1
2018-08-15,6.4,NA,1
2018-08-16,15.7,NA,1
2018-08-17,8.9,NA,1
2018-08-18,6.1,NA,1
2018-08-19,5.7,NA,1
2018-08-20,10.2,NA,1
2018-08-21,14.7,NA,1
2018-08-22,20.5,NA,1
2018-08-23,11.9,NA,1
2018-08-24,18.4,NA,1
2018-08-25,12.3,NA,1
2018-08-26,8.3,NA,1
2018-08-27,15.4,NA,1
2018-08-28,13.7,NA,1
2018-08-29,11.3,NA,1
2018-08-30,13.5,NA,1
2018-08-31,17.2,NA,1
2018-09-01,13.5,NA,1
2018-09-02,10.2,NA,1
2018-09-03,12.5,NA,1
2018-09-04,13.6,NA,1
2018-09-05,17.1,NA,1
2018-09-06,15.2,NA,1
2018-09-07,10.8,NA,1
2018-09-08,12,NA,1
2018-09-09,5.8,NA,1
2018-09-10,13.6,NA,1
2018-09-11,11.4,NA,1
2018-09-12,14.4,NA,1
2018-09-13,13,NA,1
2018-09-14,13.6,NA,1
2018-09-15,11.1,NA,1
2018-09-16,10.8,NA,1
2018-09-17,10.2,NA,1
2018-09-18,16.8,NA,1
2018-09-19,17.1,NA,1
2018-09-20,8.4,NA,1
2018-09-21,18,NA,1
2018-09-22,7.8,NA,1
2018-09-23,9.1,NA,1
2018-09-24,13.9,NA,1
2018-09-25,18.5,NA,1
2018-09-26,14.2,NA,1
2018-09-28,13.5,NA,1
2018-09-29,8.7,NA,1
2018-09-30,5.8,NA,1
2018-10-01,6.8,NA,1
2018-10-02,7.5,NA,1
2018-10-03,23.6,NA,1
2018-10-04,18.2,NA,1
2018-10-05,15.8,NA,1
2018-10-06,12.6,NA,1
2018-10-07,8.7,NA,1
2018-10-08,8,NA,1
2018-10-09,13.4,NA,1
2018-10-10,20.9,NA,1
2018-10-11,12.2,NA,1
2018-10-12,11.7,NA,1
2018-10-13,6.4,NA,1
2018-10-14,5,NA,1
2018-10-15,8,NA,1
2018-10-16,10.7,NA,1
2018-10-17,9.2,NA,1
2018-10-18,12.9,NA,1
2018-10-19,11.6,NA,1
2018-10-20,9.4,NA,1
2018-10-21,8.5,NA,1
2018-10-22,8.1,NA,1
2018-10-23,7.7,NA,1
2018-10-24,9,NA,1
2018-10-25,8.9,NA,1
2018-10-26,8.4,NA,1
2018-10-27,8.8,NA,1
2018-10-28,7.5,NA,1
2018-10-29,9.2,NA,1
2018-10-30,13.3,NA,1
2018-10-31,10.9,NA,1
2018-11-01,8.7,NA,1
2018-11-02,9.1,NA,1
2018-11-03,11.9,NA,1
2018-11-04,8.4,NA,1
2018-11-05,11.8,NA,1
2018-11-06,9.9,NA,1
2018-11-07,9.3,NA,1
2018-11-08,9.8,NA,1
2018-11-09,10.1,NA,1
2018-11-10,7.8,NA,1
2018-11-11,8.4,NA,1
2018-11-12,11.9,NA,1
2018-11-13,11.4,NA,1
2018-11-14,9.7,NA,1
2018-11-15,7.6,NA,1
2018-11-16,8.6,NA,1
2018-11-17,11.8,NA,1
2018-11-18,10.3,NA,1
2018-11-19,13.6,NA,1
2018-11-20,12.8,NA,1
2018-11-21,16.2,NA,1
2018-11-22,6.6,NA,1
2018-11-23,6.9,NA,1
2018-11-24,8,NA,1
2018-11-25,10,NA,1
2018-11-26,9.5,NA,1
2018-11-27,8.1,NA,1
2018-11-28,9.1,NA,1
2018-11-29,12,NA,1
2018-11-30,10.7,NA,1
2018-12-01,11.5,NA,1
2018-12-02,11.1,NA,1
2018-12-03,13.2,NA,1
2018-12-04,12.3,NA,1
2018-12-05,10.9,NA,1
2018-12-06,15.6,NA,1
2018-12-07,16.1,NA,1
2018-12-08,8.7,NA,1
2018-12-09,12.3,NA,1
2018-12-10,9.4,NA,1
2018-12-11,10.1,NA,1
2018-12-12,14.7,NA,1
2018-12-13,16,NA,1
2018-12-14,16.3,NA,1
2018-12-15,10.2,NA,1
2018-12-16,10.9,NA,1
2018-12-17,10.4,NA,1
2018-12-18,13.3,NA,1
2018-12-19,10.9,NA,1
2018-12-20,13.8,NA,1
2018-12-21,16.4,NA,1
2018-12-22,9.5,NA,1
2018-12-23,10.6,NA,1
2018-12-24,12.8,NA,1
2018-12-25,10.3,NA,1
2018-12-26,16.8,NA,1
2018-12-27,16,NA,1
2018-12-28,16.1,NA,1
2018-12-29,16.1,NA,1
2018-12-30,14,NA,1
2018-12-31,16,NA,1
2019-01-01,15.7,NA,1
2019-01-02,30.9,NA,1
2019-01-03,27.5,NA,1
2019-01-04,35.9,NA,1
2019-01-05,23.1,NA,1
2019-01-06,16.6,NA,1
2019-01-07,34.4,NA,1
2019-01-08,36,NA,1
2019-01-09,120.6,NA,1
2019-01-10,112.5,NA,1
2019-01-11,40.2,NA,1
2019-01-12,31.1,NA,1
2019-01-13,18.4,NA,1
2019-01-14,53.6,NA,1
2019-01-15,65.8,NA,1
2019-01-16,45.7,NA,1
2019-01-17,38.4,NA,1
2019-01-18,56.6,NA,1
2019-01-19,59.4,NA,1
2019-01-20,17.5,NA,1
2019-01-21,32.4,NA,1
2019-01-22,45.2,NA,1
2019-01-23,38.5,NA,1
2019-01-24,35,NA,1
2019-01-25,32.3,NA,1
2019-01-26,57.2,NA,1
2019-01-27,16.3,NA,1
2019-01-28,23.6,NA,1
2019-01-29,18.9,NA,1
2019-01-30,27.4,NA,1
2019-01-31,39.2,NA,1
2019-02-05,93.3,NA,1
2019-02-06,45.5,NA,1
2019-02-07,65.8,NA,1
2019-02-08,46.7,NA,1
2019-02-09,36.9,NA,1
2019-02-10,22.2,NA,1
2019-02-11,48.3,NA,1
2019-02-12,34.2,NA,1
2019-02-13,26,NA,1
2019-02-14,92.1,NA,1
2019-02-15,34.2,NA,1
2019-02-16,30.9,NA,1
2019-02-17,19.1,NA,1
2019-02-18,29.6,NA,1
2019-02-19,30.1,NA,1
2019-02-20,31.4,NA,1
2019-02-21,30.9,NA,1
2019-02-22,32.7,NA,1
2019-02-23,21.9,NA,1
2019-02-24,19.6,NA,1
2019-02-25,51.5,NA,1
2019-02-26,37.7,NA,1
2019-02-27,34.6,NA,1
2019-02-28,67.5,NA,1
2019-03-01,44.3,NA,1
2019-03-02,24.9,NA,1
2019-03-03,21.2,NA,1
2019-03-04,51.3,NA,1
2019-03-05,66.7,NA,1
2019-03-06,67.5,NA,1
2019-03-07,69.4,NA,1
2019-03-08,83.1,NA,1
2019-03-09,23.8,NA,1
2019-03-10,19.3,NA,1
2019-03-11,36.3,NA,1
2019-03-12,54.2,NA,1
2019-03-13,36.3,NA,1
2019-03-14,49.8,NA,1
2019-03-15,54,NA,1
2019-03-16,23.8,NA,1
2019-03-17,21.3,NA,1
2019-03-18,23.9,NA,1
2019-03-27,10.1,NA,1
2019-03-28,10.3,NA,1
2019-03-29,9.9,NA,1
2019-03-30,16.6,NA,1
2019-03-31,14.9,NA,1
2019-04-01,15.3,NA,1
2019-04-02,19.9,NA,1
2019-04-03,20.2,NA,1
2019-04-04,20,NA,1
2019-04-05,21.2,NA,1
2019-04-06,18.7,NA,1
2019-04-07,17.4,NA,1
2019-04-08,24,NA,1
2019-04-09,21.5,NA,1
2019-04-10,13,NA,1
2019-04-11,14.4,NA,1
2019-04-12,21.2,NA,1
2019-04-13,19.3,NA,1
2019-04-14,17.9,NA,1
2019-04-15,21.6,NA,1
2019-04-16,22.9,NA,1
2019-04-17,21.1,NA,1
2019-04-18,19.5,NA,1
2019-04-19,15.2,NA,1
2019-04-20,19.5,NA,1
2019-04-21,16.3,NA,1
2019-04-22,22.5,NA,1
2019-04-23,21,NA,1
2019-04-24,20.7,NA,1
2019-04-25,20.7,NA,1
2019-04-26,20.8,NA,1
2019-04-27,19.2,NA,1
2019-04-28,14.6,NA,1
2019-04-29,20.7,NA,1
2019-04-30,22.6,NA,1
2019-05-01,19.5,NA,1
2019-05-02,18.5,NA,1
2019-05-03,20.4,NA,1
2019-05-04,18.8,NA,1
2019-05-05,15.3,NA,1
2019-05-06,17.1,NA,1
2019-05-07,18.3,NA,1
2019-05-08,19.7,NA,1
2019-05-09,17.8,NA,1
2019-05-10,19.4,NA,1
2019-05-11,15.1,NA,1
2019-05-12,11.8,NA,1
2019-05-13,12.5,NA,1
2019-05-14,12.6,NA,1
2019-05-15,16.8,NA,1
2019-05-16,16,NA,1
2019-05-17,16.7,NA,1
2019-05-18,17.2,NA,1
2019-05-19,15.4,NA,1
2019-05-20,17.8,NA,1
2019-05-21,14.3,NA,1
2019-05-22,17.4,NA,1
2019-05-23,17.2,NA,1
2019-05-24,12.25,2.19,2
2019-05-25,11.65,5.16,2
2019-05-26,10.65,5.02,2
2019-05-27,11.9,4.38,2
2019-05-28,9.8,2.55,2
2019-05-29,11.75,5.87,2
2019-05-30,12.5,NA,1
2019-05-31,9.2,NA,1
2019-06-01,9,NA,1
2019-06-02,8.8,NA,1
2019-06-03,6.4,NA,1
2019-06-04,9,NA,1
2019-06-05,8.1,NA,1
2019-06-06,6.8,NA,1
2019-06-07,7.8,NA,1
2019-06-08,7.3,NA,1
2019-06-09,6.8,NA,1
2019-06-10,8.9,NA,1
2019-06-11,9.1,NA,1
2019-06-12,9.4,NA,1
2019-06-13,7.5,NA,1
2019-06-14,7.4,NA,1
2019-06-15,6.6,NA,1
2019-06-16,5,NA,1
2019-06-17,7.3,NA,1
2019-06-18,8.2,NA,1
2019-06-19,9.4,NA,1
2019-06-20,10.4,4.67,2
2019-06-21,10.2,5.09,2
2019-06-22,10.1,4.1,2
2019-06-23,11.7,4.95,2
2019-06-24,11.65,4.6,2
2019-06-25,13,6.22,2
2019-06-26,14.55,10.68,2
2019-06-27,13.35,7.42,2
2019-06-28,16.8,5.09,2
2019-06-29,11,7.5,2
2019-06-30,12.65,4.88,2
2019-07-01,12.4,7.78,2
2019-07-02,12.45,6.01,2
2019-07-03,11.95,7.28,2
2019-07-04,13.2,10.32,2
2019-07-05,13.8,7.64,2
2019-07-06,14.15,4.6,2
2019-07-07,13.45,5.59,2
2019-07-08,14.85,9.26,2
2019-07-09,14.1,4.24,2
2019-07-10,13.4,7.21,2
2019-07-11,13.3,6.08,2
2019-07-12,14.7,5.37,2
2019-07-13,11.8,8.63,2
2019-07-14,12.35,5.73,2
2019-07-15,13.2,5.52,2
2019-07-16,14.2,6.65,2
2019-07-17,16.1,9.76,2
2019-07-18,15,8.77,2
2019-07-19,13.05,3.75,2
2019-07-20,13.85,6.43,2
2019-07-21,13.25,4.74,2
2019-07-22,14.05,7.28,2
2019-07-23,13.95,5.44,2
2019-07-24,13.7,6.93,2
2019-07-25,12.15,7.14,2
2019-07-26,13.5,5.52,2
2019-07-27,10.4,5.66,2
2019-07-28,12.3,4.67,2
2019-07-29,13.95,7.71,2
2019-07-30,15.55,1.91,2
2019-07-31,13.85,1.48,2
2019-08-01,13.3,6.65,2
2019-08-02,11.1,6.22,2
2019-08-03,10.85,7.57,2
2019-08-04,11.15,8.27,2
2019-08-05,13,7.07,2
2019-08-06,15.05,6.72,2
2019-08-07,14.25,5.16,2
2019-08-08,13.05,6.58,2
2019-08-09,11.85,4.6,2
2019-08-10,12.4,4.95,2
2019-08-11,11.15,6.58,2
2019-08-12,73.2,81.74,2
2019-08-13,50.3,43.84,2
2019-08-14,13.35,7.99,2
2019-08-15,12,6.65,2
2019-08-16,11.65,4.6,2
2019-08-17,12.65,6.29,2
2019-08-18,12.95,8.13,2
2019-08-19,12.1,6.36,2
2019-08-20,14.8,2.69,2
2019-08-21,15.75,4.03,2
2019-08-22,11.95,3.61,2
2019-08-23,13.05,6.15,2
2019-08-24,10.7,7.21,2
2019-08-25,12.4,5.94,2
2019-08-26,12,7.78,2
2019-08-27,72.3,80.61,2
2019-08-28,11,7.92,2
2019-08-29,80.5,92.91,2
2019-08-30,12.5,3.25,2
2019-08-31,13.1,7.92,2
2019-09-01,12.5,7.5,2
2019-09-02,11.25,5.73,2
2019-09-03,14.95,6.86,2
2019-09-04,15,7.35,2
2019-09-05,16.55,6.58,2
2019-09-06,15.9,4.24,2
2019-09-07,12.1,5.52,2
2019-09-08,12.95,6.58,2
2019-09-09,11.95,7.57,2
2019-09-10,12.9,8.2,2
2019-09-11,14,8.34,2
2019-09-12,12.9,8.2,2
2019-09-13,11.95,4.74,2
2019-09-14,13.15,7.71,2
2019-09-15,11.1,7.78,2
2019-09-16,13.4,6.08,2
2019-09-17,13.75,3.89,2
2019-09-18,12.7,2.55,2
2019-09-19,14.85,4.31,2
2019-09-20,18.55,4.03,2
2019-09-21,14.4,2.12,2
2019-09-22,12.65,4.45,2
2019-09-23,20.6,NA,1
2019-09-24,13.75,1.77,2
2019-09-25,13.3,NA,1
2019-09-26,15.7,1.7,2
2019-09-27,17.25,4.6,2
2019-09-28,15.1,3.82,2
2019-09-29,13.85,4.03,2
2019-09-30,13.4,1.41,2
2019-10-01,15.1,4.67,2
2019-10-02,14.2,7.64,2
2019-10-03,14.25,6.15,2
2019-10-04,12.9,6.08,2
2019-10-05,12.95,4.03,2
2019-10-06,12.45,5.44,2
2019-10-07,15,6.65,2
2019-10-08,15.05,7.57,2
2019-10-09,93.1,110.87,2
2019-10-10,15.15,4.31,2
2019-10-11,16.7,0.99,2
2019-10-12,14.6,3.68,2
2019-10-13,14.8,5.37,2
2019-10-14,15,4.67,2
2019-10-15,16,3.25,2
2019-10-16,13.4,3.54,2
2019-10-17,12.2,5.23,2
2019-10-18,13.95,4.03,2
2019-10-19,12.85,6.15,2
2019-10-20,15.9,2.69,2
2019-10-21,84.1,91.08,2
2019-10-22,54.9,53.46,2
2019-10-23,15.35,7,2
2019-10-24,13.6,3.68,2
2019-10-25,16.35,5.73,2
2019-10-26,15.95,5.73,2
2019-10-27,15.3,7.78,2
2019-10-28,18.3,6.65,2
2019-10-29,21.05,5.73,2
2019-10-30,17.05,4.6,2
2019-10-31,15.9,4.95,2
2019-11-01,16.65,5.87,2
2019-11-02,16.6,5.23,2
2019-11-03,14.75,4.03,2
2019-11-04,14.4,5.8,2
2019-11-05,16.35,5.16,2
2019-11-06,16.7,9.48,2
2019-11-07,18.7,7.64,2
2019-11-08,15.1,6.22,2
2019-11-09,14.05,5.59,2
2019-11-10,13.15,3.32,2
2019-11-11,14.05,6.72,2
2019-11-12,16.4,7.21,2
2019-11-13,17.35,6.29,2
2019-11-14,14.15,6.58,2
2019-11-15,16.5,3.25,2
2019-11-16,15.25,3.32,2
2019-11-17,13.95,3.18,2
2019-11-18,16.5,5.94,2
2019-11-19,14.2,6.51,2
2019-11-20,13.8,2.69,2
2019-11-21,66.85,70.64,2
2019-11-22,21.55,4.31,2
2019-11-23,20.3,2.97,2
2019-11-24,19.65,5.44,2
2019-11-25,18.5,6.79,2
2019-11-26,13.7,7.35,2
2019-11-27,13.3,5.09,2
2019-11-28,11.5,8.2,2
2019-11-29,12.85,4.74,2
2019-11-30,15.7,4.81,2
2019-12-01,14.25,7.57,2
2019-12-02,12.65,5.02,2
2019-12-03,13.65,4.74,2
2019-12-04,13.1,3.25,2
2019-12-05,11.8,5.23,2
2019-12-06,17.1,6.93,2
2019-12-07,14.15,7,2
2019-12-08,14.9,5.09,2
2019-12-09,17.05,8.41,2
2019-12-10,19.85,8.27,2
2019-12-11,19,7.35,2
2019-12-12,20.35,8.13,2
2019-12-13,21.6,5.52,2
2019-12-14,14.15,6.86,2
2019-12-15,14.65,4.88,2
2019-12-16,17.95,7.85,2
2019-12-17,17.85,3.75,2
2019-12-18,16.85,4.74,2
2019-12-19,12.8,NA,1
2019-12-20,15.2,NA,1
2019-12-21,13.8,NA,1
2019-12-22,10.7,NA,1
2019-12-23,14.5,NA,1
2019-12-24,18.15,7,2
2019-12-25,15.25,10.25,2
2019-12-26,18.45,6.86,2
2019-12-27,45.6,45.4,2
2019-12-28,17.85,9.97,2
2019-12-29,16.55,9.26,2
2019-12-30,21.05,10.82,2
2019-12-31,17.9,10.61,2
2020-01-01,14.7,9.9,2
2020-01-02,19.25,8.41,2
2020-01-03,19,9.05,2
2020-01-04,19.05,8.84,2
2020-01-05,15.65,8.98,2
2020-01-06,14.95,10.68,2
2020-01-10,19.6,10.04,2
2020-01-11,18,9.9,2
2020-01-12,16.15,9.4,2
2020-01-13,21.05,11.24,2
2020-01-14,23.95,7.71,2
2020-01-15,20.65,8.56,2
2020-01-16,20.05,10.39,2
2020-01-17,19.5,9.48,2
2020-01-18,16.8,11.74,2
2020-01-19,16.7,11.17,2
2020-01-20,16.9,10.75,2
2020-01-21,16.2,6.36,2
2020-01-22,17.65,1.48,2
2020-01-23,17.7,3.39,2
2020-01-24,19.2,5.94,2
2020-01-25,10,NA,1
2020-01-26,9.5,NA,1
2020-01-27,12.8,NA,1
2020-01-28,13.1,NA,1
2020-01-29,13.2,NA,1
2020-01-30,10.1,NA,1
2020-01-31,9.7,NA,1
2020-02-01,8.8,NA,1
2020-02-02,10.6,NA,1
2020-02-03,10.4,NA,1
2020-02-13,12.3,NA,1
2020-02-14,11.5,NA,1
2020-02-15,8.6,NA,1
2020-02-16,8.2,NA,1
2020-02-17,8.9,NA,1
2020-02-18,13.3,NA,1
2020-02-19,12,NA,1
2020-02-20,12.4,NA,1
2020-02-21,10.4,NA,1
2020-02-22,13.3,NA,1
2020-02-23,11.7,NA,1
2020-02-24,14.7,NA,1
2020-02-25,15.2,NA,1
2020-02-26,12.9,NA,1
2020-02-27,13.5,NA,1
2020-02-28,11.8,NA,1
2020-02-29,10.2,NA,1
2020-03-01,8.8,NA,1
2020-03-02,8.7,NA,1
2020-03-03,10.9,NA,1
2020-03-04,9.3,NA,1
2020-03-05,10.6,NA,1
2020-03-06,9.2,NA,1
2020-03-07,9.7,NA,1
2020-03-08,6.4,NA,1
2020-03-15,5,NA,1
2020-03-16,16,NA,1
2020-03-17,19.5,NA,1
2020-03-18,11.3,NA,1
2020-03-19,6.4,NA,1
2020-03-20,6.9,NA,1
2020-03-21,5.4,NA,1
2020-03-22,3.2,NA,1
2020-03-23,8.6,NA,1
2020-03-24,5,NA,1
2020-03-25,4.4,NA,1
2020-03-26,5.1,NA,1
2020-03-27,8.5,NA,1
2020-03-28,5.5,NA,1
2020-03-29,6.4,NA,1
2020-03-30,7.3,NA,1
2020-03-31,9.2,NA,1
2020-04-01,4.6,NA,1
2020-04-02,5,NA,1
2020-04-03,4.3,NA,1
2020-04-04,3.6,NA,1
2020-04-05,2.9,NA,1
2020-04-06,4.5,NA,1
2020-04-07,4.4,NA,1
2020-04-08,5.6,NA,1
2020-04-09,4.7,NA,1
2020-04-10,3.2,NA,1
2020-04-11,1.9,NA,1
2020-04-12,2,NA,1
2020-04-13,3.3,NA,1
2020-04-14,3.9,NA,1
2020-04-15,3.3,NA,1
2020-04-16,4.2,NA,1
2020-04-17,4.2,NA,1
2020-04-18,3,NA,1
2020-04-19,2.8,NA,1
2020-04-20,4.1,NA,1
2020-04-21,5.8,NA,1
2020-04-22,5.9,NA,1
2020-04-23,5.6,NA,1
2020-04-24,4.8,NA,1
2020-04-25,4,NA,1
2020-04-26,3.5,NA,1
2020-04-27,4.9,NA,1
2020-04-28,5.8,NA,1
2020-04-29,5.3,NA,1
2020-04-30,6.1,NA,1
2020-05-01,11.9,NA,1
2020-05-02,6.3,NA,1
2020-05-03,3.8,NA,1
2020-05-04,3.7,NA,1
2020-05-05,5.2,NA,1
2020-05-06,4.1,NA,1
2020-05-07,4.9,NA,1
2020-05-08,4.6,NA,1
2020-05-09,3.7,NA,1
2020-05-10,4.2,NA,1
2020-05-11,4.7,NA,1
2020-05-12,5.2,NA,1
2020-05-13,5.6,NA,1
2020-05-14,6,NA,1
2020-05-15,5.9,NA,1
2020-05-16,4,NA,1
2020-05-17,2.5,NA,1
2020-05-28,8.9,NA,1
2020-05-29,8.4,NA,1
2020-05-30,6.2,NA,1
2020-05-31,3.8,NA,1
2020-06-01,5.2,NA,1
2020-06-02,5.2,NA,1
2020-06-03,5,NA,1
2020-06-04,6.7,NA,1
2020-06-05,4.7,NA,1
2020-06-06,3.5,NA,1
2020-06-07,3,NA,1
2020-06-08,7.9,NA,1
2020-06-09,7.9,NA,1
2020-06-10,6.6,NA,1
2020-06-11,5.2,NA,1
2020-06-12,6.1,NA,1
2020-06-13,4.9,NA,1
2020-06-14,4,NA,1
2020-06-15,4.8,NA,1
2020-06-16,4.6,NA,1
2020-06-17,5,NA,1
2020-06-18,5.8,NA,1
2020-06-19,4.7,NA,1
2020-06-20,4.2,NA,1
2020-06-21,3.9,NA,1
2020-06-22,4.5,NA,1
2020-06-23,4.6,NA,1
2020-06-24,5.5,NA,1
2020-06-25,5.8,NA,1
2020-06-26,5.6,NA,1
2020-06-27,4.7,NA,1
2020-06-28,4.5,NA,1
2020-06-29,6.3,NA,1
2020-06-30,6.3,NA,1
2020-07-01,4.7,NA,1
2020-07-02,1,NA,1
2020-07-03,1.2,NA,1
2020-07-04,0.8,NA,1
2020-07-05,0.7,NA,1
2020-07-06,1,NA,1
2020-07-07,1.3,NA,1
2020-07-08,0.8,NA,1
2020-11-13,11,NA,1
2020-11-14,9.4,NA,1
2020-11-15,9.8,NA,1
2020-11-16,11.3,NA,1
2020-11-17,13.1,NA,1
2020-11-18,10.1,NA,1
2020-11-19,11.3,NA,1
2020-11-20,12.2,NA,1
2020-11-21,10.2,NA,1
2020-11-22,8.3,NA,1
2020-11-23,14.8,NA,1
2020-11-24,9.1,NA,1
2020-11-25,14.5,NA,1
2020-11-26,6.1,NA,1
2020-11-27,11.4,NA,1
2020-11-28,9.8,NA,1
2020-11-29,10,NA,1
2020-11-30,13,NA,1
2020-12-01,11.3,NA,1
2020-12-02,13.6,NA,1
2020-12-03,16.5,NA,1
2020-12-04,13.7,NA,1
2020-12-05,10.8,NA,1
2020-12-06,9.9,NA,1
2020-12-07,11.9,NA,1
2020-12-08,11.3,NA,1
2020-12-09,11.4,NA,1
2020-12-10,12.7,NA,1
2020-12-11,11,NA,1
2020-12-12,8.4,NA,1
2020-12-13,6.9,NA,1
2020-12-14,9.7,NA,1
2020-12-15,13.2,NA,1
2020-12-16,12.6,NA,1
2020-12-17,11.3,NA,1
2020-12-18,13.8,NA,1
2020-12-19,7.1,NA,1
2020-12-20,7.4,NA,1
2020-12-21,13.1,NA,1
2020-12-22,11.3,NA,1
2020-12-23,11.5,NA,1
2020-12-24,9.9,NA,1
2020-12-25,7.7,NA,1
2020-12-26,9.3,NA,1
2020-12-27,8.6,NA,1
2020-12-28,11.5,NA,1
2020-12-29,9.6,NA,1
2020-12-30,15.3,NA,1
2020-12-31,15.2,NA,1
2021-01-01,9.6,NA,1
2021-01-02,9.5,NA,1
2021-01-03,11,NA,1
2021-01-05,12.4,NA,1
2021-01-06,8.9,NA,1
2021-01-07,11.4,NA,1
2021-01-08,15.7,NA,1
2021-01-09,10.1,NA,1
2021-01-10,9.4,NA,1
2021-01-11,11,NA,1
2021-01-12,9.7,NA,1
2021-01-13,8.3,NA,1
2021-09-24,11.2,NA,1
2021-09-25,13.9,NA,1
2021-09-26,7.7,NA,1
2021-09-27,10.1,NA,1
2021-09-28,9.4,NA,1
2021-09-29,12.4,NA,1
2021-09-30,10.8,NA,1
NA,NA,NA,4777
