"","date","powerdry","powerhumid","powerwind","stdpowerwind","powerall"
"1","2015-05-07",258,4628,2.75,1.26,4888.75
"2","2015-05-08",148,4675,1,0.82,4824
"3","2015-05-09",108,4622,1.67,0.58,4731.67
"4","2015-05-11",73,4919,3.5,1,4995.5
"5","2015-05-16",108,4607,1.25,0.5,4716.25
"6","2015-05-18",217,3710,2,1,3929
"7","2015-06-02",514,4742,2.5,0.53,5258.5
"8","2015-06-03",700,5593,2.75,0.5,6295.75
"9","2015-06-04",539,3906,1.67,0.52,4446.67
"10","2015-06-05",666,4992,4.17,1.72,5662.17
"11","2015-06-08",867,4341,2.33,1.41,5210.33
"12","2015-06-09",519,3888,1.5,1.29,4408.5
"13","2015-06-10",394,2547,4.4,0.89,2945.4
"14","2015-06-11",429,3291,4.17,1.33,3724.17
"15","2015-06-12",310,3382,3.5,0.58,3695.5
"16","2015-06-13",212,2120,4,1,2336
"17","2015-06-14",807,3645,3.86,1.77,4455.86
"18","2015-06-15",712,4964,3.62,1.69,5679.62
"19","2015-06-17",437,4437,1.8,1.64,4875.8
"20","2015-06-18",193,3918,2.25,0.96,4113.25
"21","2015-06-19",151,4350,2.5,0.71,4503.5
"22","2015-06-20",194,3885,1.67,0.58,4080.67
"23","2015-06-21",177,3802,2.5,1,3981.5
"24","2015-06-22",274,3706,1.5,0.58,3981.5
"25","2015-06-23",201,4664,1.67,1.15,4866.67
"26","2015-06-24",472,4795,3.4,0.89,5270.4
"27","2015-06-25",627,4894,2.6,0.89,5523.6
"28","2015-06-26",659,4210,3,1.58,4872
"29","2015-06-27",554,4637,3.2,0.84,5194.2
"30","2015-06-28",155,4455,1,0,4611
"31","2015-06-29",48,3912,4,0,3964
"32","2015-06-30",122,4271,2,1,4395
"33","2015-07-01",222,4059,0.75,0.96,4281.75
"34","2015-07-02",192,4138,1.17,0.41,4331.17
"35","2015-07-03",170,4159,1.44,0.73,4330.44
"36","2015-07-04",38,4725,1.5,0.71,4764.5
"37","2015-07-05",82,4350,2,0,4434
"38","2015-07-06",137,3860,2,0,3999
"39","2015-07-07",299,3397,1.5,0.55,3697.5
"40","2015-07-08",380,2166,2.5,0.58,2548.5
"41","2015-07-09",120,3902,2.33,1.53,4024.33
"42","2015-07-10",168,3209,1.33,1.37,3378.33
"43","2015-07-11",109,3469,1.33,0.58,3579.33
"44","2015-07-12",236,4078,1.2,1.1,4315.2
"45","2015-07-13",76,3225,1.5,0.71,3302.5
"46","2015-07-14",84,3015,1.75,0.96,3100.75
"47","2015-07-15",278,2502,1.5,0.58,2781.5
"48","2015-07-16",137,3010,1.33,1.53,3148.33
"49","2015-07-17",224,3559,1.71,0.76,3784.71
"50","2015-07-18",478,3593,4,0,4075
"51","2015-07-19",564,4494,2,1.41,5060
"52","2015-07-20",704,5497,2.2,1.3,6203.2
"53","2015-07-21",181,5083,1.25,0.5,5265.25
"54","2015-07-22",127,3444,1.5,0.58,3572.5
"55","2015-07-23",86,3522,3,0,3611
"56","2015-07-24",109,3762,2.5,0.58,3873.5
"57","2015-07-25",142,4200,2,1.41,4344
"58","2015-07-26",122,4537,1.2,0.45,4660.2
"59","2015-07-27",114,4066,1.67,0.58,4181.67
"60","2015-07-28",134,3994,1.8,0.45,4129.8
"61","2015-07-29",173,4699,2.12,1.13,4874.12
"62","2015-07-30",244,4538,2,0.82,4784
"63","2015-07-31",526,4193,1,0,4720
"64","2015-08-02",537,1623,1.5,0.55,2161.5
"65","2015-08-03",202,1508,0.67,0.58,1710.67
"66","2015-08-04",275,2396,0.67,0.58,2671.67
"67","2015-08-05",393,3240,0.8,0.84,3633.8
"68","2015-08-06",304,2914,2,0,3220
"69","2015-08-07",321,2663,1,0.89,2985
"70","2015-08-08",145,1646,1.8,0.45,1792.8
"71","2015-08-09",407,733,3.17,1.17,1143.17
"72","2015-08-10",293,617,3.5,0.55,913.5
"73","2015-08-11",346,1529,2.75,0.46,1877.75
"74","2015-08-12",79,3857,3,0,3939
"75","2015-08-13",557,755,5,1.41,1317
"76","2015-08-14",398,1586,2,0.82,1986
"77","2015-08-15",170,2332,0.67,0.58,2502.67
"78","2015-08-16",217,2868,1,0,3086
"79","2015-08-17",283,3235,1.5,0.58,3519.5
"80","2015-08-18",242,2080,1.86,0.38,2323.86
"81","2015-08-19",298,1009,1.6,0.89,1308.6
"82","2015-08-20",229,1725,2,1.41,1956
"83","2015-08-21",193,2138,2.5,0.58,2333.5
"84","2015-08-22",155,2356,3,0,2514
"85","2015-08-23",170,2200,1.33,0.58,2371.33
"86","2015-08-24",267,2147,0.5,0.58,2414.5
"87","2015-08-25",215,2869,1.33,0.52,3085.33
"88","2015-08-26",270,3141,1.5,0.84,3412.5
"89","2015-08-27",384,4222,1.75,0.5,4607.75
"90","2015-08-28",581,5484,1.4,0.55,6066.4
"91","2015-08-29",456,4161,0.8,0.45,4617.8
"92","2015-08-30",375,4188,1,0,4564
"93","2015-08-31",379,2008,0.8,0.45,2387.8
"94","2015-09-01",382,2638,2.4,0.89,3022.4
"95","2015-09-02",147,1896,1.75,1.26,2044.75
"96","2015-09-03",297,1613,1.75,0.5,1911.75
"97","2015-09-04",580,5439,1.67,0.52,6020.67
"98","2015-09-05",576,4447,1,0.71,5024
"99","2015-09-06",314,2956,2,0.89,3272
"100","2015-09-07",374,1401,1,0,1776
"101","2015-09-08",189,1156,1,0,1346
"102","2015-09-09",301,1013,0.88,0.35,1314.88
"103","2015-09-10",380,1785,2.5,0.53,2167.5
"104","2015-09-11",537,3028,2.17,0.75,3567.17
"105","2015-09-12",521,2909,1,0.93,3431
"106","2015-09-13",591,3284,2,1.15,3877
"107","2015-09-14",305,3209,1.25,0.5,3515.25
"108","2015-09-15",257,2323,2.5,0.58,2582.5
"109","2015-09-16",249,2255,3,1.1,2507
"110","2015-09-17",615,3591,3.17,0.98,4209.17
"111","2015-09-18",605,4132,1.5,0.84,4738.5
"112","2015-09-19",368,1989,1.6,0.55,2358.6
"113","2015-09-20",186,1804,4.25,0.5,1994.25
"114","2015-09-21",171,556,3,0,730
"115","2015-09-22",232,608,2,1.87,842
"116","2015-09-23",428,442,1.83,0.98,871.83
"117","2015-09-24",206,496,1.4,1.14,703.4
"118","2015-09-25",370,732,2.29,1.25,1104.29
"119","2015-09-26",447,579,1.83,1.33,1027.83
"120","2015-09-27",435,1093,3.67,1.21,1531.67
"121","2015-09-28",567,2314,3.17,1.17,2884.17
"122","2015-09-29",447,1423,4,1,1874
"123","2015-09-30",310,585,1.6,1.14,896.6
"124","2015-10-01",244,422,3,1.41,669
"125","2015-10-03",240,2058,1,0,2299
"126","2015-10-04",221,2969,1.5,0.58,3191.5
"127","2015-10-05",255,2341,3.67,0.58,2599.67
"128","2015-10-06",186,3607,1,1.15,3794
"129","2015-10-07",198,2751,1.75,0.5,2950.75
"130","2015-10-08",222,2994,2.2,0.45,3218.2
"131","2015-10-09",196,2045,3,0,2244
"132","2015-10-10",478,1817,1.25,0.5,2296.25
"133","2015-10-11",588,1818,1.5,0.55,2407.5
"134","2015-10-12",564,1353,2.2,0.45,1919.2
"135","2015-10-13",408,2093,2.8,0.45,2503.8
"136","2015-10-14",439,2592,3,1.41,3034
"137","2015-10-15",520,2615,3,1.73,3138
"138","2015-10-16",306,822,4.86,0.9,1132.86
"139","2015-10-17",651,1262,4.22,1.09,1917.22
"140","2015-10-18",403,1091,4.4,0.7,1498.4
"141","2015-10-19",314,349,3.6,0.55,666.6
"142","2015-10-20",1099,2359,2.29,0.95,3460.29
"143","2015-10-21",926,2538,3.17,1.75,3467.17
"144","2015-10-22",762,1371,4.25,1.96,2137.25
"145","2015-10-23",553,269,3.67,1.15,825.67
"146","2015-10-24",605,994,1.29,1.25,1600.29
"147","2015-10-25",546,2131,1.1,1.29,2678.1
"148","2015-10-26",574,3796,0.83,0.75,4370.83
"149","2015-10-27",305,2533,2.67,1.03,2840.67
"150","2015-10-28",472,1561,1,0,2034
"151","2015-10-29",532,3106,2.6,0.97,3640.6
"152","2015-10-30",283,1851,4,1.15,2138
"153","2015-10-31",238,1570,3.5,0.58,1811.5
"154","2015-11-01",474,2050,4.25,0.96,2528.25
"155","2015-11-02",390,2095,3.33,1.03,2488.33
"156","2015-11-03",184,1809,2.67,0.58,1995.67
"157","2015-11-04",57,2073,1.2,0.45,2131.2
"158","2015-11-05",187,2206,0.86,0.69,2393.86
"159","2015-11-06",318,4212,1.4,0.89,4531.4
"160","2015-11-07",435,5102,0.5,0.58,5537.5
"161","2015-11-08",46,2425,1,0,2472
"162","2015-11-09",258,2488,2.33,1.15,2748.33
"163","2015-11-10",718,3778,2.83,0.75,4498.83
"164","2015-11-11",273,2109,2.67,0.52,2384.67
"165","2015-11-12",745,3434,1.29,0.49,4180.29
"166","2015-11-13",508,3276,2.5,0.55,3786.5
"167","2015-11-14",247,2250,1,0,2498
"168","2015-11-15",154,477,0.6,0.55,631.6
"169","2015-11-16",141,1745,2,1,1888
"170","2015-11-17",437,2858,3,0,3298
"171","2015-11-20",355,5580,5,0.82,5940
"172","2015-11-25",1125,4826,1.43,0.79,5952.43
"173","2015-11-26",1233,6093,1.8,1.3,7327.8
"174","2015-11-27",823,5309,1.2,0.84,6133.2
"175","2015-11-28",769,6099,1,0.89,6869
"176","2015-11-29",568,762,2.2,0.45,1332.2
"177","2015-11-30",392,695,0.6,0.55,1087.6
"178","2015-12-01",265,1451,0.71,0.76,1716.71
"179","2015-12-02",303,2673,1.6,0.89,2977.6
"180","2015-12-03",372,2842,1.57,0.79,3215.57
"181","2015-12-04",693,3774,1.5,1,4468.5
"182","2015-12-05",935,4319,3.33,0.52,5257.33
"183","2015-12-06",598,5009,3.4,0.55,5610.4
"184","2015-12-07",740,5896,3,0,6639
"185","2015-12-08",433,3939,1.6,0.55,4373.6
"186","2015-12-09",526,3819,0.75,0.71,4345.75
"187","2016-02-05",254,3600,1.5,0.71,3855.5
"188","2016-02-06",375,4059,1,0,4435
"189","2016-02-07",534,3906,2,0.63,4442
"190","2016-02-08",513,3858,2,0,4373
"191","2016-02-09",672,4599,3.29,0.76,5274.29
"192","2016-02-10",463,3646,3.8,0.45,4112.8
"193","2016-02-11",181,2639,3,1,2823
"194","2016-02-12",531,5299,2.4,0.55,5832.4
"195","2016-02-13",405,5036,3,0,5444
"196","2016-02-14",549,4350,3,0,4902
"197","2016-02-16",753,5497,3.75,1.5,6253.75
"198","2016-02-18",1094,5243,1.6,0.89,6338.6
"199","2016-02-19",506,193,3.5,0.55,702.5
"200","2016-02-20",652,2130,2.5,0.71,2784.5
"201","2016-02-21",599,3163,1.67,1.41,3763.67
"202","2016-02-22",1178,5383,1.67,0.52,6562.67
"203","2016-02-23",634,5763,1.6,0.89,6398.6
"204","2016-02-24",410,4350,3,1.41,4763
"205","2016-02-25",467,5175,1.25,0.5,5643.25
"206","2016-02-26",588,5503,2,1.41,6093
"207","2016-02-27",584,5399,2.25,0.5,5985.25
"208","2016-02-28",986,2030,3.38,0.74,3019.38
"209","2016-02-29",897,4018,2.2,0.45,4917.2
"210","2016-03-01",684,4592,2.33,0.52,5278.33
"211","2016-03-02",755,2847,1.33,0.52,3603.33
"212","2016-03-04",357,2780,3.33,1.63,3140.33
"213","2016-03-05",262,2475,3,1.41,2740
"214","2016-03-06",353,2017,2.4,0.55,2372.4
"215","2016-03-07",840,1992,1.11,0.33,2833.11
"216","2016-03-08",491,5481,1.4,0.55,5973.4
"217","2016-03-09",612,4007,0.5,0.58,4619.5
"218","2016-03-10",269,3083,2,1.15,3354
"219","2016-03-11",587,3125,2.67,0.58,3714.67
"220","2016-03-12",617,5773,2,1.41,6392
"221","2016-03-13",726,4154,1.29,1.25,4881.29
"222","2016-03-23",904,3149,2.8,0.79,4055.8
"223","2016-03-24",1526,2483,4,0.5,4013
"224","2016-03-25",435,5357,3.4,0.55,5795.4
"225","2016-03-26",206,3252,1.57,0.98,3459.57
"226","2016-03-27",459,4672,2.4,0.55,5133.4
"227","2016-03-28",456,5086,1.33,0.82,5543.33
"228","2016-03-29",179,4501,1.25,0.5,4681.25
"229","2016-03-31",1027,2925,3.5,0.71,3955.5
"230","2016-04-01",843,6057,1,1,6901
"231","2016-04-02",1002,4549,2,0.89,5553
"232","2016-04-03",772,4347,1.38,0.52,5120.38
"233","2016-04-04",553,3926,1,0,4480
"234","2016-04-05",759,2222,2.14,0.38,2983.14
"235","2016-04-06",1458,2651,4.17,0.75,4113.17
"236","2016-04-07",801,3954,3.2,0.84,4758.2
"237","2016-04-08",791,3581,2.2,0.84,4374.2
"238","2016-04-09",648,3940,1.4,1.14,4589.4
"239","2016-04-10",873,3904,1.2,0.45,4778.2
"240","2016-04-11",676,4800,2,1.41,5478
"241","2016-04-12",558,3975,3.5,2.12,4536.5
"242","2016-04-13",282,1852,4,2.83,2138
"243","2016-04-14",124,1055,6,0.71,1185
"244","2016-04-15",368,1780,5.2,0.84,2153.2
"245","2016-04-16",536,1181,4.8,0.45,1721.8
"246","2016-04-17",199,1223,6.5,0.71,1428.5
"247","2016-04-18",445,1200,5,2.83,1650
"248","2016-04-19",664,2567,5.3,1.57,3236.3
"249","2016-04-20",487,4575,2,1.41,5064
"250","2016-04-21",582,4200,2,0,4784
"251","2016-04-22",606,2004,1.5,1.07,2611.5
"252","2016-04-23",481,2289,3,1.58,2773
"253","2016-04-24",579,3487,2.62,0.74,4068.62
"254","2016-04-25",628,3900,2.5,2.12,4530.5
"255","2016-04-26",762,3726,1.67,1.97,4489.67
"256","2016-04-27",454,4200,2,1.41,4656
"257","2016-04-28",379,4154,3.5,1.29,4536.5
"258","2016-04-29",676,3888,1.6,0.89,4565.6
"259","2016-04-30",502,4916,2.57,1.9,5420.57
"260","2016-05-01",513,2596,2.33,1.97,3111.33
"261","2016-05-02",640,4023,3,1.15,4666
"262","2016-05-03",545,4617,3.88,1.13,5165.88
"263","2016-05-04",967,3490,3.6,1.14,4460.6
"264","2016-05-05",924,4874,3,1.83,5801
"265","2016-05-06",809,5096,1.67,1.15,5906.67
"266","2016-05-07",606,4887,2.2,0.84,5495.2
"267","2016-05-08",792,4200,4,2.83,4996
"268","2016-05-09",1052,3594,4.25,1.89,4650.25
"269","2016-05-10",1525,4093,5.14,1.77,5623.14
"270","2016-05-11",1847,3778,4.55,2.16,5629.55
"271","2016-05-12",1021,4601,3.2,1.64,5625.2
"272","2016-05-13",918,4411,1.75,1.16,5330.75
"273","2016-05-14",616,4379,1.88,1.36,4996.88
"274","2016-05-15",676,5005,1.5,0.58,5682.5
"275","2016-05-16",813,3662,3.71,1.7,4478.71
"276","2016-05-17",561,4276,2,0,4839
"277","2016-05-18",566,4832,1.12,0.35,5399.12
"278","2016-05-19",650,5920,1.17,0.41,6571.17
"279","2016-05-20",496,5025,1.5,0.71,5522.5
"280","2016-05-21",472,5312,1.5,0.58,5785.5
"281","2016-05-22",353,4662,1,1.41,5016
"282","2016-05-23",721,5416,2.67,0.82,6139.67
"283","2016-05-24",728,6833,1.8,0.84,7562.8
"284","2016-05-25",636,5106,1.6,0.89,5743.6
"285","2016-05-26",583,3334,5,2,3922
"286","2016-05-27",622,3604,4,1.15,4230
"287","2016-05-28",410,3576,3.5,0.58,3989.5
"288","2016-05-29",576,3614,2,0,4192
"289","2016-05-30",729,5205,1.33,0.52,5935.33
"290","2016-05-31",660,5609,0.75,0.96,6269.75
"291","2016-06-01",435,4486,3,1.26,4924
"292","2016-06-02",538,4605,2.75,1.5,5145.75
"293","2016-06-03",455,3545,2.8,0.84,4002.8
"294","2016-06-04",607,5625,2,1.41,6234
"295","2016-06-05",725,4461,1,0,5187
"296","2016-06-06",404,2937,0.6,0.55,3341.6
"297","2016-06-07",496,4580,0.5,0.58,5076.5
"298","2016-06-08",324,5085,1.83,0.75,5410.83
"299","2016-06-09",257,5358,1.62,0.52,5616.62
"300","2016-06-10",600,6166,2,1,6768
"301","2016-06-11",622,4269,1,0,4892
"302","2016-06-12",592,4703,2.25,2.06,5297.25
"303","2016-06-13",648,4805,2.17,1.33,5455.17
"304","2016-06-14",351,4527,3,0,4881
"305","2016-06-15",809,4314,2.38,1.3,5125.38
"306","2016-06-16",497,3499,1.67,0.82,3997.67
"307","2016-06-17",562,2836,1,0,3399
"308","2016-06-18",359,3514,2.62,1.19,3875.62
"309","2016-06-19",295,2632,0.8,0.45,2927.8
"310","2016-06-20",303,4540,4.5,1,4847.5
"311","2016-06-21",292,5923,2.25,0.96,6217.25
"312","2016-06-22",140,3467,2,1.15,3609
"313","2016-06-23",59,3150,2.5,0.71,3211.5
"314","2016-06-24",78,3764,1.75,0.5,3843.75
"315","2016-06-25",131,3383,2,1,3516
"316","2016-06-26",220,2864,3,1.41,3087
"317","2016-06-27",277,2936,2.2,0.45,3215.2
"318","2016-06-28",507,3658,3.33,0.82,4168.33
"319","2016-06-29",443,3259,3.14,0.69,3705.14
"320","2016-06-30",264,2420,2.33,1.15,2686.33
"321","2016-07-01",239,4156,3,0,4398
"322","2016-07-02",677,5282,1.5,0.55,5960.5
"323","2016-07-03",887,5418,1.8,1.64,6306.8
"324","2016-07-04",664,4559,2.2,0.84,5225.2
"325","2016-07-05",122,3750,1,0,3873
"326","2016-07-06",234,3680,2.2,0.84,3916.2
"327","2016-07-07",617,5475,1.75,0.96,6093.75
"328","2016-07-08",502,4725,2,1.41,5229
"329","2016-07-09",670,3907,1,0,4578
"330","2016-07-10",300,4086,1.5,0.58,4387.5
"331","2016-07-11",539,4632,2.6,0.55,5173.6
"332","2016-07-12",89,4668,1,0,4758
"333","2016-07-13",101,2775,1,0,2877
"334","2016-07-14",154,3392,3.5,0.58,3549.5
"335","2016-07-15",177,3714,3.67,0.58,3894.67
"336","2016-07-16",206,2949,2,1,3157
"337","2016-07-17",313,3826,2.4,1.67,4141.4
"338","2016-07-18",261,4418,1.5,0.58,4680.5
"339","2016-07-19",153,3386,2,0.82,3541
"340","2016-07-20",183,1369,3.86,0.69,1555.86
"341","2016-07-22",44,3177,3.67,0.58,3224.67
"342","2016-07-23",116,3391,2,0,3509
"343","2016-07-24",199,3150,3,0,3352
"344","2016-07-25",194,2085,3,0,2282
"345","2016-07-26",89,1905,2,0,1996
"346","2016-07-27",388,2244,2.4,0.89,2634.4
"347","2016-07-28",92,3321,3,0,3416
"348","2016-07-29",144,3650,1.67,0.58,3795.67
"349","2016-07-30",460,2003,1.67,1.15,2464.67
"350","2016-09-02",320,699,1.75,0.5,1020.75
"351","2016-09-03",269,1360,1,0,1630
"352","2016-09-04",287,1877,7.33,10.12,2171.33
"353","2016-09-05",315,2609,0.33,0.58,2924.33
"354","2016-09-06",110,2700,1,0,2811
"355","2016-09-07",189,3152,1.25,0.5,3342.25
"356","2016-09-09",238,3630,1.4,1.34,3869.4
"357","2016-09-10",231,3042,1,0,3274
"358","2016-09-11",308,2340,1.33,0.58,2649.33
"359","2016-09-12",108,1198,0.83,0.98,1306.83
"360","2016-09-13",201,2028,2.33,1.15,2231.33
"361","2016-09-14",134,2036,1,1,2171
"362","2016-09-15",229,3926,2.67,0.58,4157.67
"363","2016-09-16",576,4694,0.4,0.55,5270.4
"364","2016-09-17",299,1916,2.8,0.45,2217.8
"365","2016-09-18",320,280,4.67,1.12,604.67
"366","2016-09-19",515,715,2.75,0.89,1232.75
"367","2016-09-20",177,897,1.5,0.58,1075.5
"368","2016-09-21",260,1430,1.5,1,1691.5
"369","2016-09-22",322,2196,1.5,0.55,2519.5
"370","2016-09-23",310,3149,0.5,0.58,3459.5
"371","2016-09-24",312,2744,1.75,0.5,3057.75
"372","2016-09-25",389,2480,1.5,1.38,2870.5
"373","2016-09-26",192,2842,1.25,0.5,3035.25
"374","2016-09-27",166,2808,1.25,0.5,2975.25
"375","2016-09-29",277,2291,1.5,0.58,2569.5
"376","2016-09-30",208,2324,2,0,2534
"377","2016-10-01",185,2276,2.33,0.58,2463.33
"378","2016-10-03",442,4282,3.25,0.96,4727.25
"379","2016-10-04",512,4403,3.33,1.63,4918.33
"380","2016-10-05",528,3238,4,1.58,3770
"381","2016-10-06",198,3189,4.25,1.5,3391.25
"382","2016-10-08",131,1947,1.6,0.89,2079.6
"383","2016-10-09",116,2370,1.33,0.58,2487.33
"384","2016-10-11",355,2525,4,1.41,2884
"385","2016-10-12",523,4959,1.75,0.5,5483.75
"386","2016-10-13",575,3738,1.5,0.58,4314.5
"387","2016-10-14",589,2775,1.5,0.71,3365.5
"388","2016-10-15",651,3064,1.67,0.82,3716.67
"389","2016-10-16",382,2252,1,0.82,2635
"390","2016-10-17",133,1258,2,1,1393
"391","2016-10-18",247,805,1.33,0.52,1053.33
"392","2016-10-19",100,910,1,0.89,1011
"393","2016-10-20",221,1351,2.12,0.83,1574.12
"394","2016-10-21",275,1484,1.88,1.73,1760.88
"395","2016-10-22",487,2052,2.57,1.27,2541.57
"396","2016-10-23",1177,4842,2.83,1.83,6021.83
"397","2016-10-24",920,3762,3.14,2.12,4685.14
"398","2016-10-25",737,2391,2.86,1.86,3130.86
"399","2016-10-27",809,1073,5.71,1.38,1887.71
"400","2016-10-28",538,612,2.44,2.13,1152.44
"401","2016-10-29",178,2252,1,0,2431
"402","2016-10-31",201,1885,1,0,2087
"403","2016-11-01",246,1871,1,0,2118
"404","2016-11-02",151,1815,0.67,0.58,1966.67
"405","2016-11-04",128,860,5.33,0.58,993.33
"406","2016-11-05",600,1188,5.38,0.92,1793.38
"407","2016-11-06",476,808,2,0,1286
"408","2016-11-07",734,2398,1,0,3133
"409","2016-11-08",1037,3471,1.5,0.53,4509.5
"410","2016-11-09",851,4331,0.86,0.38,5182.86
"411","2016-11-10",696,5776,1,0,6473
"412","2016-11-11",864,4016,2.67,0.58,4882.67
"413","2016-11-12",822,2628,2.57,0.53,3452.57
"414","2016-11-13",409,2210,2.5,1.85,2621.5
"415","2016-11-14",489,2780,1.29,0.95,3270.29
"416","2016-11-15",499,3489,1.38,0.74,3989.38
"417","2016-11-16",737,2504,2.5,0.93,3243.5
"418","2016-11-17",362,2523,2.6,0.55,2887.6
"419","2016-11-18",228,623,2,0,853
"420","2016-11-19",238,586,1.8,1.1,825.8
"421","2016-11-20",417,829,0.8,0.45,1246.8
"422","2016-11-21",689,1442,1.5,1.31,2132.5
"423","2016-11-22",390,631,2,0,1023
"424","2016-11-23",1079,2729,2.14,1.35,3810.14
"425","2016-11-24",989,899,3,1.77,1891
"426","2016-11-25",853,1125,2.1,0.99,1980.1
"427","2016-11-26",454,1761,3.2,1.1,2218.2
"428","2016-11-27",1483,5012,1.9,1.29,6496.9
"429","2016-11-28",1672,911,2.11,1.9,2585.11
"430","2016-11-29",122,2024,0.67,0.58,2146.67
"431","2016-11-30",420,932,3,1.41,1355
"432","2016-12-01",516,2491,2.43,0.79,3009.43
"433","2016-12-02",197,1238,3,1.41,1438
"434","2016-12-03",299,1029,5,0.82,1333
"435","2016-12-04",690,2279,3,0.82,2972
"436","2016-12-05",559,2659,1,0,3219
"437","2016-12-06",634,2975,2,0,3611
"438","2016-12-07",546,3286,1.8,1.1,3833.8
"439","2016-12-08",910,5220,1.33,0.52,6131.33
"440","2016-12-09",670,4109,0.88,0.64,4779.88
"441","2016-12-10",1191,4463,1.43,0.53,5655.43
"442","2016-12-11",1102,3569,1,0,4672
"443","2016-12-12",598,2676,1.27,0.65,3275.27
"444","2016-12-13",648,2556,2,0,3206
"445","2016-12-14",803,3548,2.8,0.45,4353.8
"446","2016-12-15",768,4042,2.71,0.49,4812.71
"447","2016-12-16",512,5342,2.75,0.5,5856.75
"448","2016-12-17",1483,1486,3.4,0.97,2972.4
"449","2016-12-18",897,1963,3.18,0.4,2863.18
"450","2016-12-19",971,3271,1.78,0.67,4243.78
"451","2016-12-20",1054,3585,1.5,0.76,4640.5
"452","2016-12-21",904,4570,1.25,0.5,5475.25
"453","2016-12-22",646,473,2.43,0.53,1121.43
"454","2016-12-23",427,713,2.14,0.69,1142.14
"455","2016-12-24",312,1265,2.33,0.58,1579.33
"456","2016-12-26",276,1692,1.67,0.58,1969.67
"457","2016-12-27",395,1337,0.83,0.75,1732.83
"458","2016-12-28",263,547,1,0,811
"459","2016-12-30",221,2590,1.43,0.79,2812.43
"460","2016-12-31",299,2232,1.17,0.41,2532.17
"461","2017-01-01",122,1710,0.33,0.58,1832.33
"462","2017-01-02",236,1701,2.62,1.3,1939.62
"463","2017-01-03",264,1946,2.67,0.58,2212.67
"464","2017-01-04",307,2128,1.67,0.82,2436.67
"465","2017-01-05",195,1319,1,0,1515
"466","2017-01-06",260,2805,1,0,3066
"467","2017-01-07",161,2780,1.75,0.89,2942.75
"468","2017-01-08",271,2529,2.33,0.58,2802.33
"469","2017-01-09",147,2724,1.67,1.15,2872.67
"470","2017-01-10",306,2723,2,1.41,3031
"471","2017-01-11",719,5541,2.8,0.45,6262.8
"472","2017-01-12",663,3240,1,0.63,3904
"473","2017-01-13",547,3391,2.75,0.96,3940.75
"474","2017-01-14",1212,4778,3.25,0.89,5993.25
"475","2017-01-15",1391,4689,2.4,0.89,6082.4
"476","2017-01-16",985,2775,1.5,0.71,3761.5
"477","2017-01-17",835,3560,1.43,1.13,4396.43
"478","2017-01-18",710,3543,1.4,0.55,4254.4
"479","2017-01-19",512,3730,2,0,4244
"480","2017-01-20",628,3675,1.86,0.38,4304.86
"481","2017-01-21",913,3223,2.6,0.52,4138.6
"482","2017-01-22",841,2141,3.83,0.75,2985.83
"483","2017-01-23",1029,6137,2.86,0.9,7168.86
"484","2017-01-24",644,3762,2.29,0.49,4408.29
"485","2017-01-26",514,4528,1,0,5043
"486","2017-01-27",504,3384,0.86,0.38,3888.86
"487","2017-01-28",677,3066,0.38,0.52,3743.38
"488","2017-01-29",870,4679,1.6,0.55,5550.6
"489","2017-01-30",570,3919,1,0.58,4490
"490","2017-01-31",609,3150,2.9,1.6,3761.9
"491","2017-02-01",524,2361,4.43,0.53,2889.43
"492","2017-02-03",902,5610,2,0,6514
"493","2017-02-04",627,5093,1.6,0.89,5721.6
"494","2017-02-05",819,5827,2.71,0.49,6648.71
"495","2017-02-06",720,5855,1.33,0.52,6576.33
"496","2017-02-07",648,3705,2,0,4355
"497","2017-02-08",473,5175,1.17,0.41,5649.17
"498","2017-02-09",569,4310,1,0,4880
"499","2017-02-10",500,5126,1.4,0.89,5627.4
"500","2017-02-11",511,3267,3,0,3781
"501","2017-02-12",833,1984,4.33,0.52,2821.33
"502","2017-02-13",853,2766,2.67,0.52,3621.67
"503","2017-02-14",565,3139,1.33,0.58,3705.33
"504","2017-02-15",552,3018,1.11,0.33,3571.11
"505","2017-02-16",293,2126,2,0,2421
"506","2017-02-17",406,3226,1.25,0.46,3633.25
"507","2017-02-18",628,4725,2.5,2.12,5355.5
"508","2017-02-20",677,2771,2,0.93,3450
"509","2017-02-21",903,3302,2.55,0.52,4207.55
"510","2017-02-23",713,2740,2,0.71,3455
"511","2017-02-24",1136,3164,1.44,0.53,4301.44
"512","2017-02-25",857,4393,1,0,5251
"513","2017-02-26",940,5857,1,0,6798
"514","2017-02-27",943,6508,1,0,7452
"515","2017-02-28",268,3890,1.33,0.58,4159.33
"516","2017-03-01",499,4626,1.6,0.89,5126.6
"517","2017-03-02",235,4348,4.75,0.96,4587.75
"518","2017-03-03",439,5378,2.25,0.96,5819.25
"519","2017-03-04",722,6633,1.88,1.13,7356.88
"520","2017-03-05",489,3546,1.67,0.58,4036.67
"521","2017-03-06",433,4875,2,1.41,5310
"522","2017-03-07",92,4310,1.25,0.5,4403.25
"523","2017-03-08",123,4398,1.6,0.55,4522.6
"524","2017-03-09",18,3810,1,0,3829
"525","2017-03-10",47,3961,1,0,4009
"526","2017-03-11",262,5358,2.14,0.38,5622.14
"527","2017-03-12",358,4265,2.75,2.38,4625.75
"528","2017-03-13",311,4459,1,0,4771
"529","2017-03-14",399,4763,0.8,1.1,5162.8
"530","2017-03-15",411,5172,2.33,0.58,5585.33
"531","2017-03-16",563,4081,3.75,2.06,4647.75
"532","2017-03-17",726,3280,3,0,4009
"533","2017-03-18",752,2890,2,0,3644
"534","2017-03-19",482,1487,1.67,0.82,1970.67
"535","2017-03-20",875,3217,2.83,1.33,4094.83
"536","2017-03-21",950,5789,2,0,6741
"537","2017-03-22",687,3843,1.17,0.98,4531.17
"538","2017-03-23",389,4005,1.17,0.75,4395.17
"539","2017-03-24",503,4637,2.14,1.07,5142.14
"540","2017-03-25",783,4096,3.62,1.19,4882.62
"541","2017-03-26",701,5495,3.83,2.64,6199.83
"542","2017-03-27",641,5232,2.29,1.25,5875.29
"543","2017-03-28",453,6075,1.5,0.71,6529.5
"544","2017-03-29",408,5111,0.5,0.55,5519.5
"545","2017-03-30",317,3760,3.5,1.05,4080.5
"546","2017-03-31",173,3397,2.5,1,3572.5
"547","2017-04-01",181,3448,1.4,0.55,3630.4
"548","2017-04-02",221,3291,1,0,3513
"549","2017-04-04",117,4275,3.5,2.12,4395.5
"550","2017-04-05",177,5155,3.8,0.45,5335.8
"551","2017-04-06",359,4725,4.5,1,5088.5
"552","2017-04-07",660,4899,1.43,0.53,5560.43
"553","2017-04-08",588,4459,0.5,0.58,5047.5
"554","2017-04-09",570,5325,1.5,0.71,5896.5
"555","2017-04-10",180,2948,1.33,1.53,3129.33
"556","2017-04-11",217,3115,1.2,0.45,3333.2
"557","2017-04-12",176,1611,1.6,1.14,1788.6
"558","2017-04-13",171,2011,1.25,0.96,2183.25
"559","2017-04-15",35,2925,2,1.41,2962
"560","2017-04-16",22,3675,2,0,3699
"561","2017-04-17",220,4255,1,1,4476
"562","2017-04-18",310,3380,3.25,0.5,3693.25
"563","2017-04-19",235,5250,3.5,0.71,5488.5
"564","2017-04-20",456,4857,2,0,5315
"565","2017-04-22",378,2744,1.5,0.55,3123.5
"566","2017-04-23",579,3543,1.89,0.6,4123.89
"567","2017-04-25",519,4276,1.2,0.45,4796.2
"568","2017-04-26",628,2112,2.43,0.98,2742.43
"569","2017-04-27",693,1841,6.12,1.25,2540.12
"570","2017-04-28",732,5358,4.5,2.07,6094.5
"571","2017-04-29",1225,4527,3.5,2.27,5755.5
"572","2017-04-30",1025,4811,2.33,1.37,5838.33
"573","2017-05-01",434,5010,0.8,0.84,5444.8
"574","2017-05-02",532,5334,1.75,0.96,5867.75
"575","2017-05-03",812,5215,2.86,1.35,6029.86
"576","2017-05-04",675,6135,3,1.83,6813
"577","2017-05-05",860,3568,3.62,2.39,4431.62
"578","2017-05-06",512,3644,3.71,0.76,4159.71
"579","2017-05-07",146,1339,3,1,1488
"580","2017-05-08",245,2250,3.67,0.58,2498.67
"581","2017-05-10",66,952,4,0.82,1022
"582","2017-05-11",667,4378,4.83,0.98,5049.83
"583","2017-05-12",916,4271,4.2,2.05,5191.2
"584","2017-05-13",535,4872,2.4,2.19,5409.4
"585","2017-05-14",519,4979,2.33,2.08,5500.33
"586","2017-05-15",130,4125,2.5,0.71,4257.5
"587","2017-05-16",2,382,2,0,386
"588","2017-05-17",283,4223,2.25,0.96,4508.25
"589","2017-05-18",299,4956,1,0,5256
"590","2017-05-19",392,5018,1,0.82,5411
"591","2017-05-20",318,3878,3.75,1.89,4199.75
"592","2017-05-21",316,4235,2.8,0.45,4553.8
"593","2017-05-22",511,4278,2.29,0.95,4791.29
"594","2017-05-23",282,3461,3.17,0.75,3746.17
"595","2017-05-24",629,4915,4.4,1.34,5548.4
"596","2017-05-25",736,5736,1,0,6473
"597","2017-05-26",686,4738,0.5,0.58,5424.5
"598","2017-05-27",601,3767,0.4,0.89,4368.4
"599","2017-05-28",294,3446,2,0.82,3742
"600","2017-05-29",17,1382,3,0,1402
"601","2017-05-30",703,5054,2.5,0.58,5759.5
"602","2017-05-31",645,4366,3,0,5014
"603","2017-06-01",628,5055,3,0,5686
"604","2017-06-02",550,3064,2.86,1.07,3616.86
"605","2017-06-03",312,3486,3,1,3801
"606","2017-06-04",245,3360,1.8,1.1,3606.8
"607","2017-06-05",345,5193,1,0.89,5539
"608","2017-06-06",681,7096,1,0.71,7778
"609","2017-06-07",497,5983,3,1.41,6483
"610","2017-06-08",538,6516,1.33,0.58,7055.33
"611","2017-06-09",506,4974,1.6,0.55,5481.6
"612","2017-06-10",434,4715,2.25,0.5,5151.25
"613","2017-06-11",342,2906,3,0,3251
"614","2017-06-13",632,4930,2.75,0.5,5564.75
"615","2017-06-14",424,4052,2.75,0.5,4478.75
"616","2017-06-15",594,4500,2.5,1,5096.5
"617","2017-06-17",228,3626,2.25,0.5,3856.25
"618","2017-06-18",379,3410,3.75,1.5,3792.75
"619","2017-06-20",244,3285,1,1,3530
"620","2017-06-21",142,2664,1.25,0.5,2807.25
"621","2017-06-23",132,1500,1.5,0.71,1633.5
"622","2017-06-25",173,2754,1.75,0.96,2928.75
"623","2017-06-26",285,3236,2.8,0.45,3523.8
"624","2017-06-27",335,1595,1.33,0.52,1931.33
"625","2017-06-28",343,1042,1,0,1386
"626","2017-06-29",483,2958,1.67,0.5,3442.67
"627","2017-06-30",528,3756,1.14,0.38,4285.14
"628","2017-07-01",667,6427,1.33,0.58,7095.33
"629","2017-07-02",293,3152,2.57,0.53,3447.57
"630","2017-07-04",514,3112,3,0,3629
"631","2017-07-05",641,6464,3,0,7108
"632","2017-07-06",681,5733,1.33,1.03,6415.33
"633","2017-07-08",298,1708,1.5,0.84,2007.5
"634","2017-07-09",166,4013,1.75,0.5,4180.75
"635","2017-07-10",696,5510,1.75,0.96,6207.75
"636","2017-07-11",845,5407,1.57,1.4,6253.57
"637","2017-07-12",737,4968,1.71,0.76,5706.71
"638","2017-07-13",134,4816,1.67,1.15,4951.67
"639","2017-07-15",196,2502,2,0,2700
"640","2017-07-17",144,4217,1.25,0.5,4362.25
"641","2017-07-18",190,4622,1.5,1,4813.5
"642","2017-07-19",408,3729,1.6,1.14,4138.6
"643","2017-07-20",491,2982,2,1,3475
"644","2017-07-22",837,4208,2.38,1.41,5047.38
"645","2017-07-23",674,3868,1.8,1.64,4543.8
"646","2017-07-24",295,1800,1.5,0.71,2096.5
"647","2017-07-25",169,2325,1.5,0.71,2495.5
"648","2017-07-26",295,3236,2.2,0.84,3533.2
"649","2017-07-27",109,4147,3.67,0.58,4259.67
"650","2017-07-28",159,3920,3.4,0.55,4082.4
"651","2017-07-29",194,4227,2.5,0.58,4423.5
"652","2017-07-30",278,4779,2.67,1.63,5059.67
"653","2017-07-31",317,3896,1.38,0.52,4214.38
"654","2017-08-01",413,4251,1.5,0.58,4665.5
"655","2017-08-02",664,4893,1.2,1.1,5558.2
"656","2017-08-03",175,4790,2,0,4967
"657","2017-08-04",186,4189,2.33,0.58,4377.33
"658","2017-08-05",223,3799,0.5,0.58,4022.5
"659","2017-08-06",174,3825,1,0,4000
"660","2017-08-07",462,3068,1,0,3531
"661","2017-08-08",421,2551,1.6,0.55,2973.6
"662","2017-08-09",435,2999,2.5,1,3436.5
"663","2017-08-10",132,4123,3.75,0.96,4258.75
"664","2017-08-11",241,2038,2.75,0.5,2281.75
"665","2017-08-12",411,2998,1,0,3410
"666","2018-03-21",407,6982,2.5,1.29,7391.5
"667","2018-03-22",757,5624,2.67,0.58,6383.67
"668","2018-03-24",519,4558,2.14,0.38,5079.14
"669","2018-03-26",761,4817,1.86,1.07,5579.86
"670","2018-03-27",702,4119,1.43,0.53,4822.43
"671","2018-03-28",222,3865,1.67,0.52,4088.67
"672","2018-03-29",95,3564,2.33,0.52,3661.33
"673","2018-03-30",183,2302,3,0,2488
"674","2018-03-31",132,2200,2.4,0.55,2334.4
"675","2018-04-01",302,2790,2,0,3094
"676","2018-04-02",613,3748,2.5,0.55,4363.5
"677","2018-04-03",898,6965,1,0.89,7864
"678","2018-04-04",489,3780,0.67,0.52,4269.67
"679","2018-04-05",393,3604,1,1,3998
"680","2018-04-06",349,4495,1,0,4845
"681","2018-04-07",639,4235,1.33,0.58,4875.33
"682","2018-04-08",779,4241,0.75,0.96,5020.75
"683","2018-04-09",421,2110,1.88,0.64,2532.88
"684","2018-04-10",847,4547,1.8,0.45,5395.8
"685","2018-04-11",579,2691,1.57,0.98,3271.57
"686","2018-04-12",707,3989,2.14,0.69,4698.14
"687","2018-04-13",596,3108,3,0,3707
"688","2018-04-14",898,2700,2,1,3600
"689","2018-04-15",569,2751,2,1.29,3322
"690","2018-04-16",622,3035,1.75,0.5,3658.75
"691","2018-04-17",52,1950,1.5,0.58,2003.5
"692","2018-04-19",185,7350,2,0.82,7537
"693","2018-04-20",623,3767,2.14,0.38,4392.14
"694","2018-04-21",1712,3869,1.8,0.79,5582.8
"695","2018-04-22",857,3307,1.5,0.53,4165.5
"696","2018-04-23",753,4511,2.5,0.58,5266.5
"697","2018-04-24",1315,4159,1.88,0.64,5475.88
"698","2018-04-25",838,3965,1.88,0.83,4804.88
"699","2018-04-26",587,3374,1.89,0.93,3962.89
"700","2018-04-27",316,2801,1,0.71,3118
"701","2018-04-28",592,4019,2.2,0.84,4613.2
"702","2018-04-29",637,5323,1.33,0.82,5961.33
"703","2018-04-30",795,3735,2.57,1.62,4532.57
"704","2018-05-01",944,5101,2.5,0.55,6047.5
"705","2018-05-02",766,5029,1.83,1.33,5796.83
"706","2018-05-03",753,5179,3.2,1.64,5935.2
"707","2018-05-04",717,4094,1.5,0.84,4812.5
"708","2018-05-05",650,2086,4.17,1.94,2740.17
"709","2018-05-06",1329,3561,2.75,0.46,4892.75
"710","2018-05-07",558,4778,4,1.41,5340
"711","2018-05-08",579,4337,1.5,1,4917.5
"712","2018-05-09",784,4511,1.43,0.53,5296.43
"713","2018-05-10",746,3774,2,0,4522
"714","2018-05-12",783,4138,1.57,0.53,4922.57
"715","2018-05-14",606,5454,2.71,0.49,6062.71
"716","2018-05-15",510,4089,4,2.16,4603
"717","2018-05-16",365,3640,2.67,0.52,4007.67
"718","2018-05-17",706,5411,1.5,1,6118.5
"719","2018-05-18",708,6579,2.25,0.5,7289.25
"720","2018-05-19",633,4106,2.57,1.9,4741.57
"721","2018-05-20",485,5133,2,1.26,5620
"722","2018-05-21",738,4716,2.75,1.26,5456.75
"723","2018-05-22",721,5100,1.8,1.1,5822.8
"724","2018-05-23",707,3270,1.8,1.1,3978.8
"725","2018-05-24",666,4158,2.75,0.5,4826.75
"726","2018-05-25",842,4842,1.4,0.89,5685.4
"727","2018-05-26",1068,4947,3,0.71,6018
"728","2018-05-27",523,3548,2,0.71,4073
"729","2018-05-28",679,4339,3.2,2.28,5021.2
"730","2018-05-29",637,4049,1.4,1.67,4687.4
"731","2018-05-30",606,4198,1.25,1.5,4805.25
"732","2018-05-31",635,4060,3.4,2.19,4698.4
"733","2018-06-01",503,3856,2.75,1.71,4361.75
"734","2018-06-02",609,4637,3,1.41,5249
"735","2018-06-03",426,4726,1.75,0.5,5153.75
"736","2018-06-04",346,3781,3.17,0.98,4130.17
"737","2018-06-05",141,3375,2.33,1.15,3518.33
"738","2018-06-06",143,2633,1.67,0.58,2777.67
"739","2018-06-07",240,1725,3,0,1968
"740","2018-06-08",624,4122,1.57,0.53,4747.57
"741","2018-06-09",820,3868,1.8,1.3,4689.8
"742","2018-06-10",826,4005,2.8,0.45,4833.8
"743","2018-06-11",951,4485,2.25,0.96,5438.25
"744","2018-06-12",801,5527,1.6,1.14,6329.6
"745","2018-06-13",531,4062,1.25,0.5,4594.25
"746","2018-06-14",619,4455,3.14,1.35,5077.14
"747","2018-06-15",790,4994,4.2,1.48,5788.2
"748","2018-06-16",512,3759,3.4,0.89,4274.4
"749","2018-06-17",346,3511,1.33,0.58,3858.33
"750","2018-06-18",739,4078,2,1.15,4819
"751","2018-06-19",359,3146,3.4,0.89,3508.4
"752","2018-06-20",191,3375,2.5,0.71,3568.5
"753","2018-06-21",225,2795,3,0,3023
"754","2018-06-22",666,3178,2.17,1.94,3846.17
"755","2018-08-12",247,6322,1.67,0.58,6570.67
"756","2018-08-29",141,2629,2.33,0.58,2772.33
"757","2018-09-13",112,253,2.5,1,367.5
"758","2018-09-20",229,401,1.33,0.58,631.33
"759","2018-09-21",282,2092,1.38,0.52,2375.38
"760","2018-09-22",369,4278,1,0,4648
"761","2018-09-23",132,1536,3.43,0.53,1671.43
"762","2018-09-24",118,1929,2.6,0.55,2049.6
"763","2018-09-25",227,1888,1,0.82,2116
"764","2018-09-26",149,2112,1,0,2262
"765","2018-09-27",29,1372,3,0,1404
"766","2018-09-28",186,1361,1,0.71,1548
"767","2018-09-29",205,1526,0.8,0.84,1731.8
"768","2018-09-30",389,1491,1.17,1.17,1881.17
"769","2018-10-01",302,1524,1.75,0.96,1827.75
"770","2018-10-02",207,1320,1,0.71,1528
"771","2018-10-03",162,1241,0.67,0.58,1403.67
"772","2018-10-04",181,1361,2.67,0.52,1544.67
"773","2018-10-05",210,1280,3,0,1493
"774","2018-10-06",254,1059,4.6,0.89,1317.6
"775","2018-10-07",97,1588,1.33,0.58,1686.33
"776","2018-10-08",296,1871,2.4,0.89,2169.4
"777","2018-10-09",246,1490,3.67,1.53,1739.67
"778","2018-10-10",533,2325,3.8,1.3,2861.8
"779","2018-10-11",1145,5478,1.25,0.46,6624.25
"780","2018-10-12",906,4273,0.83,0.41,5179.83
"781","2018-10-13",538,5316,1.2,0.45,5855.2
"782","2018-10-14",343,1680,2.67,1.03,2025.67
"783","2018-10-15",217,2971,4,0.82,3192
"784","2018-10-16",44,2955,2.33,0.58,3001.33
"785","2018-10-17",359,3706,2.75,0.5,4067.75
"786","2018-10-18",412,4151,1.75,0.96,4564.75
"787","2018-10-19",854,2508,3.14,1.35,3365.14
"788","2018-10-20",804,3514,2.62,1.6,4320.62
"789","2018-10-21",310,1055,4.67,0.52,1369.67
"790","2018-10-22",455,17,3.75,1.5,475.75
"791","2018-10-23",326,540,4,1,870
"792","2018-10-24",274,815,2.67,0.58,1091.67
"793","2018-10-25",57,1218,4.6,1.34,1279.6
"794","2018-10-26",214,2014,3.33,0.82,2231.33
"795","2018-10-27",415,1697,6.2,1.1,2118.2
"796","2018-10-28",850,3710,2.86,2.41,4562.86
"797","2018-10-29",728,1882,2.18,0.6,2612.18
"798","2018-10-30",1436,2825,1.64,0.67,4262.64
"799","2018-10-31",661,4413,1.33,0.52,5075.33
"800","2018-11-01",670,3600,1.29,0.76,4271.29
"801","2018-11-02",592,5114,1,0,5707
"802","2018-11-03",949,3970,1.67,0.52,4920.67
"803","2018-11-04",524,1991,0.8,0.45,2515.8
"804","2018-11-05",355,3007,0.88,0.35,3362.88
"805","2018-11-06",427,3232,1.2,0.45,3660.2
"806","2018-11-07",435,2660,1.5,0.55,3096.5
"807","2018-11-08",178,1112,3.33,1.53,1293.33
"808","2018-11-09",120,2538,2.33,0.82,2660.33
"809","2018-11-10",592,5498,1,0,6091
"810","2018-11-11",542,4189,1,0,4732
"811","2018-11-12",581,3909,1.38,0.52,4491.38
"812","2018-11-13",1519,2682,2.56,1.42,4203.56
"813","2018-11-14",1407,3104,1.33,0.89,4512.33
"814","2018-11-15",1337,3563,1.27,0.47,4901.27
"815","2018-11-16",881,5464,1.86,0.69,6346.86
"816","2018-11-17",566,4923,2.83,0.41,5491.83
"817","2018-11-18",802,624,3.75,0.46,1429.75
"818","2018-11-19",990,2795,3,0.58,3788
"819","2018-11-20",1099,2075,1.6,0.55,3175.6
"820","2018-11-21",905,2123,1,0,3029
"821","2018-11-22",843,956,2.83,0.75,1801.83
"822","2018-11-23",676,3110,3.4,0.55,3789.4
"823","2018-11-24",1313,5140,1.77,0.44,6454.77
"824","2018-11-25",679,2116,1.62,1.19,2796.62
"825","2018-11-26",622,2171,1.71,0.95,2794.71
"826","2018-11-27",406,2180,1,1,2587
"827","2018-11-28",618,2750,1,0,3369
"828","2018-11-29",677,3847,2,0,4526
"829","2018-11-30",486,3851,1.83,0.41,4338.83
"830","2018-12-01",356,3842,1.33,0.52,4199.33
"831","2018-12-02",582,3674,1.25,0.5,4257.25
"832","2018-12-03",527,4116,2.75,1.26,4645.75
"833","2018-12-04",485,4007,1,0.71,4493
"834","2018-12-05",372,4028,1.25,0.96,4401.25
"835","2018-12-06",109,3361,2.6,0.55,3472.6
"836","2018-12-07",330,3697,1.29,1.11,4028.29
"837","2018-12-08",701,3383,2,0,4086
"838","2018-12-09",532,5418,1.67,0.82,5951.67
"839","2018-12-10",525,5777,2,0,6304
"840","2018-12-11",672,4051,3,0,4726
"841","2018-12-12",382,2979,2,0,3363
"842","2018-12-13",460,3692,2.25,0.5,4154.25
"843","2018-12-14",646,3643,2.12,0.64,4291.12
"844","2018-12-15",830,3044,1,0,3875
"845","2018-12-16",806,3927,1.6,0.55,4734.6
"846","2018-12-17",600,2565,1.17,0.39,3166.17
"847","2018-12-18",667,4884,1.4,0.55,5552.4
"848","2018-12-19",839,6447,1.44,0.73,7287.44
"849","2018-12-20",812,6470,2.5,0.55,7284.5
"850","2018-12-21",493,4803,2,1.15,5298
"851","2018-12-22",492,5652,3,0,6147
"852","2018-12-23",463,6428,2.4,0.55,6893.4
"853","2018-12-24",505,4759,1,0.82,5265
"854","2018-12-25",830,5302,1.2,0.45,6133.2
"855","2018-12-27",299,5183,2.5,1,5484.5
"856","2018-12-28",334,5018,2,0,5354
"857","2018-12-29",410,4725,2,0,5137
"858","2018-12-30",718,6338,1,0,7057
"859","2018-12-31",483,5472,1,0,5956
"860","2019-01-01",619,4721,1.8,0.45,5341.8
"861","2019-01-02",968,5176,1.14,0.38,6145.14
"862","2019-01-03",780,5648,1.5,0.58,6429.5
"863","2019-01-04",452,4297,1.6,1.34,4750.6
"864","2019-01-05",577,5171,2,1.73,5750
"865","2019-01-06",826,6174,1.86,0.38,7001.86
"866","2019-01-07",619,7134,1,0,7754
"867","2019-01-08",887,5207,0.75,0.5,6094.75
"868","2019-01-09",512,4474,0.67,0.58,4986.67
"869","2019-01-10",579,5195,1.14,0.9,5775.14
"870","2019-01-11",604,5313,0.43,0.53,5917.43
"871","2019-01-12",296,4312,1.33,0.58,4609.33
"872","2019-01-13",378,4160,1.33,0.58,4539.33
"873","2019-01-14",308,4185,2.6,1.67,4495.6
"874","2019-01-15",262,3377,1,0.93,3640
"875","2019-01-16",652,3718,1.5,1,4371.5
"876","2019-01-17",589,2875,2,0.63,3466
"877","2019-01-18",725,2787,4.8,0.92,3516.8
"878","2019-01-19",643,4807,2.25,0.5,5452.25
"879","2019-01-20",624,3769,2.2,0.45,4395.2
"880","2019-01-21",1028,3754,2,0,4784
"881","2019-01-22",847,3931,1.17,0.41,4779.17
"882","2019-01-23",1039,6577,2.11,0.78,7618.11
"883","2019-01-24",626,4514,1.17,0.75,5141.17
"884","2019-01-25",818,4351,1,1,5170
"885","2019-01-26",1076,4078,3.2,0.84,5157.2
"886","2019-01-27",337,3557,2.33,0.58,3896.33
"887","2019-01-28",713,5130,3.8,0.45,5846.8
"888","2019-01-29",756,6677,2.78,0.67,7435.78
"889","2019-01-30",631,4775,1,0,5407
"890","2019-01-31",479,4297,0.75,0.5,4776.75
"891","2019-02-01",474,4420,1.33,0.58,4895.33
"892","2019-02-02",957,3828,2.2,0.84,4787.2
"893","2019-02-03",860,4200,1.5,1,5061.5
"894","2019-02-04",539,6903,1.33,0.58,7443.33
"895","2019-02-05",512,3795,1,0,4308
"896","2019-02-06",560,6212,1.5,1,6773.5
"897","2019-02-07",340,5550,3,0,5893
"898","2019-02-08",602,4183,2.4,0.89,4787.4
"899","2019-02-09",743,4853,2.12,0.83,5598.12
"900","2019-02-10",126,4746,0.67,0.58,4872.67
"901","2019-02-11",145,3768,1.33,0.58,3914.33
"902","2019-02-12",109,3673,1,0,3783
"903","2019-02-13",83,3822,2,0,3907
"904","2019-02-14",416,4346,2,1.07,4764
"905","2019-02-15",390,4345,3,0.89,4738
"906","2019-02-16",1431,3844,3.22,1.3,5278.22
"907","2019-02-17",1081,4156,2.67,1.41,5239.67
"908","2019-02-18",847,2973,2.88,0.35,3822.88
"909","2019-02-19",767,4500,2,1.15,5269
"910","2019-02-20",1437,4167,0.43,0.53,5604.43
"911","2019-02-21",801,4650,1,0,5452
"912","2019-02-22",789,5639,1.29,0.49,6429.29
"913","2019-02-23",526,4379,1,0.76,4906
"914","2019-02-24",820,4654,2.38,1.19,5476.38
"915","2019-02-25",623,4476,2.8,0.45,5101.8
"916","2019-02-26",349,3745,2.8,0.84,4096.8
"917","2019-02-27",518,3936,3.17,1.33,4457.17
"918","2019-02-28",463,4814,2.5,0.58,5279.5
"919","2019-03-01",436,4848,1,0,5285
"920","2019-03-02",504,2797,1.25,0.5,3302.25
"921","2019-03-03",452,4009,0.67,0.52,4461.67
"922","2019-03-04",487,3710,1.25,0.46,4198.25
"923","2019-03-05",489,4396,1,0,4886
"924","2019-03-06",484,6130,2.86,1.21,6616.86
"925","2019-03-07",871,4888,2.5,0.58,5761.5
"926","2019-03-08",859,4100,3.33,1.03,4962.33
"927","2019-03-09",705,3255,3.5,0.58,3963.5
"928","2019-03-10",489,3047,2.62,0.74,3538.62
"929","2019-03-11",441,3176,3.17,1.33,3620.17
"930","2019-03-12",280,3981,3,0,4264
"931","2019-03-13",211,4060,2.67,0.52,4273.67
"932","2019-03-14",132,3675,2,0,3809
"933","2019-03-15",228,3888,2.17,1.33,4118.17
"934","2019-03-16",116,4968,0.57,0.53,5084.57
"935","2019-03-17",218,2906,1.6,0.89,3125.6
"936","2019-03-18",511,4232,1.6,0.55,4744.6
"937","2019-03-20",440,4629,1.17,0.41,5070.17
"938","2019-03-21",265,5417,2.4,0.55,5684.4
"939","2019-03-22",269,2607,3.67,0.52,2879.67
"940","2019-03-23",555,2041,2.62,0.52,2598.62
"941","2019-03-24",437,3082,1.4,0.55,3520.4
"942","2019-03-25",489,2547,4.17,1.47,3040.17
"943","2019-03-26",604,880,4.67,0.82,1488.67
"944","2019-03-27",947,3963,1.4,0.55,4911.4
"945","2019-03-28",573,3265,2.5,0.84,3840.5
"946","2019-03-29",1218,4120,3,0.87,5341
"947","2019-03-30",722,1278,2,0.5,2002
"948","2019-03-31",886,5284,1,1.22,6171
"949","2019-04-01",802,3470,2.29,0.49,4274.29
"950","2019-04-02",1227,6203,3.29,0.76,7433.29
"951","2019-04-03",905,4881,3.7,1.77,5789.7
"952","2019-04-04",822,2776,2.56,0.88,3600.56
"953","2019-04-05",1213,4019,1.6,0.55,5233.6
"954","2019-04-06",1361,3506,1.86,0.38,4868.86
"955","2019-04-07",604,2954,1.5,0.55,3559.5
"956","2019-04-08",609,4157,1,0,4767
"957","2019-04-09",454,4125,0.67,0.82,4579.67
"958","2019-04-10",274,3594,1.6,0.55,3869.6
"959","2019-04-11",319,4718,1.67,0.52,5038.67
"960","2019-04-12",629,4230,2.14,0.9,4861.14
"961","2019-04-13",703,4605,1.2,0.84,5309.2
"962","2019-04-14",713,4668,1.83,0.41,5382.83
"963","2019-04-15",349,3361,2,1.41,3712
"964","2019-04-16",211,5160,1.67,1.15,5372.67
"965","2019-04-17",405,6277,1.5,0.58,6683.5
"966","2019-04-18",759,3825,1.33,0.58,4585.33
"967","2019-04-19",900,4221,1.33,0.52,5122.33
"968","2019-04-20",663,4055,1.67,0.52,4719.67
"969","2019-04-21",746,4168,1.6,0.89,4915.6
"970","2019-04-22",700,3501,1.29,0.49,4202.29
"971","2019-04-23",242,3018,2.33,0.58,3262.33
"972","2019-04-24",629,3226,2,0,3857
"973","2019-04-25",464,3031,1.33,0.52,3496.33
"974","2019-04-26",287,3134,0.71,0.76,3421.71
"975","2019-04-27",627,5325,0.71,0.76,5952.71
"976","2019-04-28",601,6766,2,0.82,7369
"977","2019-04-29",707,7265,1.25,0.96,7973.25
"978","2019-04-30",779,5409,2.17,1.47,6190.17
"979","2019-05-01",595,4766,2,0.76,5363
"980","2019-05-02",424,3791,1.14,0.38,4216.14
"981","2019-05-03",539,4979,1.75,0.96,5519.75
"982","2019-05-04",652,6342,1.2,1.1,6995.2
"983","2019-05-05",637,6744,0.67,0.82,7381.67
"984","2019-05-06",530,4882,1,0,5413
"985","2019-05-07",609,5515,2.33,1.03,6126.33
"986","2019-05-08",350,5118,0.62,0.92,5468.62
"987","2019-05-09",281,4941,1.2,0.84,5223.2
"988","2019-05-10",228,3909,1,0.82,4138
"989","2019-05-11",220,3112,2.75,0.5,3334.75
"990","2019-05-12",295,3733,3.25,2.06,4031.25
"991","2019-05-13",222,3542,1.67,0.58,3765.67
"992","2019-05-14",342,4756,2.25,0.96,5100.25
"993","2019-05-15",258,4952,2.33,0.58,5212.33
"994","2019-05-16",491,5733,4,0.82,6228
"995","2019-05-17",411,4908,3.25,0.96,5322.25
"996","2019-05-18",599,4692,3.8,0.84,5294.8
"997","2019-05-19",350,3522,4.43,1.27,3876.43
"998","2019-05-20",690,4998,1.56,0.53,5689.56
"999","2019-05-21",791,5676,1,0,6468
"1000","2019-05-22",664,5170,1,0,5835
"1001","2019-05-23",583,6015,1.12,0.35,6599.12
"1002","2019-05-24",777,3857,0.2,0.45,4634.2
"1003","2019-05-25",417,5784,0.5,0.58,6201.5
"1004","2019-05-26",480,5160,2.8,0.45,5642.8
"1005","2019-05-27",356,5633,3.8,1.1,5992.8
"1006","2019-05-28",458,5309,2.6,0.89,5769.6
"1007","2019-05-29",381,6018,1.75,0.5,6400.75
"1008","2019-05-30",414,5977,1.2,0.45,6392.2
"1009","2019-05-31",509,5254,1,0.71,5764
"1010","2019-06-01",344,6179,1,0,6524
"1011","2019-06-02",211,6161,1.33,0.58,6373.33
"1012","2019-06-03",267,5295,3.2,0.84,5565.2
"1013","2019-06-04",386,5651,3.8,1.79,6040.8
"1014","2019-06-05",432,5313,1.4,0.55,5746.4
"1015","2019-06-06",699,5608,1.5,0.58,6308.5
"1016","2019-06-07",515,5840,1,0,6356
"1017","2019-06-11",635,6348,2.5,0.58,6985.5
"1018","2019-06-12",938,3374,2.6,1.52,4314.6
"1019","2019-06-13",776,3217,1.83,0.75,3994.83
"1020","2019-06-14",876,4178,4.33,2.42,5058.33
"1021","2019-06-16",502,2491,4,1,2997
"1022","2019-06-17",729,3494,3.33,1.51,4226.33
"1023","2019-06-18",815,4419,3.57,1.13,5237.57
"1024","2019-06-19",865,3060,3,1.55,3928
"1025","2019-06-20",619,3611,3.75,0.96,4233.75
"1026","2019-06-21",806,3877,2,0,4685
"1027","2019-06-22",817,3712,1.82,0.4,4530.82
"1028","2019-07-07",150,4565,1.75,0.5,4716.75
"1029","2019-07-08",193,4036,1,0,4230
"1030","2019-07-15",259,4228,1.75,0.5,4488.75
"1031","2019-07-16",104,2387,2,0,2493
"1032","2019-07-17",427,2511,0.25,0.5,2938.25
"1033","2019-07-18",454,3811,3.5,0.58,4268.5
"1034","2019-07-19",610,5800,0.4,0.55,6410.4
"1035","2019-07-23",103,3075,1.5,0.71,3179.5
"1036","2019-07-24",210,4011,0.5,0.58,4221.5
"1037","2019-07-27",136,3636,1.8,0.84,3773.8
"1038","2019-07-28",196,3800,2.2,0.84,3998.2
"1039","2019-07-29",179,3606,3.33,0.58,3788.33
"1040","2019-07-30",754,4751,2.17,0.75,5507.17
"1041","2019-07-31",882,4794,1,0,5677
"1042","2019-08-01",789,3538,1.86,1.46,4328.86
"1043","2019-08-02",521,3181,1,1.1,3703
"1044","2019-08-05",529,4370,2.25,0.96,4901.25
"1045","2019-08-12",371,3642,1,0.71,4014
"1046","2019-08-13",215,3093,1,0.82,3309
"1047","2019-09-18",180,1743,1,0.82,1924
"1048","2019-09-19",106,1950,1,0,2057
"1049","2019-09-20",234,2432,1.2,0.45,2667.2
"1050","2019-09-21",199,1789,1.25,0.5,1989.25
"1051","2019-09-22",247,2292,1,0,2540
"1052","2019-09-23",186,2775,1.5,0.71,2962.5
"1053","2019-09-25",206,3025,1.75,0.5,3232.75
"1054","2019-09-26",129,2828,0.5,0.58,2957.5
"1055","2019-09-29",164,4189,1.75,0.96,4354.75
"1056","2019-09-30",84,3900,1.5,0.71,3985.5
"1057","2019-10-01",104,4385,2.25,0.5,4491.25
"1058","2019-10-02",35,3750,3,0,3788
"1059","2019-10-03",111,2713,3.67,1.53,2827.67
"1060","2019-10-04",245,3998,3.8,0.84,4246.8
"1061","2019-10-05",77,4235,2,1,4314
"1062","2019-10-06",76,3398,2,0,3476
"1063","2019-10-07",91,3322,2,1,3415
"1064","2019-10-08",97,3205,1.25,0.5,3303.25
"1065","2019-10-09",86,3100,1,0,3187
"1066","2019-10-10",157,1586,0.33,0.58,1743.33
"1067","2019-10-11",157,1962,1.33,0.58,2120.33
"1068","2019-10-12",231,1486,1.5,1,1718.5
"1069","2019-10-13",138,1654,1.67,1.15,1793.67
"1070","2019-10-14",394,937,1.86,0.9,1332.86
"1071","2019-10-15",323,71,4,0.82,398
"1072","2019-10-16",393,713,0.86,0.9,1106.86
"1073","2019-10-17",299,1257,1.83,0.98,1557.83
"1074","2019-10-18",500,1679,3,0.63,2182
"1075","2019-10-19",507,2222,2,0.63,2731
"1076","2019-10-20",441,2339,0.86,0.69,2780.86
"1077","2019-10-21",963,3252,1.12,0.35,4216.12
"1078","2019-10-22",1489,5409,1.25,0.89,6899.25
"1079","2019-10-23",1320,4675,0.57,0.79,5995.57
"1080","2019-10-24",416,1661,3.67,1.12,2080.67
"1081","2019-10-25",189,571,3,0,763
"1082","2019-10-26",178,1170,2,1.41,1350
"1083","2019-10-27",134,1320,1,0,1455
"1084","2019-10-28",161,900,1,0,1062
"1085","2019-10-29",270,1640,2,0,1912
"1086","2019-10-30",242,2472,3.25,0.5,2717.25
"1087","2019-10-31",128,1947,2.6,0.89,2077.6
"1088","2019-11-01",362,2816,2.6,0.55,3180.6
"1089","2019-11-02",215,1646,2.25,0.5,1863.25
"1090","2019-11-03",149,1302,2.75,0.46,1453.75
"1091","2019-11-04",211,2644,2.12,0.35,2857.12
"1092","2019-11-05",393,2852,2.17,1.33,3247.17
"1093","2019-11-07",1880,5594,2.27,0.9,7476.27
"1094","2019-11-08",14,649,3,0,666
"1095","2019-11-09",727,6145,2.75,0.5,6874.75
"1096","2019-11-10",693,4776,1.88,0.35,5470.88
"1097","2019-11-11",711,5344,3.33,1.15,6058.33
"1098","2019-11-12",725,4072,2.83,1.47,4799.83
"1099","2019-11-13",580,3195,1,0,3776
"1100","2019-11-14",509,4654,1.33,0.58,5164.33
"1101","2019-11-29",206,2475,2.5,0.71,2683.5
"1102","2019-12-07",975,4074,2.89,0.33,5051.89
"1103","2019-12-08",1119,3378,2.78,0.44,4499.78
"1104","2019-12-09",946,5736,2.6,0.89,6684.6
"1105","2019-12-11",542,2951,3.44,0.53,3496.44
"1106","2019-12-12",525,3753,2.2,1.1,4280.2
"1107","2019-12-14",445,4417,1.5,0.58,4863.5
"1108","2019-12-15",332,3086,3,2.1,3421
"1109","2019-12-16",369,4381,3,0,4753
"1110","2019-12-17",1249,2834,2.88,1.36,4085.88
"1111","2019-12-18",608,3242,2.5,0.58,3852.5
"1112","2019-12-19",505,3162,2,1.15,3669
"1113","2019-12-20",467,3297,2,0,3766
"1114","2019-12-21",609,4104,2.67,0.58,4715.67
"1115","2019-12-22",600,4622,2.33,0.52,5224.33
"1116","2019-12-23",570,4290,1,0,4861
"1117","2019-12-25",569,3550,1,0,4120
"1118","2019-12-26",355,3562,1,0,3918
"1119","2019-12-27",382,3728,2.6,0.55,4112.6
"1120","2019-12-29",539,3676,1.25,0.5,4216.25
"1121","2019-12-30",669,5288,2.8,0.45,5959.8
"1122","2019-12-31",368,4572,2.2,0.45,4942.2
"1123","2020-01-01",645,6387,2.8,0.84,7034.8
"1124","2020-01-03",811,6515,2.22,0.67,7328.22
"1125","2020-01-04",521,4656,3.33,1.21,5180.33
"1126","2020-01-05",701,4569,3.67,0.52,5273.67
"1127","2020-01-06",666,4334,2.86,0.69,5002.86
"1128","2020-01-07",789,4480,3,0,5272
"1129","2020-01-08",830,5738,4.33,1.37,6572.33
"1130","2020-01-09",1016,5033,3,1.41,6052
"1131","2020-01-11",623,2986,1.8,0.84,3610.8
"1132","2020-01-12",704,4570,1,0,5275
"1133","2020-01-13",855,3655,0.8,0.45,4510.8
"1134","2020-01-14",830,3652,1,0,4483
"1135","2020-01-15",676,3404,0.83,0.75,4080.83
"1136","2020-01-16",558,5347,1.33,0.58,5906.33
"1137","2020-01-17",611,5526,2.83,0.41,6139.83
"1138","2020-01-18",527,5501,4,1.15,6032
"1139","2020-01-19",507,5358,3.25,0.96,5868.25
"1140","2020-01-20",566,5261,1,0,5828
"1141","2020-01-21",677,3872,3.78,0.83,4552.78
"1142","2020-01-22",773,2755,3.17,0.98,3531.17
"1143","2020-01-23",297,3135,3,0.89,3435
"1144","2020-01-25",360,2300,2.75,0.5,2662.75
"1145","2020-02-02",650,5219,3,1.1,5872
"1146","2020-02-05",169,2903,1,0,3073
"1147","2020-02-06",241,3473,1,0,3715
"1148","2020-02-07",223,3586,1,0,3810
"1149","2020-02-08",377,2790,1,0,3168
"1150","2020-02-11",129,3225,2,0,3356
"1151","2020-02-12",362,4309,2,0.89,4673
"1152","2020-02-13",4,1378,1.4,0.55,1383.4
"1153","2020-02-14",103,1708,1,0.82,1812
"1154","2020-02-15",186,3032,3,1.73,3221
"1155","2020-02-16",131,1831,2.6,0.89,1964.6
"1156","2020-02-17",350,2354,1.33,0.52,2705.33
"1157","2020-02-18",282,3055,1.75,0.5,3338.75
"1158","2020-02-19",263,2193,1.33,1.03,2457.33
"1159","2020-02-20",426,3454,1.8,0.84,3881.8
"1160","2020-02-24",222,7350,2.67,1.15,7574.67
"1161","2020-02-26",344,3237,2.5,0.58,3583.5
"1162","2020-02-27",318,3075,0.5,0.71,3393.5
"1163","2020-02-28",198,3580,0.6,0.55,3778.6
"1164","2020-02-29",124,3782,1.17,0.75,3907.17
"1165","2020-03-01",288,3028,2.5,1,3318.5
"1166","2020-03-02",845,4672,2.29,0.76,5519.29
"1167","2020-03-03",447,3787,3,0,4237
"1168","2020-03-04",437,3838,1,0,4276
"1169","2020-03-07",252,3048,0.78,0.44,3300.78
"1170","2020-03-08",417,4666,0.33,0.58,5083.33
"1171","2020-03-09",176,3149,2.75,0.5,3327.75
"1172","2020-03-10",423,4224,1,0,4648
"1173","2020-03-11",323,3496,1.2,0.45,3820.2
"1174","2020-03-12",111,3585,1,0,3697
"1175","2020-03-13",213,3232,1.67,1.15,3446.67
"1176","2020-03-14",98,2266,1,0,2365
"1177","2020-03-15",220,3012,2,1.22,3234
"1178","2020-03-18",377,4729,1.33,0.71,5107.33
"1179","2020-03-19",992,4119,1.5,0.53,5112.5
"1180","2020-03-20",791,4252,1.75,0.46,5044.75
"1181","2020-03-23",494,1360,4.17,0.41,1858.17
"1182","2020-03-24",757,3340,3,0,4100
"1183","2020-03-25",909,3512,1.14,0.38,4422.14
"1184","2020-03-26",409,1709,3.71,1.11,2121.71
"1185","2020-03-27",856,2131,1.56,0.73,2988.56
"1186","2020-03-28",1566,4962,2,0.76,6530
"1187","2020-03-30",452,3901,1.33,1.15,4354.33
"1188","2020-04-01",1215,6388,3.33,0.82,7606.33
"1189","2020-04-03",706,4832,3.75,0.5,5541.75
"1190","2020-04-04",1043,3738,1.89,1.05,4782.89
"1191","2020-04-05",800,5061,1,0,5862
"1192","2020-04-06",799,6097,1.88,0.64,6897.88
"1193","2020-04-07",667,4760,1.43,0.98,5428.43
"1194","2020-04-08",554,3462,3,0,4019
"1195","2020-04-09",275,2819,2.38,0.74,3096.38
"1196","2020-04-10",318,2499,1.5,1,2818.5
"1197","2020-04-11",132,2517,1,1,2650
"1198","2020-05-02",680,4771,1.67,0.52,5452.67
"1199","2020-05-03",250,3090,2,0.71,3342
"1200","2020-05-04",304,4606,4,1,4914
"1201","2020-05-08",522,4293,1.71,0.49,4816.71
"1202","2020-05-09",581,5096,1,0,5678
"1203","2020-05-11",619,4289,1.75,1.04,4909.75
"1204","2020-05-12",664,2946,2,0,3612
"1205","2020-05-13",1356,4866,3,0,6225
"1206","2020-05-14",560,4452,1.5,1,5013.5
"1207","2020-05-15",713,3423,2.75,1.04,4138.75
"1208","2020-05-16",890,5765,1.14,0.38,6656.14
"1209","2020-05-17",946,5400,1,0,6347
"1210","2020-05-18",874,5369,2,0.82,6245
"1211","2020-05-19",203,2365,2.4,0.55,2570.4
"1212","2020-05-20",474,4145,1.33,0.52,4620.33
"1213","2020-05-21",559,5454,1.25,0.5,6014.25
"1214","2020-05-22",497,4881,1,0,5379
"1215","2020-05-23",64,2986,2.75,0.96,3052.75
"1216","2020-05-24",86,3300,1.5,0.71,3387.5
"1217","2020-05-25",102,3321,1.25,0.5,3424.25
"1218","2020-05-26",97,3111,1.67,0.58,3209.67
"1219","2020-06-26",159,3739,1,0,3899
"1220","2020-07-04",172,4482,3.25,0.5,4657.25
"1221","2020-07-05",204,4549,1.75,0.96,4754.75
"1222","2020-07-06",117,4878,1.33,0.58,4996.33
"1223","2020-07-08",93,4950,5,1.41,5048
"1224","2020-07-09",189,3975,4.5,0.71,4168.5
"1225","2020-07-10",456,5075,3,0.82,5534
"1226","2020-08-13",274,3046,3,0,3323
"1227","2020-08-14",218,912,2.25,0.96,1132.25
"1228","2020-08-15",93,1361,2.5,0.58,1456.5
"1229","2020-08-16",203,2339,1.4,1.14,2543.4
"1230","2020-08-17",350,3605,1.56,0.88,3956.56
"1231","2020-08-18",268,2882,1.43,0.53,3151.43
"1232","2020-08-19",205,4035,1.67,0.58,4241.67
"1233","2020-08-20",167,3296,1.75,0.96,3464.75
"1234","2020-08-21",157,1932,2,1.15,2091
"1235","2020-08-22",130,3162,3.67,0.58,3295.67
"1236","2020-08-24",175,3030,3.25,0.96,3208.25
"1237","2020-08-25",86,3394,2,0,3482
"1238","2020-08-26",148,2766,3.25,0.5,2917.25
"1239","2020-08-27",126,2371,3,0,2500
"1240","2020-08-28",69,4047,1.33,0.58,4117.33
"1241","2020-08-29",119,4361,2.83,0.41,4482.83
"1242","2020-08-30",662,2503,1.85,0.69,3166.85
"1243","2020-08-31",639,3088,1.78,0.97,3728.78
"1244","2020-09-02",183,2005,1,0,2189
"1245","2020-09-03",128,2150,1.5,0.58,2279.5
"1246","2020-09-05",382,2704,2.4,0.89,3088.4
"1247","2020-09-06",257,967,3,1,1227
"1248","2020-09-07",141,1375,2.75,1.26,1518.75
"1249","2020-09-08",63,2175,2.5,0.71,2240.5
"1250","2020-09-10",106,1890,0.67,0.58,1996.67
"1251","2020-09-11",240,2426,0.6,0.55,2666.6
"1252","2020-09-12",157,1679,0.8,0.45,1836.8
"1253","2020-09-13",380,1797,1.86,1.21,2178.86
"1254","2020-09-14",185,2088,2,0,2275
"1255","2020-09-15",130,2019,4,0,2153
"1256","2020-09-17",165,3104,1.25,0.5,3270.25
"1257","2020-09-18",116,3014,1.25,0.5,3131.25
"1258","2020-09-19",207,2350,2.25,0.5,2559.25
"1259","2020-09-20",251,2370,3,0,2624
"1260","2020-09-21",197,3001,2.75,0.5,3200.75
"1261","2020-09-22",160,2920,1.8,0.84,3081.8
"1262","2020-09-23",194,2375,1,0,2570
"1263","2020-09-24",338,1800,2.2,0.45,2140.2
"1264","2020-09-25",121,1404,2,0,1527
"1265","2020-09-26",187,2317,2.25,0.5,2506.25
"1266","2020-09-27",521,2950,2.33,0.52,3473.33
"1267","2020-09-28",728,3381,2.67,0.52,4111.67
"1268","2020-09-29",396,3524,0.33,0.52,3920.33
"1269","2020-09-30",288,2396,3.17,0.41,2687.17
"1270","2020-10-01",115,1715,1.75,0.96,1831.75
"1271","2020-10-02",152,3298,2.5,0.58,3452.5
"1272","2020-10-03",590,3451,1.67,0.58,4042.67
"1273","2020-10-04",390,3980,1,0,4371
"1274","2020-10-05",251,144,2.25,0.89,397.25
"1275","2020-10-06",432,504,4.57,0.53,940.57
"1276","2020-10-07",348,1122,3.33,0.82,1473.33
"1277","2020-10-08",172,1104,0.5,0.58,1276.5
"1278","2020-10-09",243,1581,2.17,0.41,1826.17
"1279","2020-10-10",220,1925,1,1,2146
"1280","2020-10-12",59,1980,3.25,0.5,2042.25
"1281","2020-10-13",147,1080,2.75,0.96,1229.75
"1282","2020-10-14",237,1570,2.17,0.75,1809.17
"1283","2020-10-15",69,1379,1.5,0.58,1449.5
"1284","2020-10-16",223,1063,2.6,0.55,1288.6
"1285","2020-10-17",314,1538,3.33,0.52,1855.33
"1286","2020-10-19",177,2028,2.25,0.96,2207.25
"1287","2020-10-21",239,1962,4,0,2205
"1288","2020-10-22",711,417,3.25,1.39,1131.25
"1289","2020-10-23",547,654,3,0.71,1204
"1290","2020-10-24",93,1297,1.8,1.3,1391.8
"1291","2020-10-25",260,1746,2.25,0.96,2008.25
"1292","2020-10-26",250,2425,0.8,0.84,2675.8
"1293","2020-10-27",243,2749,0.4,0.55,2992.4
"1294","2020-10-28",156,2422,2.5,1,2580.5
"1295","2020-10-31",145,2675,1,0,2821
"1296","2020-11-03",229,2723,2.5,0.84,2954.5
"1297","2020-11-04",367,3227,0.5,0.58,3594.5
"1298","2020-11-07",283,1606,2.83,0.41,1891.83
"1299","2020-11-08",210,1088,2.17,0.75,1300.17
"1300","2020-11-09",241,1275,1.6,0.55,1517.6
"1301","2020-11-10",23,2330,1,0,2354
"1302","2020-11-11",40,2436,0.4,0.55,2476.4
"1303","2020-11-12",57,2293,1,0,2351
"1304","2020-11-13",75,2219,1,0,2295
"1305","2020-11-29",859,2215,1.86,0.38,3075.86
"1306","2020-11-30",595,1564,2.11,1.05,2161.11
